Patel Brothers Opp Sai Baba Mandir Kandivali East,0.88 KM,4.1,7 Votes,"Shop No 03 New Shopping Center, Thakur Village, Kandivali East, Mumbai - 400101, Opp Sai Baba Mandir",https://www.justdial.com/Mumbai/Patel-Brothers-Opp-Sai-Baba-Mandir-Kandivali-East/022PXX22-XX22-120731103014-A2V6_BZDET?xid=TXVtYmFpIEdlbmVyYWwgU3RvcmVzIEthbmRpdmFsaSBFYXN0,Kandivali east

Balaji General Stores Near Dream Park Kandivali East,0.9 KM,3.8,5 Votes,"Shop No.6,EMP 61,SUN BUILDING, Thakur Village Road, Kandivali East, Mumbai - 400101, Near Dream Park",https://www.justdial.com/Mumbai/Balaji-General-Stores-Near-Dream-Park-Kandivali-East/022PXX22-XX22-120720021749-G1U2_BZDET?xid=TXVtYmFpIEdlbmVyYWwgU3RvcmVzIEthbmRpdmFsaSBFYXN0,Kandivali east

Shilpa Chemist Near N G Suncity Thakur Village Kandivali East,1.39 KM,3.9,31 Votes,"Shop Number 24. D Wing N. G. Suncity Phase 1, Thakur Village-Kandivali East, Mumbai - 400101, Near N. G. Suncity",https://www.justdial.com/Mumbai/Shilpa-Chemist-Near-N-G-Suncity-Thakur-Village-Kandivali-East/022PXX22-XX22-120403013035-M7J7_BZDET?xid=TXVtYmFpIEdlbmVyYWwgU3RvcmVzIEthbmRpdmFsaSBFYXN0,Kandivali east

Rumit General Stores Sahkar Gram Behind Esis Hospital Ashok Nagar kandivali East,1.61 KM,4.3,15 Votes,"Shop No 07, Sabarmati Apartment, Ashok Nagar-kandivali East, Mumbai - 400101, Sahkar Gram, Behind Esis Hospital",https://www.justdial.com/Mumbai/Rumit-General-Stores-Sahkar-Gram-Behind-Esis-Hospital-Ashok-Nagar-kandivali-East/022PXX22-XX22-120928012433-U2D7_BZDET?xid=TXVtYmFpIEdlbmVyYWwgU3RvcmVzIEthbmRpdmFsaSBFYXN0,Kandivali east

Shree Ashapura Super Market Near Lokhandwala Circle Kandivali East,1.74 KM,3.7,11 Votes,"Shop No 5, Raj Tower, Kandivali East, Mumbai - 400101, Near Lokhandwala Circle",https://www.justdial.com/Mumbai/Shree-Ashapura-Super-Market-Near-Lokhandwala-Circle-Kandivali-East/022PXX22-XX22-140223104251-F9T3_BZDET?xid=TXVtYmFpIEdlbmVyYWwgU3RvcmVzIEthbmRpdmFsaSBFYXN0,Kandivali east

New Ramdev General Stores Near Cambridge School Thakur Complex kandivali East,0.27 KM,4.3,7 Votes,"Shop No 13, Gokul Accord, Western Express Highway, Thakur Complex-kandivali East, Mumbai - 400101, Near Cambridge School",https://www.justdial.com/Mumbai/New-Ramdev-General-Stores-Near-Cambridge-School-Thakur-Complex-kandivali-East/022P2400780_BZDET?xid=TXVtYmFpIEdlbmVyYWwgU3RvcmVzIEthbmRpdmFsaSBFYXN0,Kandivali east

Krishna Provision Stores Opposite Surbhi Hotel Thakur Complex kandivali East,0.39 KM,3.6,6 Votes,"Vasant Samruti Building, Shop No 24, 90 Feet Road, Thakur Complex-kandivali East, Mumbai - 400101, Opposite Surbhi Hotel",https://www.justdial.com/Mumbai/Krishna-Provision-Stores-Opposite-Surbhi-Hotel-Thakur-Complex-kandivali-East/022P1918709_BZDET?xid=TXVtYmFpIEdlbmVyYWwgU3RvcmVzIEthbmRpdmFsaSBFYXN0,Kandivali east

Murlidhar Stores Near Dattani Park Kandivali East,0.47 KM,4.5,11 Votes,"Shop No 8, Kanchan Ganga Biulding,, Western Eastern Highway, Kandivali East, Mumbai - 400101, Near Dattani Park",https://www.justdial.com/Mumbai/Murlidhar-Stores-Near-Dattani-Park-Kandivali-East/022PXX22-XX22-171101213517-I6J4_BZDET?xid=TXVtYmFpIEdlbmVyYWwgU3RvcmVzIEthbmRpdmFsaSBFYXN0,Kandivali east

Pawan Super Shopee Sector 2 Kandivali West,1.92 KM,4.1,29 Votes,"Shop No 2/3/4, Rukmini Building, Plot No 36, Kandivali West, Mumbai - 400067, Sector 2",https://www.justdial.com/Mumbai/Pawan-Super-Shopee-Sector-2-Kandivali-West/022PXX22-XX22-160229081100-H5T4_BZDET?xid=TXVtYmFpIEdlbmVyYWwgU3RvcmVzIEthbmRpdmFsaSBXZXN0,Kandivali west

Noble Super Market Off New Link Road Kandivali West,0.43 KM,4.0,17 Votes,"Shop No 9, Orchid Suburban Ptc Building, Bunder Pakhadi Road, Kandivali West, Mumbai - 400067, Off New Link Road",https://www.justdial.com/Mumbai/Noble-Super-Market-Off-New-Link-Road-Kandivali-West/022PXX22-XX22-160610083025-N8Z5_BZDET?xid=TXVtYmFpIEdlbmVyYWwgU3RvcmVzIEthbmRpdmFsaSBXZXN0,Kandivali west

New Meghdhanush Medical General Store Opposite Humlog Society Kandivali West,0.98 KM,4.3,195 Votes,"Shop No 19 & 20,Kamal Apartment,Neelambuj,, Shankar Lane, Kandivali West, Mumbai - 400067, Opposite Humlog Society,",https://www.justdial.com/Mumbai/New-Meghdhanush-Medical-General-Store-Opposite-Humlog-Society-Kandivali-West/022PXX22-XX22-110918224455-H3N3_BZDET?xid=TXVtYmFpIEdlbmVyYWwgU3RvcmVzIEthbmRpdmFsaSBXZXN0,Kandivali west

All India Medical General Services Dahanukar Wadi Kandivali West,0.21 KM,4.0,35 Votes,"Shop 4/5, Ground Floor, Dattatray Apartment, M G Road, Kandivali West, Mumbai - 400067, Dahanukar Wadi",https://www.justdial.com/Mumbai/All-India-Medical-General-Services-Dahanukar-Wadi-Kandivali-West/022PXX22-XX22-130214122124-G6E7_BZDET?xid=TXVtYmFpIEdlbmVyYWwgU3RvcmVzIEthbmRpdmFsaSBXZXN0,Kandivali west

J D Brothers Kandivali West,1.41 KM,4.0,49 Votes,"Shop 1, Shiv Plaza, Station Road, Kandivali West, Mumbai - 400067",https://www.justdial.com/Mumbai/J-D-Brothers-Kandivali-West/022PK030712_BZDET?xid=TXVtYmFpIEdlbmVyYWwgU3RvcmVzIEthbmRpdmFsaSBXZXN0,Kandivali west

Jeevan Jyoti Medical Stores Near Dr Mina Rane Charkop Sector 1 Kandivali West,1.69 KM,4.1,155 Votes,"Shop No 2, Priya Darshani Co Operative Housing Society, Plot 111, Kandivali West, Mumbai - 400067, Near Dr Mina Rane, Charkop, Sector 1",https://www.justdial.com/Mumbai/Jeevan-Jyoti-Medical-Stores-Near-Dr-Mina-Rane-Charkop-Sector-1-Kandivali-West/022P1232728247E6Q9M3_BZDET?xid=TXVtYmFpIEdlbmVyYWwgU3RvcmVzIEthbmRpdmFsaSBXZXN0,Kandivali west

Poornima Medical General Store Near Nirmal collage Kandivali West,0.36 KM,4.3,30 Votes,"Shop No B 1, Samrudhi Shopping Centre, M G Road, Kandivali West, Mumbai - 400067, Near Nirmal collage",https://www.justdial.com/Mumbai/Poornima-Medical-General-Store-Near-Nirmal-collage-Kandivali-West/022P1233745913D6W5A4_BZDET?xid=TXVtYmFpIEdlbmVyYWwgU3RvcmVzIEthbmRpdmFsaSBXZXN0,Kandivali west

Anand Mangal Medical and General Store M G Cross Road No 4 Kandivali West,0.67 KM,4.0,46 Votes,"Shop No. A/5 Neelyog Apt., Patel Nagar, Kandivali West, Mumbai - 400067, M. G. Cross Road No. 4",https://www.justdial.com/Mumbai/Anand-Mangal-Medical-and-General-Store-M-G-Cross-Road-No-4-Kandivali-West/022PXX22-XX22-110918225718-A3L5_BZDET?xid=TXVtYmFpIEdlbmVyYWwgU3RvcmVzIEthbmRpdmFsaSBXZXN0,Kandivali west

Lalit General Stores Dhanukar Wadi Kandivali West,0.28 KM,3.6,48 Votes,"1-2, Bobby Shopping Complex, Mg Road, Kandivali West, Mumbai - 400067, Dhanukar Wadi",https://www.justdial.com/Mumbai/Lalit-General-Stores-Dhanukar-Wadi-Kandivali-West/022PXX22-XX22-100523150858-L7T1_BZDET?xid=TXVtYmFpIEdlbmVyYWwgU3RvcmVzIEthbmRpdmFsaSBXZXN0,Kandivali west

Vipul General Stores Dahanukar Wadi Near 5 Star Dairy Kandivali West,0.63 KM,3.8,10 Votes,"9, Bobby Shopping Centre, M G Road, Kandivali West, Mumbai - 400067, Dahanukar Wadi, Near 5 Star Dairy",https://www.justdial.com/Mumbai/Vipul-General-Stores-Dahanukar-Wadi-Near-5-Star-Dairy-Kandivali-West/022P1917532_BZDET?xid=TXVtYmFpIEdlbmVyYWwgU3RvcmVzIEthbmRpdmFsaSBXZXN0,Kandivali west

Bhavesh Chemist And General Stores Iraniwadi Opposite Asian Bakery Stores Kandivali West,0.73 KM,4.3,112 Votes,"Shop No 261/1-2, Shantilal Modi Road, Kandivali West, Mumbai - 400067, Iraniwadi, Opposite Asian Bakery Stores",https://www.justdial.com/Mumbai/Bhavesh-Chemist-And-General-Stores-Iraniwadi-Opposite-Asian-Bakery-Stores-Kandivali-West/022P5534636_BZDET?xid=TXVtYmFpIEdlbmVyYWwgU3RvcmVzIEthbmRpdmFsaSBXZXN0,Kandivali west

Parivar Stores Dahanukar Wadi Mahavir Nagar kandivali West,0.71 KM,4.3,21 Votes,"Shop No 5, Mahavir Darshan, Mahavir Nagar-kandivali West, Mumbai - 400067, Dahanukar Wadi",https://www.justdial.com/Mumbai/Parivar-Stores-Dahanukar-Wadi-Mahavir-Nagar-kandivali-West/022P1212413342M6F7E4_BZDET?xid=TXVtYmFpIEdlbmVyYWwgU3RvcmVzIEthbmRpdmFsaSBXZXN0,Kandivali west

Arogya Chemist General Store Opposite Gaurav Heights Mahavir Nagar kandivali West,0.86 KM,4.3,35 Votes,"Shop No 36/356 Mhb Colony, New Link Road, Mahavir Nagar-kandivali West, Mumbai - 400067, Opposite Gaurav Heights",https://www.justdial.com/Mumbai/Arogya-Chemist-General-Store-Opposite-Gaurav-Heights-Mahavir-Nagar-kandivali-West/022PXX22-XX22-140103160449-P1N7_BZDET?xid=TXVtYmFpIEdlbmVyYWwgU3RvcmVzIEthbmRpdmFsaSBXZXN0,Kandivali west

Balkrishna Medical And General Stores Near Atul Tower Kandivali West,0.36 KM,4.6,7 Votes,"Shop No. 05, Vasant Bhagirathi Building, Mathuradas Extn. Road, Kandivali West, Mumbai - 400067, Near Atul Tower",https://www.justdial.com/Mumbai/Balkrishna-Medical-And-General-Stores-Near-Atul-Tower-Kandivali-West/022P1233067705X9I2Y4_BZDET?xid=TXVtYmFpIEdlbmVyYWwgU3RvcmVzIEthbmRpdmFsaSBXZXN0,Kandivali west

Rajesh General Stores Opposite Bhagvati Pav Bhaji Kandivali west,0.64 KM,3.9,11 Votes,"Shop No-1, Bhawani House, kandivali west, Mumbai - 400067, Opposite Bhagvati Pav Bhaji,",https://www.justdial.com/Mumbai/Rajesh-General-Stores-Opposite-Bhagvati-Pav-Bhaji-Kandivali-west/022P5504972_BZDET?xid=TXVtYmFpIEdlbmVyYWwgU3RvcmVzIEthbmRpdmFsaSBXZXN0,Kandivali west

Shrinath Medical General Store Opposite HDFC Bank Kandivali West,0.67 KM,4.3,18 Votes,"Shop No 41, Panchsheel Garden, Mahavir Nagar Road, Kandivali West, Mumbai - 400067, Opposite HDFC Bank",https://www.justdial.com/Mumbai/Shrinath-Medical-General-Store-Opposite-HDFC-Bank-Kandivali-West/022P1233175782R8N9L9_BZDET?xid=TXVtYmFpIEdlbmVyYWwgU3RvcmVzIEthbmRpdmFsaSBXZXN0,Kandivali west

Raj Medical General Store Near Ekta Nagar Bus Stop Opposite Dhwani Building Kandivali West,1.09 KM,4.0,15 Votes,"Shop No Rwg 193, Old Link Road, Kandivali West, Mumbai - 400067, Near Ekta Nagar Bus Stop, Opposite Dhwani Building",https://www.justdial.com/Mumbai/Raj-Medical-General-Store-Near-Ekta-Nagar-Bus-Stop-Opposite-Dhwani-Building-Kandivali-West/022PXX22-XX22-140704110737-N2S4_BZDET?xid=TXVtYmFpIEdlbmVyYWwgU3RvcmVzIEthbmRpdmFsaSBXZXN0,Kandivali west

Hasmukh Medical General Stores Near Sector No 05 Kandivali West,1.49 KM,4.0,24 Votes,"Shop No. 03 Amruta Co Operative Housing Society, Plot No 24, Charkop,, Kandivali West, Mumbai - 400067, Near Sector No. 05",https://www.justdial.com/Mumbai/Hasmukh-Medical-General-Stores-Near-Sector-No-05-Kandivali-West/022P1074270_BZDET?xid=TXVtYmFpIEdlbmVyYWwgU3RvcmVzIEthbmRpdmFsaSBXZXN0,Kandivali west

Rekha Provision General Store Sector No 5 Charkop Market Kandivali West,1.73 KM,4.1,44 Votes,"Shop No 1/2, Plot No 222, Megha Building, Kandivali West, Mumbai - 400067, Sector No 5, Charkop Market",https://www.justdial.com/Mumbai/Rekha-Provision-General-Store-Sector-No-5-Charkop-Market-Kandivali-West/022PF010031_BZDET?xid=TXVtYmFpIEdlbmVyYWwgU3RvcmVzIEthbmRpdmFsaSBXZXN0,Kandivali west

Om Sai Medical And General Store Near Panchsheel Opposite Pizza Hut and Dmart Mall Mahavir Nagar kandivali West,0.94 KM,4.0,67 Votes,"Shop No 13-B, Raj Arcade, Bhorsapada Road, Mahavir Nagar-kandivali West, Mumbai - 400067, Near Panchsheel, Opposite Pizza Hut and Dmart Mall",https://www.justdial.com/Mumbai/Om-Sai-Medical-And-General-Store-Near-Panchsheel-Opposite-Pizza-Hut-and-Dmart-Mall-Mahavir-Nagar-kandivali-West/022PK026696_BZDET?xid=TXVtYmFpIEdlbmVyYWwgU3RvcmVzIEthbmRpdmFsaSBXZXN0,Kandivali west

Royal Trader Opposite Atul Tower Kandivali West,0.27 KM,4.3,7 Votes,"Shop No- 16, Shanti Apartments, Mathuradas Extension Road, Kandivali West, Mumbai - 400067, Opposite Atul Tower",https://www.justdial.com/Mumbai/Royal-Trader-Opposite-Atul-Tower-Kandivali-West/022PXX22-XX22-121027160145-B6F9_BZDET?xid=TXVtYmFpIEdlbmVyYWwgU3RvcmVzIEthbmRpdmFsaSBXZXN0,Kandivali west

Alpa General Store Data Mandir cross Road Kandivali West,0.53 KM,4.1,12 Votes,"Plot no-75,shop no.1, Om Shree Ganesh co-op housing society,, Kandivali West, Mumbai - 400067, Data Mandir cross Road,",https://www.justdial.com/Mumbai/Alpa-General-Store-Data-Mandir-cross-Road-Kandivali-West/022PXX22-XX22-140110160324-F2W4_BZDET?xid=TXVtYmFpIEdlbmVyYWwgU3RvcmVzIEthbmRpdmFsaSBXZXN0,Kandivali west

New Haria Provision Stores Nr Sunny Hotel Kandivali West,0.75 KM,4.4,10 Votes,"Shop No 1 & 2, Manek Nagar Cooperative Housing Society, M G Road, Cross Road No 4, Kandivali West, Mumbai - 400067, Nr Sunny Hotel",https://www.justdial.com/Mumbai/New-Haria-Provision-Stores-Nr-Sunny-Hotel-Kandivali-West/022PXX22-XX22-120619040541-U1X1_BZDET?xid=TXVtYmFpIEdlbmVyYWwgU3RvcmVzIEthbmRpdmFsaSBXZXN0,Kandivali west

Paarth Chemist General Stores Behind Swaminarayan Temple Near Turakhia Park Kandivali West,0.79 KM,4.8,5 Votes,"Shop No.10, Kalyan Apt, M G Road, Kandivali West, Mumbai - 400067, Behind Swaminarayan Temple, Near Turakhia Park",https://www.justdial.com/Mumbai/Paarth-Chemist-General-Stores-Behind-Swaminarayan-Temple-Near-Turakhia-Park-Kandivali-West/022P1233065570E6P2V1_BZDET?xid=TXVtYmFpIEdlbmVyYWwgU3RvcmVzIEthbmRpdmFsaSBXZXN0,Kandivali west

Laxmi Medical And General Store Ganesh Nagar Kandivali West,0.96 KM,4.0,8 Votes,"Shop No 6, Dhavani Co Operative Housing Society, Off Old Link Road, Kandivali West, Mumbai - 400067, Ganesh Nagar",https://www.justdial.com/Mumbai/Laxmi-Medical-And-General-Store-Ganesh-Nagar-Kandivali-West/022P1232731556B2F8L8_BZDET?xid=TXVtYmFpIEdlbmVyYWwgU3RvcmVzIEthbmRpdmFsaSBXZXN0,Kandivali west

Shri Shakti Traders Charkop Kandivali West,1.36 KM,3.8,16 Votes,"Shop No 2, Jupiter Building, Plot No 137, Sector 6, Kandivali West, Mumbai - 400067, Charkop",https://www.justdial.com/Mumbai/Shri-Shakti-Traders-Charkop-Kandivali-West/022P5525739_BZDET?xid=TXVtYmFpIEdlbmVyYWwgU3RvcmVzIEthbmRpdmFsaSBXZXN0,Kandivali west

Sahakar Society Opposite Sri Krishna Building Kandivali West,1.54 KM,4.3,91 Votes,"Shop No 8, Shiv Sagar Building, Charkop, Kandivali West, Mumbai - 400067, Opposite Sri Krishna Building",https://www.justdial.com/Mumbai/Sahakar-Society-Opposite-Sri-Krishna-Building-Kandivali-West/022P5425538_BZDET?xid=TXVtYmFpIEdlbmVyYWwgU3RvcmVzIEthbmRpdmFsaSBXZXN0,Kandivali west

Mickeys Ice Cream Parlour Anand Nagar Kandivali West,0.32 KM,4.1,29 Votes,"Shop No 4, Anand Smruti, Mathuradas Road, Kandivali West, Mumbai - 400067, Anand Nagar",https://www.justdial.com/Mumbai/Mickeys-Ice-Cream-Parlour-Anand-Nagar-Kandivali-West/022P1233071206J1R9J8_BZDET?xid=TXVtYmFpIEdlbmVyYWwgU3RvcmVzIEthbmRpdmFsaSBXZXN0,Kandivali west

Nobal Medical and General Store Near Axis Bank Kandivali West,0.91 KM,4.0,21 Votes,"Shop No 1, Veena Sargam, Mahavir Nagar, Kandivali West, Mumbai - 400067, Near Axis Bank",https://www.justdial.com/Mumbai/Nobal-Medical-and-General-Store-Near-Axis-Bank-Kandivali-West/022PXX22-XX22-150702172029-W9A1_BZDET?xid=TXVtYmFpIEdlbmVyYWwgU3RvcmVzIEthbmRpdmFsaSBXZXN0,Kandivali west

Laxmi Dal Mill Opposite Sunrays Mall Kandivali West,1.51 KM,3.7,25 Votes,"Yashodhan Building,Shop No 2, Plot No 241, Sector 3,Charkop, Kandivali West, Mumbai - 400067, Opposite Sunrays Mall",https://www.justdial.com/Mumbai/Laxmi-Dal-Mill-Opposite-Sunrays-Mall-Kandivali-West/022P8019281_BZDET?xid=TXVtYmFpIEdlbmVyYWwgU3RvcmVzIEthbmRpdmFsaSBXZXN0,Kandivali west

Mahakali Medical General Store Near Sai Baba Mandir Ekta Nagar Mahavir Nagar Extension Kandivali West,0.89 KM,3.9,8 Votes,"Shop No 12, Blue Ocean Building, Kandivali West, Mumbai - 400067, Near Sai Baba Mandir, Ekta Nagar, Mahavir Nagar Extension",https://www.justdial.com/Mumbai/Mahakali-Medical-General-Store-Near-Sai-Baba-Mandir-Ekta-Nagar-Mahavir-Nagar-Extension-Kandivali-West/022PXX22-XX22-100303164312-D4I1_BZDET?xid=TXVtYmFpIEdlbmVyYWwgU3RvcmVzIEthbmRpdmFsaSBXZXN0,Kandivali west

Panchvati Provision Store Near Fire Brigade Kandivali West,1.29 KM,4.2,6 Votes,"Shop No. 3 Panchwati Bldg, S. V. Road, Kandivali West, Mumbai - 400067, Near Fire Brigade",https://www.justdial.com/Mumbai/Panchvati-Provision-Store-Near-Fire-Brigade-Kandivali-West/022P8903050_BZDET?xid=TXVtYmFpIEdlbmVyYWwgU3RvcmVzIEthbmRpdmFsaSBXZXN0,Kandivali west

Garden Stationery General Stores Near Goras Wadi Kandivali West,1.35 KM,4.7,7 Votes,"Gurucharan Niwas, Kandivali West, Mumbai - 400067, Near Goras Wadi",https://www.justdial.com/Mumbai/Garden-Stationery-General-Stores-Near-Goras-Wadi-Kandivali-West/022PXX22-XX22-150529115101-U9B5_BZDET?xid=TXVtYmFpIEdlbmVyYWwgU3RvcmVzIEthbmRpdmFsaSBXZXN0,Kandivali west

Bharat Medical General Stores Near Railway Crossing Kandivali West,1.45 KM,4.4,43 Votes,"Station Road, Kandivali West, Mumbai - 400067, Near Railway Crossing",https://www.justdial.com/Mumbai/Bharat-Medical-General-Stores-Near-Railway-Crossing-Kandivali-West/022PGL01191_BZDET?xid=TXVtYmFpIEdlbmVyYWwgU3RvcmVzIEthbmRpdmFsaSBXZXN0,Kandivali west

Sonam Stores Charkop Gaon Kandivali West,1.81 KM,3.8,21 Votes,"Shop No 3, Sejal Apt, M G Road, Kandivali West, Mumbai - 400067, Charkop Gaon",https://www.justdial.com/Mumbai/Sonam-Stores-Charkop-Gaon-Kandivali-West/022PXX22-XX22-121115120500-L9K1_BZDET?xid=TXVtYmFpIEdlbmVyYWwgU3RvcmVzIEthbmRpdmFsaSBXZXN0,Kandivali west

Sagar General Store Near ICICI BANK ATM Kandivali West,1.87 KM,4.3,8 Votes,"Shop No. 2 Suraj Apt., Plot No. 397,398, Charkop Village, Kandivali West, Mumbai - 400067, Near ICICI BANK ATM",https://www.justdial.com/Mumbai/Sagar-General-Store-Near-ICICI-BANK-ATM-Kandivali-West/022P2400366_BZDET?xid=TXVtYmFpIEdlbmVyYWwgU3RvcmVzIEthbmRpdmFsaSBXZXN0,Kandivali west

Vinayak General Stores Opp Church Kanjurmarg East,1.13 KM,4.1,12 Votes,"Shop No. 1, Main Market, Kanjur Village Marg, Kanjurmarg East, Mumbai - 400042, Opp. Church",https://www.justdial.com/Mumbai/Vinayak-General-Stores-Opp-Church-Kanjurmarg-East/022PXX22-XX22-000188437836-G6R4_BZDET?xid=TXVtYmFpIEdlbmVyYWwgU3RvcmVzIEthbmp1cm1hcmc=,Kanjurmarg

Metro Electric Hardware Mart Near Kanjur Village Nehru Nagar Kanjurmarg East,0.53 KM,3.9,8 Votes,"Shop No 3, Fatima Mansion, Station Road, Kanjurmarg East, Mumbai - 400042, Near Kanjur Village, Nehru Nagar",https://www.justdial.com/Mumbai/Metro-Electric-Hardware-Mart-Near-Kanjur-Village-Nehru-Nagar-Kanjurmarg-East/022PXX22-XX22-000805392415-W4M2_BZDET?xid=TXVtYmFpIEdlbmVyYWwgU3RvcmVzIEthbmp1cm1hcmc=,Kanjurmarg

Vidhit Medical General Stores Kanjurmarg East,0.61 KM,4.3,5 Votes,"Shop No 1, Kalpataru Building, Village Rd, Kanjurmarg East, Mumbai - 400042",https://www.justdial.com/Mumbai/Vidhit-Medical-General-Stores-Kanjurmarg-East/022P1238092161W4N9R8_BZDET?xid=TXVtYmFpIEdlbmVyYWwgU3RvcmVzIEthbmp1cm1hcmc=,Kanjurmarg

Ankur Medical General Stores Kanjurmarg East,0.73 KM,4.0,14 Votes,"10, God Colony, Annabhau Godbole Road, Kanjurmarg East, Mumbai - 400042",https://www.justdial.com/Mumbai/Ankur-Medical-General-Stores-Kanjurmarg-East/022P1228499574C5U1G5_BZDET?xid=TXVtYmFpIEdlbmVyYWwgU3RvcmVzIEthbmp1cm1hcmc=,Kanjurmarg

Janata Medical General Store Opposite Nch Colony Kanjurmarg West,0.38 KM,4.1,25 Votes,"Shop No 1, L B S Road, Kanjurmarg West, Mumbai - 400078, Opposite Nch Colony",https://www.justdial.com/Mumbai/Janata-Medical-General-Store-Opposite-Nch-Colony-Kanjurmarg-West/022PXX22-XX22-120307040409-P4Y5_BZDET?xid=TXVtYmFpIEdlbmVyYWwgU3RvcmVzIEthbmp1cm1hcmc=,Kanjurmarg

Raj Tobacco General Stores Kanjurmarg West,0.28 KM,3.7,5 Votes,"Shop No 3, Station Road, Kanjurmarg West, Mumbai - 400078",https://www.justdial.com/Mumbai/Raj-Tobacco-General-Stores-Kanjurmarg-West/022P1219041296Q2Y7U6_BZDET?xid=TXVtYmFpIEdlbmVyYWwgU3RvcmVzIEthbmp1cm1hcmc=,Kanjurmarg

Jai Jalaram General Store Nehru Nagar Kanjurmarg East,0.6 KM,4.3,7 Votes,"Shop No 2, Kalab Hussain Chawl, Kanjurmarg East, Mumbai - 400042, Nehru Nagar",https://www.justdial.com/Mumbai/Jai-Jalaram-General-Store-Nehru-Nagar-Kanjurmarg-East/022P1206370724P3U2V3_BZDET?xid=TXVtYmFpIEdlbmVyYWwgU3RvcmVzIEthbmp1cm1hcmc=,Kanjurmarg

Lalan Medical General Stores Main Market Kanjurmarg East,1.02 KM,3.8,6 Votes,"Shop No. 7, Shankar Rajaram Valvi Chawl, Kanjur Village Marg, Kanjurmarg East, Mumbai - 400042, Main Market",https://www.justdial.com/Mumbai/Lalan-Medical-General-Stores-Main-Market-Kanjurmarg-East/022P1226702816I9E9G2_BZDET?xid=TXVtYmFpIEdlbmVyYWwgU3RvcmVzIEthbmp1cm1hcmc=,Kanjurmarg

Bhawani Medical General Stores Opp Aniket Hospital Kanjurmarg East,0.6 KM,3.7,19 Votes,"Shop No 4, Thakkar Estate Chawl, Kanjurmarg East, Mumbai - 400042, Opp Aniket Hospital",https://www.justdial.com/Mumbai/Bhawani-Medical-General-Stores-Opp-Aniket-Hospital-Kanjurmarg-East/022P1219834915J3K2P7_BZDET?xid=TXVtYmFpIEdlbmVyYWwgU3RvcmVzIEthbmp1cm1hcmc=,Kanjurmarg

Nagarik Stores Kanjurmarg East,1.03 KM,3.9,44 Votes,"Shop No.7, Sebastian D'souza Chawl, Kanjur Village Road, Kanjurmarg East, Mumbai - 400042",https://www.justdial.com/Mumbai/Nagarik-Stores-Kanjurmarg-East/022PK053062_BZDET?xid=TXVtYmFpIEdlbmVyYWwgU3RvcmVzIEthbmp1cm1hcmc=,Kanjurmarg

Paras General store Opposite Police Station Near Main Market Kanjurmarg East,1.06 KM,3.8,181 Votes,"Girgol Mendoja Chawl, Shop No 1, Kanjur Village Road, Kanjurmarg East, Mumbai - 400042, Opposite, Police Station Near Main Market",https://www.justdial.com/Mumbai/Paras-General-store-Opposite-Police-Station-Near-Main-Market-Kanjurmarg-East/022PXX22-XX22-111123201414-E5R5_BZDET?xid=TXVtYmFpIEdlbmVyYWwgU3RvcmVzIEthbmp1cm1hcmc=,Kanjurmarg

Francis General Stores Kanjurmarg East,1.35 KM,3.5,8 Votes,"Sai Shraddha Rahivashi Sangh, Hanuman Galli, Kanjurmarg East, Mumbai - 400042",https://www.justdial.com/Mumbai/Francis-General-Stores-Kanjurmarg-East/022PXX22-XX22-200702102459-G9K2_BZDET?xid=TXVtYmFpIEdlbmVyYWwgU3RvcmVzIEthbmp1cm1hcmc=,Kanjurmarg

Good Luck Medical General Store Opp Bhandup Bus Stop Bhandup West,1.94 KM,4.4,49 Votes,"Shop No. 4,Lakdawala Chawl,, Station Road,, Bhandup West, Mumbai - 400078, Opp. Bhandup Bus Stop",https://www.justdial.com/Mumbai/Good-Luck-Medical-General-Store-Opp-Bhandup-Bus-Stop-Bhandup-West/022PXX22-XX22-101208134500-E8Y9_BZDET?xid=TXVtYmFpIEdlbmVyYWwgU3RvcmVzIEthbmp1cm1hcmc=,Kanjurmarg

Nageshwar Medical General Store Near Datar Colony Near Maratha Store Bhandup East,1.03 KM,4.3,14 Votes,"Shop No.1, Vijay Shree Chs, Plot No.21, Bhandup East, Mumbai - 400042, Near Datar Colony, Near Maratha Store",https://www.justdial.com/Mumbai/Nageshwar-Medical-General-Store-Near-Datar-Colony-Near-Maratha-Store-Bhandup-East/022PXX22-XX22-100821094344-S1T5_BZDET?xid=TXVtYmFpIEdlbmVyYWwgU3RvcmVzIEthbmp1cm1hcmc=,Kanjurmarg

Suvidha Medical General Stores Near Datar Colony Bhandup East,1.21 KM,4.1,32 Votes,"Shop No.2/3 Chandralok, Veer Savarkar Marg, Bhandup East, Mumbai - 400042, Near Datar Colony",https://www.justdial.com/Mumbai/Suvidha-Medical-General-Stores-Near-Datar-Colony-Bhandup-East/022P1226698706D5W3G9_BZDET?xid=TXVtYmFpIEdlbmVyYWwgU3RvcmVzIEthbmp1cm1hcmc=,Kanjurmarg

Bhairav Medical General Store Near B p e s School Bhandup West,1.32 KM,3.6,12 Votes,"10 Mohamed Afzal Chawl, Pratap Nagar Road, Bhandup West, Mumbai - 400078, Near B.p.e.s School",https://www.justdial.com/Mumbai/Bhairav-Medical-General-Store-Near-B-p-e-s-School-Bhandup-West/022P1225831399W9D3B6_BZDET?xid=TXVtYmFpIEdlbmVyYWwgU3RvcmVzIEthbmp1cm1hcmc=,Kanjurmarg

Shree dattguru Pan Bidi Shop General store Pratap Nagar Naka Bhandup West,1.35 KM,4.3,6 Votes,"Kwari Road, Bhandup West, Mumbai - 400078, Pratap Nagar Naka",https://www.justdial.com/Mumbai/Shree-dattguru-Pan-Bidi-Shop-General-store-Pratap-Nagar-Naka-Bhandup-West/022PXX22-XX22-120406001134-D5G6_BZDET?xid=TXVtYmFpIEdlbmVyYWwgU3RvcmVzIEthbmp1cm1hcmc=,Kanjurmarg

Mahid Provision General Store Bhandup West,1.41 KM,4.4,28 Votes,"14, Majid Seth Chawl, Pathan Colony, Jamil Nagar, P.N. Road, Bhandup West, Mumbai - 400078",https://www.justdial.com/Mumbai/Mahid-Provision-General-Store-Bhandup-West/022PXX22-XX22-180411235334-E4S7_BZDET?xid=TXVtYmFpIEdlbmVyYWwgU3RvcmVzIEthbmp1cm1hcmc=,Kanjurmarg

Jain Provision Stores Shripal Nagar Walkeshwar,1.91 KM,3.9,72 Votes,"Shop No 101, 12,J Mehta Marg, Walkeshwar, Mumbai - 400006, Shripal Nagar",https://www.justdial.com/Mumbai/Jain-Provision-Stores-Shripal-Nagar-Walkeshwar/022PTE01397_BZDET?xid=TXVtYmFpIEdyb2NlcnkgU3RvcmVzIEtlbXBzIENvcm5lcg==,Kemps Corner

Purnima Stores Malabar Hill,1.82 KM,4.0,16 Votes,"37-A, Mahavir, B G Kher Marg, Malabar Hill, Mumbai - 400006",https://www.justdial.com/Mumbai/Purnima-Stores-Malabar-Hill/022PXX22-XX22-120416213424-C6M7_BZDET?xid=TXVtYmFpIEdyb2NlcnkgU3RvcmVzIEtlbXBzIENvcm5lcg==,Kemps Corner

Anil Jaiswal Bhai Walkeshwar,1.25 KM,4.7,10 Votes,"Krishanaraj Society, Malabar Hill, Road, Walkeshwar, Mumbai - 400006",https://www.justdial.com/Mumbai/Anil-Jaiswal-Bhai-Walkeshwar/022PXX22-XX22-181203195916-U2B1_BZDET?xid=TXVtYmFpIEdyb2NlcnkgU3RvcmVzIEtlbXBzIENvcm5lcg==,Kemps Corner

Quality Picnic Opposite Regal Foot Store Near Telephone Exchange Khar West,0.77 KM,4.2,247 Votes,"Shop No. 6, Ground Floor, Meghdoot Building, Linking Road, Khar West, Mumbai - 400052, Opposite Regal Foot Store, Near Telephone Exchange",https://www.justdial.com/Mumbai/Quality-Picnic-Opposite-Regal-Foot-Store-Near-Telephone-Exchange-Khar-West/022P8005111_BZDET?xid=TXVtYmFpIEdlbmVyYWwgU3RvcmVzIEtoYXI=,Khar

Shri Vishnu Stores Near Corner Of 3rd Road P D Hinduja Marg Opposite Dr Jumani Khar West,0.58 KM,4.1,85 Votes,"783 A, Shiv Shakti Building, Khar Pali Road, Khar West, Mumbai - 400052, Near Corner Of 3rd Road & P D Hinduja Marg, Opposite Dr Jumani",https://www.justdial.com/Mumbai/Shri-Vishnu-Stores-Near-Corner-Of-3rd-Road-P-D-Hinduja-Marg-Opposite-Dr-Jumani-Khar-West/022P1233596249A2N1Y4_BZDET?xid=TXVtYmFpIEdlbmVyYWwgU3RvcmVzIEtoYXI=,Khar

Jay Pharma Medico General Stores Next to Tharu Sweets Opposite Janakalyan Sahakari Bank Khar West,0.29 KM,4.0,34 Votes,"782,East View Building,Shop No 6, 4th Road, Khar West, Mumbai - 400052, Next to Tharu Sweets, Opposite Janakalyan Sahakari Bank",https://www.justdial.com/Mumbai/Jay-Pharma-Medico-General-Stores-Next-to-Tharu-Sweets-Opposite-Janakalyan-Sahakari-Bank-Khar-West/022PXX22-XX22-120301202012-H4U2_BZDET?xid=TXVtYmFpIEdlbmVyYWwgU3RvcmVzIEtoYXI=,Khar

Ajanta Medical General Stores Near 1st 12th Road Corner Near Madhu Park Khar West,0.61 KM,4.2,39 Votes,"Heera House, Chitrakar Dhurandhar Marg, Khar West, Mumbai - 400052, Near 1st & 12th Road Corner, Near Madhu Park",https://www.justdial.com/Mumbai/Ajanta-Medical-General-Stores-Near-1st-12th-Road-Corner-Near-Madhu-Park-Khar-West/022P610554_BZDET?xid=TXVtYmFpIEdlbmVyYWwgU3RvcmVzIEtoYXI=,Khar

MANIK General Stores NEAR BOURN BOURN MEDICAL NEAR BOMBAY Khar West,1.5 KM,3.8,9 Votes,"Shop No 2.Dhanhil Bulding, Dr Ambedkar Road, Khar West, Mumbai - 400052, NEAR BOURN BOURN MEDICAL NEAR BOMBAY",https://www.justdial.com/Mumbai/MANIK-General-Stores-NEAR-BOURN-BOURN-MEDICAL-NEAR-BOMBAY-Khar-West/022P209556_BZDET?xid=TXVtYmFpIEdlbmVyYWwgU3RvcmVzIEtoYXI=,Khar

National Medical Super Market Opposite Maharashtra Bank Next to Nike Showroom Khar West,1.05 KM,3.9,59 Votes,"Shop No 1/2 , JAI Niketan Building, 16th Road, Khar West, Mumbai - 400052, Opposite Maharashtra Bank, Next to Nike Showroom",https://www.justdial.com/Mumbai/National-Medical-Super-Market-Opposite-Maharashtra-Bank-Next-to-Nike-Showroom-Khar-West/022P610545_BZDET?xid=TXVtYmFpIEdlbmVyYWwgU3RvcmVzIEtoYXI=,Khar

Manek stores Opp Gurunanak Hospital Khar West,1.11 KM,4.5,15 Votes,"316, Dun Hill Society, Dr Ambedkar Road, Khar West, Mumbai - 400052, Opp. Gurunanak Hospital",https://www.justdial.com/Mumbai/Manek-stores-Opp-Gurunanak-Hospital-Khar-West/022PXX22-XX22-140726164446-X9N1_BZDET?xid=TXVtYmFpIEdlbmVyYWwgU3RvcmVzIEtoYXI=,Khar

Jeevan Society Stores Near Kabutar Khana Khar West,0.21 KM,3.9,40 Votes,"Model Building, 2nd Road, Khar West, Mumbai - 400052, Near Kabutar Khana",https://www.justdial.com/Mumbai/Jeevan-Society-Stores-Near-Kabutar-Khana-Khar-West/022PF002544_BZDET?xid=TXVtYmFpIEdlbmVyYWwgU3RvcmVzIEtoYXI=,Khar

Ashok Medical General Stores Opp Pizza Metro Hotel Khar West,1.19 KM,4.3,28 Votes,"Shop No. 4 73/E, Ravi Kutir Building, Dr Ambedkar Road, Khar West, Mumbai - 400052, Opp. Pizza Metro Hotel",https://www.justdial.com/Mumbai/Ashok-Medical-General-Stores-Opp-Pizza-Metro-Hotel-Khar-West/022P5581710_BZDET?xid=TXVtYmFpIEdlbmVyYWwgU3RvcmVzIEtoYXI=,Khar

Paradise Medical General Store Near Khar Railway Station Khar West,0.23 KM,4.3,37 Votes,"3, Swahany Niwas, 3rd Road, Khar West, Mumbai - 400052, Near Khar Railway Station",https://www.justdial.com/Mumbai/Paradise-Medical-General-Store-Near-Khar-Railway-Station-Khar-West/022PK043234_BZDET?xid=TXVtYmFpIEdlbmVyYWwgU3RvcmVzIEtoYXI=,Khar

Peters Medical General Stores Near Dandpada Junction Next to Hanuman Mandir Khar West,1.63 KM,4.2,29 Votes,"Shop No 5, 55 D, Ramnath Prasad Building, Dr Ambedkar Road, Khar West, Mumbai - 400052, Near Dandpada Junction, Next to Hanuman Mandir",https://www.justdial.com/Mumbai/Peters-Medical-General-Stores-Near-Dandpada-Junction-Next-to-Hanuman-Mandir-Khar-West/022P5595334_BZDET?xid=TXVtYmFpIEdlbmVyYWwgU3RvcmVzIEtoYXI=,Khar

Jay Pharma Medico General Store Opposite Mg Jewellers Khar West,0.29 KM,4.1,14 Votes,"Shop No 6 East View Building, Fort Road, Khar West, Mumbai - 400052, Opposite Mg Jewellers",https://www.justdial.com/Mumbai/Jay-Pharma-Medico-General-Store-Opposite-Mg-Jewellers-Khar-West/022PXX22-XX22-000739375129-M6B1_BZDET?xid=TXVtYmFpIEdlbmVyYWwgU3RvcmVzIEtoYXI=,Khar

Bon Bon Medical General Store Behind Khar Gymkhana Khar West,1.11 KM,4.2,31 Votes,"Shop No. 3, Calvery Apartment, Dr. Ambedkar Road, Khar West, Mumbai - 400052, Behind Khar Gymkhana",https://www.justdial.com/Mumbai/Bon-Bon-Medical-General-Store-Behind-Khar-Gymkhana-Khar-West/022PXX22-XX22-000896090126-E7E5_BZDET?xid=TXVtYmFpIEdlbmVyYWwgU3RvcmVzIEtoYXI=,Khar

Haria Stores Opp Sitla Mandir Khar West,0.5 KM,4.0,6 Votes,"570/3 Sawanand Sadan, 5th Road, Khar West, Mumbai - 400052, Opp. Sitla Mandir",https://www.justdial.com/Mumbai/Haria-Stores-Opp-Sitla-Mandir-Khar-West/022PK048541_BZDET?xid=TXVtYmFpIEdlbmVyYWwgU3RvcmVzIEtoYXI=,Khar

Sea Spray General Provision Store Near Shree Amrut Cooperative Housing Society Khar West,1.89 KM,3.8,98 Votes,"Khar Danda, Khar (W), Hanuman Nagar, Khar West, Carter Road, Carter Road B R Ambedkar Road, Khar West, Mumbai - 400052, Near Shree Amrut Cooperative Housing Society",https://www.justdial.com/Mumbai/Sea-Spray-General-Provision-Store-Near-Shree-Amrut-Cooperative-Housing-Society-Khar-West/022PXX22-XX22-190814033756-R3L8_BZDET?xid=TXVtYmFpIEdlbmVyYWwgU3RvcmVzIEtoYXI=,Khar

Fancy General Stores Opposite Krishna Chaya Hotel Khar West,0.23 KM,3.7,6 Votes,"Shop No B/15 , Municipal Market, 1st Road, Khar West, Mumbai - 400052, Opposite Krishna Chaya Hotel",https://www.justdial.com/Mumbai/Fancy-General-Stores-Opposite-Krishna-Chaya-Hotel-Khar-West/022PF006486_BZDET?xid=TXVtYmFpIEdlbmVyYWwgU3RvcmVzIEtoYXI=,Khar

Swagat Medical General Stores Opposite Nirmal Nagar Police Chowk Khar East,0.57 KM,5.0,5 Votes,"HHC 257, Jawahar Nagar, Jay Prakash Road, Khar East, Mumbai - 400051, Opposite Nirmal Nagar Police Chowk",https://www.justdial.com/Mumbai/Swagat-Medical-General-Stores-Opposite-Nirmal-Nagar-Police-Chowk-Khar-East/022PXX22-XX22-120229221402-H3U1_BZDET?xid=TXVtYmFpIEdlbmVyYWwgU3RvcmVzIEtoYXI=,Khar

Kheteshwar Bazar Near Bajaj Arcade Khar West,1.52 KM,4.5,6 Votes,"Shop No 2 Bansi Kunj Plot No 67, Chuim Village, Off Ambedkar Road, Khar West, Mumbai - 400052, Near Bajaj Arcade",https://www.justdial.com/Mumbai/Kheteshwar-Bazar-Near-Bajaj-Arcade-Khar-West/022PK062935_BZDET?xid=TXVtYmFpIEdlbmVyYWwgU3RvcmVzIEtoYXI=,Khar

Raj Medico General Stores Old Khar Near Petrol Pump Next to Hotel Sahil Khar West,0.33 KM,3.6,8 Votes,"Shop No.38, S V Road, Khar West, Mumbai - 400052, Old Khar, Near Petrol Pump, Next to Hotel Sahil",https://www.justdial.com/Mumbai/Raj-Medico-General-Stores-Old-Khar-Near-Petrol-Pump-Next-to-Hotel-Sahil-Khar-West/022PXX22-XX22-000257439960-R7V9_BZDET?xid=TXVtYmFpIEdlbmVyYWwgU3RvcmVzIEtoYXI=,Khar

Vardhana General Pan Bidi Shop Jawahar Nagar Khar East,0.5 KM,4.0,6 Votes,"Shop No. 2, Girijadevi Chawl, Pipe Line Road, Khar East, Mumbai - 400051, Jawahar Nagar",https://www.justdial.com/Mumbai/Vardhana-General-Pan-Bidi-Shop-Jawahar-Nagar-Khar-East/022PXX22-XX22-170727134541-J8G4_BZDET?xid=TXVtYmFpIEdlbmVyYWwgU3RvcmVzIEtoYXI=,Khar

Hari Om Medical General Stores Near Om prakash Sharma clinic Khar East,0.59 KM,4.4,9 Votes,"Sankatha Singh Chawl, jawahar nagar, Jawarhar Nagar, pipeline, Khar East, Mumbai - 400051, Near Om prakash Sharma clinic",https://www.justdial.com/Mumbai/Hari-Om-Medical-General-Stores-Near-Om-prakash-Sharma-clinic-Khar-East/022PXX22-XX22-120229024943-H5Y2_BZDET?xid=TXVtYmFpIEdlbmVyYWwgU3RvcmVzIEtoYXI=,Khar

Nilkanth Super Market Near Mahim Bus Depot Mahim,1.13 KM,4.4,8 Votes,"Shop No.12, Mori Road, Mahim, Mumbai - 400016, Near Mahim Bus Depot",https://www.justdial.com/Mumbai/Nilkanth-Super-Market-Near-Mahim-Bus-Depot-Mahim/022PXX22-XX22-131026144449-E1P4_BZDET?xid=TXVtYmFpIEdlbmVyYWwgU3RvcmVzIE1haGltIEtvbGl3YWRh,Koliwada

Amit Medical General Stores Near Raja Rani Travels and Ashray Hotel Mahim,1.96 KM,4.9,5 Votes,"Shop No 4, Plot No 211 C, Keshav Bhawan, L J Road, Mahim, Mumbai - 400016, Near Raja Rani Travels and Ashray Hotel",https://www.justdial.com/Mumbai/Amit-Medical-General-Stores-Near-Raja-Rani-Travels-and-Ashray-Hotel-Mahim/022P1980537_BZDET?xid=TXVtYmFpIEdlbmVyYWwgU3RvcmVzIE1haGltIEtvbGl3YWRh,Koliwada

Mangalore General Stores Opposite Paradise Cinema 76 Alj Road Mahim,0.95 KM,3.9,48 Votes,"Shop No 8, Mohhamad Edu Manzil, Lady Jamshedji Road, Mahim, Mumbai - 400016, Opposite Paradise Cinema ,76 Alj Road",https://www.justdial.com/Mumbai/Mangalore-General-Stores-Opposite-Paradise-Cinema-76-Alj-Road-Mahim/022P1980607_BZDET?xid=TXVtYmFpIEdlbmVyYWwgU3RvcmVzIE1haGltIEtvbGl3YWRh,Koliwada

Stop N Shop Boutique Near Victoria Church Mahim,1.31 KM,4.0,71 Votes,"4, Dimple Building, 133, L J Road, Mahim, Mumbai - 400016, Near Victoria Church",https://www.justdial.com/Mumbai/Stop-N-Shop-Boutique-Near-Victoria-Church-Mahim/022P1303708_BZDET?xid=TXVtYmFpIEdlbmVyYWwgU3RvcmVzIE1haGltIEtvbGl3YWRh,Koliwada

Jwell Chemist Next to Mahim Bus Depot Mahim,0.46 KM,4.2,15 Votes,"Shop No 1, Mohini Mansion, Mori Road, Mahim, Mumbai - 400016, Next to Mahim Bus Depot",https://www.justdial.com/Mumbai/Jwell-Chemist-Next-to-Mahim-Bus-Depot-Mahim/022PXX22-XX22-000197936106-S1F8_BZDET?xid=TXVtYmFpIEdlbmVyYWwgU3RvcmVzIE1haGltIEtvbGl3YWRh,Koliwada

Vipul Chemist Near Mahim Station Mahim,1.85 KM,4.5,6 Votes,"Shop No 4, Qureshi Mahal, Mia Mohd Chhotani Road, Mahim, Mumbai - 400016, Near Mahim Station",https://www.justdial.com/Mumbai/Vipul-Chemist-Near-Mahim-Station-Mahim/022PXX22-XX22-121108170924-Q2F4_BZDET?xid=TXVtYmFpIEdlbmVyYWwgU3RvcmVzIE1haGltIEtvbGl3YWRh,Koliwada

Apna Stores Near Kottak Mahindra ATM Mahim,0.72 KM,4.2,16 Votes,"Navjivan Colony.shop No-14, Mori Road, Mahim, Mumbai - 400016, Near- Kottak Mahindra ATM",https://www.justdial.com/Mumbai/Apna-Stores-Near-Kottak-Mahindra-ATM-Mahim/022PXX22-XX22-131023115055-L5E1_BZDET?xid=TXVtYmFpIEdlbmVyYWwgU3RvcmVzIE1haGltIEtvbGl3YWRh,Koliwada

Snow Magic Ice Cream Parlour Near Canosa Convent Mahim,0.97 KM,4.0,47 Votes,"Shop No- 2/5, Garden View Co-Operative Housing Society, MMC Road, Mahim, Mumbai - 400016, Near Canosa Convent",https://www.justdial.com/Mumbai/Snow-Magic-Ice-Cream-Parlour-Near-Canosa-Convent-Mahim/022PXX22-XX22-120629012215-Y9W9_BZDET?xid=TXVtYmFpIEdlbmVyYWwgU3RvcmVzIE1haGltIEtvbGl3YWRh,Koliwada

Divya Pharma Medical General Store Nr Hinduja Hospital Mahim,1.48 KM,4.3,22 Votes,"9-B,Gannsiddhinayk Socity, Dilipgupte Marag, Mahim, Mumbai - 400016, Nr Hinduja Hospital",https://www.justdial.com/Mumbai/Divya-Pharma-Medical-General-Store-Nr-Hinduja-Hospital-Mahim/022P1217665148R4Z8G7_BZDET?xid=TXVtYmFpIEdlbmVyYWwgU3RvcmVzIE1haGltIEtvbGl3YWRh,Koliwada

Satgurus Medical General Stores Oppoasite Saint Xaviers Technical Institute Mahim,0.31 KM,4.5,8 Votes,"Shop No 3 & 4, Fisherman Colony, Mahim, Mumbai - 400016, Oppoasite Saint Xaviers Technical Institute",https://www.justdial.com/Mumbai/Satgurus-Medical-General-Stores-Oppoasite-Saint-Xaviers-Technical-Institute-Mahim/022P1229721459V7W2T8_BZDET?xid=TXVtYmFpIEdlbmVyYWwgU3RvcmVzIE1haGltIEtvbGl3YWRh,Koliwada

Laxmi Medico And General Stores Opposite Bank Of Maharashtra Mahim,0.94 KM,5.0,6 Votes,"Shop No 2, 72/74,Laxmi Building, Lady Jamshedji Road, Mahim, Mumbai - 400016, Opposite Bank Of Maharashtra",https://www.justdial.com/Mumbai/Laxmi-Medico-And-General-Stores-Opposite-Bank-Of-Maharashtra-Mahim/022PXX22-XX22-121212150905-Y8B9_BZDET?xid=TXVtYmFpIEdlbmVyYWwgU3RvcmVzIE1haGltIEtvbGl3YWRh,Koliwada

Jai Ganesh Medical General Stores Near R P Nagar M L Camp Mahim,1.53 KM,3.7,5 Votes,"D/3, JAI Ganesh Chs, 60 Feet Road 9, Mahim, Mumbai - 400016, Near R P Nagar, M L Camp",https://www.justdial.com/Mumbai/Jai-Ganesh-Medical-General-Stores-Near-R-P-Nagar-M-L-Camp-Mahim/022P1236291459D1B1M2_BZDET?xid=TXVtYmFpIEdlbmVyYWwgU3RvcmVzIE1haGltIEtvbGl3YWRh,Koliwada

Sunder Cafe Near KG Khilnani School Mahim,0.7 KM,4.0,5 Votes,"Navjivan Colony, Mori Road, Mahim, Mumbai - 400016, Near KG Khilnani School",https://www.justdial.com/Mumbai/Sunder-Cafe-Near-KG-Khilnani-School-Mahim/022PXX22-XX22-120320172229-L8Q1_BZDET?xid=TXVtYmFpIEdlbmVyYWwgU3RvcmVzIE1haGltIEtvbGl3YWRh,Koliwada

Emperor Snack Bar Near Axis Bank Mahim,0.84 KM,3.9,14 Votes,"Shop No 3, Shaffi Mansion, Lady Jamshedji Road, Mahim, Mumbai - 400016, Near Axis Bank",https://www.justdial.com/Mumbai/Emperor-Snack-Bar-Near-Axis-Bank-Mahim/022P209496_BZDET?xid=TXVtYmFpIEdlbmVyYWwgU3RvcmVzIE1haGltIEtvbGl3YWRh,Koliwada

Pink Rose Kirana Stores Mahim,1.02 KM,4.0,25 Votes,"Pink Rose Biulding, Shop No A/4 M.M.C Road, Mahim, Mumbai - 400016",https://www.justdial.com/Mumbai/Pink-Rose-Kirana-Stores-Mahim/022PXX22-XX22-181203224016-G2K5_BZDET?xid=TXVtYmFpIEdlbmVyYWwgU3RvcmVzIE1haGltIEtvbGl3YWRh,Koliwada

Home Foods Supermarket Opposite Don Bosco College Kurla West,1.93 KM,3.9,273 Votes,"Kohinoor City Mall, G43,, Premier Road, Kurla West, Mumbai - 400070, Opposite Don Bosco College",https://www.justdial.com/Mumbai/Home-Foods-Supermarket-Opposite-Don-Bosco-College-Kurla-West/022PXX22-XX22-171027143551-A1K6_BZDET?xid=TXVtYmFpIEdlbmVyYWwgU3RvcmVzIEt1cmxh,Kurla

Baba Kirana Stores Near Panusulla Kurla West,0.64 KM,5.0,20 Votes,"Shop No-2, Jani Seth Chawl, Shri Krishna Chowk, New Mill Road, Kurla West, Mumbai - 400070, Near Panusulla",https://www.justdial.com/Mumbai/Baba-Kirana-Stores-Near-Panusulla-Kurla-West/022PXX22-XX22-130209141956-Z4R6_BZDET?xid=TXVtYmFpIEdlbmVyYWwgU3RvcmVzIEt1cmxh,Kurla

Kirana Ghar Near Ration Office Nehru Nagar Kurla East,0.63 KM,3.9,245 Votes,"Shop No G/20/21/22/23, S G Barve Marg, Kurla East, Mumbai - 400024, Near Ration Office Nehru Nagar",https://www.justdial.com/Mumbai/Kirana-Ghar-Near-Ration-Office-Nehru-Nagar-Kurla-East/022P1942368_BZDET?xid=TXVtYmFpIEdlbmVyYWwgU3RvcmVzIEt1cmxh,Kurla

Master Medical General Stores Opposite to Gol Building Kurla West,0.4 KM,4.5,32 Votes,"Shop No.5/0104, Ghag Bhuvan, Belgrami Road, Kurla West, Mumbai - 400070, Opposite to Gol Building",https://www.justdial.com/Mumbai/Master-Medical-General-Stores-Opposite-to-Gol-Building-Kurla-West/022PXX22-XX22-120127111937-B3P7_BZDET?xid=TXVtYmFpIEdlbmVyYWwgU3RvcmVzIEt1cmxh,Kurla

Ranjan Chemist Krishna Chowk Kurla West,0.38 KM,3.5,12 Votes,"Shop No.4, Shreemal Centre, New Mill Road, Kurla West, Mumbai - 400070, Krishna Chowk",https://www.justdial.com/Mumbai/Ranjan-Chemist-Krishna-Chowk-Kurla-West/022P1236274900G2J3R6_BZDET?xid=TXVtYmFpIEdlbmVyYWwgU3RvcmVzIEt1cmxh,Kurla

Prabhat General Stores Near Nehru Nagar Kurla East,0.41 KM,4.1,34 Votes,"Shop No. C17/18,, S G Barve Marg, Kurla East, Mumbai - 400024, Near Nehru Nagar",https://www.justdial.com/Mumbai/Prabhat-General-Stores-Near-Nehru-Nagar-Kurla-East/022PXX22-XX22-000276433427-B5L6_BZDET?xid=TXVtYmFpIEdlbmVyYWwgU3RvcmVzIEt1cmxh,Kurla

Anand Medical General Store Opposite Neel Kamal CHS Ltd Kurla West,0.48 KM,4.2,29 Votes,"Sidhmahal Bldg, Kurla West, Mumbai, Belgrami Road, Kurla West, Mumbai - 400070, Opposite Neel Kamal CHS Ltd.",https://www.justdial.com/Mumbai/Anand-Medical-General-Store-Opposite-Neel-Kamal-CHS-Ltd-Kurla-West/022P1229016952B9P6H4_BZDET?xid=TXVtYmFpIEdlbmVyYWwgU3RvcmVzIEt1cmxh,Kurla

New Gulzar Bakery Store Near Citi Hospital Off Lbs Marg Sonapur Kurla West,1.71 KM,4.3,6 Votes,"Shop No 5, Sagar Palace Building, Kurla West, Mumbai - 400070, Near Citi Hospital, Off Lbs Marg, Sonapur",https://www.justdial.com/Mumbai/New-Gulzar-Bakery-Store-Near-Citi-Hospital-Off-Lbs-Marg-Sonapur-Kurla-West/022P8017754_BZDET?xid=TXVtYmFpIEdlbmVyYWwgU3RvcmVzIEt1cmxh,Kurla

New City Medical General Store Behind Sahara Hotel Kurla West,1.54 KM,4.1,23 Votes,"Shop No 3, Near Fozya Hospital, L B S MG Kurla, Kurla West, Mumbai - 400070, Behind Sahara Hotel",https://www.justdial.com/Mumbai/New-City-Medical-General-Store-Behind-Sahara-Hotel-Kurla-West/022PXX22-XX22-090818114325-V4X1_BZDET?xid=TXVtYmFpIEdlbmVyYWwgU3RvcmVzIEt1cmxh,Kurla

Kirana Bazaar Takya Ward Kurla West,0.42 KM,4.6,8 Votes,"218 Devji Teja Building, S M Road, Kurla West, Mumbai - 400070, Takya Ward",https://www.justdial.com/Mumbai/Kirana-Bazaar-Takya-Ward-Kurla-West/022PXX22-XX22-120620221039-B9L8_BZDET?xid=TXVtYmFpIEdlbmVyYWwgU3RvcmVzIEt1cmxh,Kurla

Ramdev Grain Stores Kurla East,0.47 KM,4.5,24 Votes,"B Wing, Baba Vihar, Station Road, Kurla East, Mumbai - 400024",https://www.justdial.com/Mumbai/Ramdev-Grain-Stores-Kurla-East/022P1226681842Q7T9A5_BZDET?xid=TXVtYmFpIEdlbmVyYWwgU3RvcmVzIEt1cmxh,Kurla

Vasant Medical General Store Opposite Asia Grain Centre Kurla East,0.64 KM,4.3,15 Votes,"Shop No G/11/12, S G Barve Marg, Kurla East, Mumbai - 400024, Opposite Asia Grain Centre",https://www.justdial.com/Mumbai/Vasant-Medical-General-Store-Opposite-Asia-Grain-Centre-Kurla-East/022P5576483_BZDET?xid=TXVtYmFpIEdlbmVyYWwgU3RvcmVzIEt1cmxh,Kurla

Lucky Book Depot General Stores Oppt Bhaba Hospital Kurla West,0.33 KM,3.5,10 Votes,"85/1 Small Gol Bldg, New Mill Road, Kurla West, Mumbai - 400070, Oppt Bhaba Hospital",https://www.justdial.com/Mumbai/Lucky-Book-Depot-General-Stores-Oppt-Bhaba-Hospital-Kurla-West/022PXX22-XX22-140408185137-Y5H9_BZDET?xid=TXVtYmFpIEdlbmVyYWwgU3RvcmVzIEt1cmxh,Kurla

Noor Medical Store Near Police Chowky Kurla West,0.18 KM,4.2,25 Votes,"Shop No 1 House No 95 Rajkotwala Building, M P Road, Kurla West, Mumbai - 400070, Near Police Chowky",https://www.justdial.com/Mumbai/Noor-Medical-Store-Near-Police-Chowky-Kurla-West/022PXX22-XX22-000428322871-E8U3_BZDET?xid=TXVtYmFpIEdlbmVyYWwgU3RvcmVzIEt1cmxh,Kurla

Ambika General Stores Near Anjuman Islam High School Kurla West,0.53 KM,4.5,16 Votes,"Shop No.1, Building No.616, Hakkani Mansion, S G Barve Marg, Kurla West, Mumbai - 400070, Near Anjuman Islam High School",https://www.justdial.com/Mumbai/Ambika-General-Stores-Near-Anjuman-Islam-High-School-Kurla-West/022PXX22-XX22-140519140737-A5Z6_BZDET?xid=TXVtYmFpIEdlbmVyYWwgU3RvcmVzIEt1cmxh,Kurla

Only Fresh Near Shamrao Vital Co Operative Bank Kurla East,0.58 KM,3.9,63 Votes,"Shop No 7/8, Building No 52, Ashirwad Society Nehru Nagar, Sg Barve Marg, Kurla East, Mumbai - 400024, Near Shamrao Vital Co-Operative Bank",https://www.justdial.com/Mumbai/Only-Fresh-Near-Shamrao-Vital-Co-Operative-Bank-Kurla-East/022PXX22-XX22-121210154942-X9H4_BZDET?xid=TXVtYmFpIEdlbmVyYWwgU3RvcmVzIEt1cmxh,Kurla

Gautam Medical General Store Opposite Sansar Hotel Kurla West,1.17 KM,4.2,22 Votes,"Shop No 6, Masrani Mansion, Kurla Halav Pool Road, Kurla West, Mumbai - 400070, Opposite Sansar Hotel",https://www.justdial.com/Mumbai/Gautam-Medical-General-Store-Opposite-Sansar-Hotel-Kurla-West/022PXX22-XX22-000171599645-N2O1_BZDET?xid=TXVtYmFpIEdlbmVyYWwgU3RvcmVzIEt1cmxh,Kurla

Manoj Medical General Stores Next to Dr Bhagwan Clinic Kurla West,1.26 KM,4.0,21 Votes,"Shop No 6, Building No. 24, Shama Apt, CST Road, Kurla West, Mumbai - 400070, Next to Dr Bhagwan Clinic",https://www.justdial.com/Mumbai/Manoj-Medical-General-Stores-Next-to-Dr-Bhagwan-Clinic-Kurla-West/022P6104673_BZDET?xid=TXVtYmFpIEdlbmVyYWwgU3RvcmVzIEt1cmxh,Kurla

Hakimi General Stores Kurla West,0.15 KM,4.5,8 Votes,"Abdulla Mansion, Hariyana Wala Lane, Station Road, Kurla West, Mumbai - 400070",https://www.justdial.com/Mumbai/Hakimi-General-Stores-Kurla-West/022PXX22-XX22-180411233556-C2C9_BZDET?xid=TXVtYmFpIEdlbmVyYWwgU3RvcmVzIEt1cmxh,Kurla

New Kurla Medical General Stores Near Mothersa Anuvar Kuran Masjit Kurla East,0.29 KM,4.6,5 Votes,"Shop No. 3, Kadam Housing, Akbar Sultaan Khan Chouk, Kurla East, Mumbai - 400024, Near Mothersa Anuvar Kuran Masjit",https://www.justdial.com/Mumbai/New-Kurla-Medical-General-Stores-Near-Mothersa-Anuvar-Kuran-Masjit-Kurla-East/022PXX22-XX22-120314212045-P6S6_BZDET?xid=TXVtYmFpIEdlbmVyYWwgU3RvcmVzIEt1cmxh,Kurla

New Vashi Market Lower Parel,0.6 KM,3.9,8 Votes,"45b, Shankar Rao Narampath, Lower Parel, Mumbai - 400013",https://www.justdial.com/Mumbai/New-Vashi-Market-Lower-Parel/022PXX22-XX22-180424150653-P2F6_BZDET?xid=TXVtYmFpIEdlbmVyYWwgU3RvcmVzIExvd2VyIFBhcmVs,LowerParel

Tip Top Medical General Store Near Hanuman Gali Lower Parel,0.55 KM,4.3,10 Votes,"Shop No 2, Gandharv Darshan Building, S N Path, Lower Parel, Mumbai - 400013, Near Hanuman Gali",https://www.justdial.com/Mumbai/Tip-Top-Medical-General-Store-Near-Hanuman-Gali-Lower-Parel/022PXX22-XX22-121126175310-L9U9_BZDET?xid=TXVtYmFpIEdlbmVyYWwgU3RvcmVzIExvd2VyIFBhcmVs,LowerParel

Navkar Medical General Stores Near Bawla Masjid Lower Parel,0.65 KM,4.4,8 Votes,"Shop No 15, Prithvi Vandan Co Operative Housing Society, N M Joshi Marg, Lower Parel, Mumbai - 400013, Near Bawla Masjid",https://www.justdial.com/Mumbai/Navkar-Medical-General-Stores-Near-Bawla-Masjid-Lower-Parel/022PXX22-XX22-090802242669-IAPP_BZDET?xid=TXVtYmFpIEdlbmVyYWwgU3RvcmVzIExvd2VyIFBhcmVs,LowerParel

Food Shoppe Near Deepak Cinema Lower Parel,1.09 KM,4.5,16 Votes,"Shop No 8,Sahjeevan Chs, N M Joshi Marg, Lower Parel, Mumbai - 400013, Near Deepak Cinema",https://www.justdial.com/Mumbai/Food-Shoppe-Near-Deepak-Cinema-Lower-Parel/022PXX22-XX22-160405162311-Z5M3_BZDET?xid=TXVtYmFpIEdlbmVyYWwgU3RvcmVzIExvd2VyIFBhcmVs,LowerParel

Shah Manilal Morarji Co Near Deepak Cinema Lower Parel,1.12 KM,4.5,5 Votes,"5, Vinayak Sadan, N M Joshi Marg, Lower Parel, Mumbai - 400013, Near Deepak Cinema",https://www.justdial.com/Mumbai/Shah-Manilal-Morarji-Co-Near-Deepak-Cinema-Lower-Parel/022PK051522_BZDET?xid=TXVtYmFpIEdlbmVyYWwgU3RvcmVzIExvd2VyIFBhcmVs,LowerParel

Ambika Medical Store Near Narolac House Lower Parel,1.27 KM,4.2,17 Votes,"Irani Chawl, Shop No.01, Ganpatrao Kadam Marg, Lower Parel, Mumbai - 400013, Near-Narolac House",https://www.justdial.com/Mumbai/Ambika-Medical-Store-Near-Narolac-House-Lower-Parel/022PXX22-XX22-090504210922-T2A8_BZDET?xid=TXVtYmFpIEdlbmVyYWwgU3RvcmVzIExvd2VyIFBhcmVs,LowerParel

Shah Ranmal Raghavji Co Opposite Niwala Building Lower Parel,0.09 KM,4.1,6 Votes,"87, Thanawala Chawl, Sun Mill Road, Lower Parel, Mumbai - 400013, Opposite Niwala Building",https://www.justdial.com/Mumbai/Shah-Ranmal-Raghavji-Co-Opposite-Niwala-Building-Lower-Parel/022P1934386_BZDET?xid=TXVtYmFpIEdlbmVyYWwgU3RvcmVzIExvd2VyIFBhcmVs,LowerParel

Durgeshwari Medical General Store Near Railway Station Lower Parel,0.19 KM,4.2,14 Votes,"Shop No 20, Trishul Building No 1, G K Marg, Lower Parel, Mumbai - 400013, Near Railway Station",https://www.justdial.com/Mumbai/Durgeshwari-Medical-General-Store-Near-Railway-Station-Lower-Parel/022PF006989_BZDET?xid=TXVtYmFpIEdlbmVyYWwgU3RvcmVzIExvd2VyIFBhcmVs,LowerParel

Vaibhav supari general stores Near fish market Lower Parel,0.23 KM,3.6,5 Votes,"shop no 3/A, n.m.joshi marg, Lower Parel, Mumbai - 400013, near fish market",https://www.justdial.com/Mumbai/Vaibhav-supari-general-stores-Near-fish-market-Lower-Parel/022PXX22-XX22-140724110445-I7A7_BZDET?xid=TXVtYmFpIEdlbmVyYWwgU3RvcmVzIExvd2VyIFBhcmVs,LowerParel

Mahavir Stationery General Stores Opposite Peninsula Complex Lower Parel,0.47 KM,3.8,14 Votes,"275,Poonawala Chawl No:1, Ganpatrao Kadam Marg, Lower Parel, Mumbai - 400013, Opposite Peninsula Complex",https://www.justdial.com/Mumbai/Mahavir-Stationery-General-Stores-Opposite-Peninsula-Complex-Lower-Parel/022PK061633_BZDET?xid=TXVtYmFpIEdlbmVyYWwgU3RvcmVzIExvd2VyIFBhcmVs,LowerParel

Om Sai General Store Patanjali Aarogya Kendra Lower Parel,0.82 KM,4.5,7 Votes,"N M Joshi Marg, Shastri Nagar, Adarsh Nagar, Lower Parel, Mumbai - 400013",https://www.justdial.com/Mumbai/Om-Sai-General-Store-Patanjali-Aarogya-Kendra-Lower-Parel/022PXX22-XX22-171130121148-C7G6_BZDET?xid=TXVtYmFpIEdlbmVyYWwgU3RvcmVzIExvd2VyIFBhcmVs,LowerParel

United General Store Lower Parel,0.96 KM,4.5,25 Votes,"Bdd Chawl, 110, Shivram Seth Amritwar Marg, Hanuman Gali, Lower Parel, Mumbai - 400013",https://www.justdial.com/Mumbai/United-General-Store-Lower-Parel/022PXX22-XX22-180328102047-C2W5_BZDET?xid=TXVtYmFpIEdlbmVyYWwgU3RvcmVzIExvd2VyIFBhcmVs,LowerParel

Legend Super Bazaar Teen Batti Bus Depot Malabar Hill,1.17 KM,4.0,112 Votes,"220, The Legend, Walkeshwar Road, Malabar Hill, Mumbai - 400006, Teen Batti Bus Depot",https://www.justdial.com/Mumbai/Legend-Super-Bazaar-Teen-Batti-Bus-Depot-Malabar-Hill/022PXX22-XX22-170316033221-H1X9_BZDET?xid=TXVtYmFpIEdyb2NlcnkgU3RvcmVzIE1hbGFiYXIgSGlsbA==,Malabar_Hill

Shah Provision Stores Opposite Khandray Mandir Near Raj Bhavan Malabar Hill,1.22 KM,4.1,61 Votes,"Shop No 241, Patil Niwas, Walkeshwar Road, Malabar Hill, Mumbai - 400006, Opposite Khandray Mandir, Near Raj Bhavan",https://www.justdial.com/Mumbai/Shah-Provision-Stores-Opposite-Khandray-Mandir-Near-Raj-Bhavan-Malabar-Hill/022PXX22-XX22-000513615737-E5O8_BZDET?xid=TXVtYmFpIEdyb2NlcnkgU3RvcmVzIE1hbGFiYXIgSGlsbA==,Malabar_Hill

Laxmi Stores Bhagat Ashram Malabar Hill,1.22 KM,3.6,8 Votes,"235 Shop, Walkeshwar Road, Malabar Hill, Mumbai - 400006, Bhagat Ashram",https://www.justdial.com/Mumbai/Laxmi-Stores-Bhagat-Ashram-Malabar-Hill/022PXX22-XX22-121219023246-X5I1_BZDET?xid=TXVtYmFpIEdyb2NlcnkgU3RvcmVzIE1hbGFiYXIgSGlsbA==,Malabar_Hill

Sagar Stores Near Baalganga Walkeshwar,1.24 KM,5.0,5 Votes,"91, Prakash Niwas, Dr Bhagwandas Indrajit Road, Walkeshwar, Mumbai - 400006, Near Baalganga",https://www.justdial.com/Mumbai/Sagar-Stores-Near-Baalganga-Walkeshwar/022PXX22-XX22-101020150052-L9F2_BZDET?xid=TXVtYmFpIEdyb2NlcnkgU3RvcmVzIE1hbGFiYXIgSGlsbA==,Malabar_Hill

Kutumb Sakhi Faraal Centre Near Sai Baba Temple Girgaon,1.86 KM,3.9,9 Votes,"Mangal, Kele Wadi, Wadi, Dr. Bhalerao Marg, Girgaon, Mumbai - 400004, Near Sai Baba Temple",https://www.justdial.com/Mumbai/Kutumb-Sakhi-Faraal-Centre-Near-Sai-Baba-Temple-Girgaon/022PXX22-XX22-181204081042-D4A5_BZDET?xid=TXVtYmFpIEdyb2NlcnkgU3RvcmVzIE1hbGFiYXIgSGlsbA==,Malabar_Hill

Bhimshi Monshi Company Pandurang Wadi Charni Road,1.93 KM,3.6,8 Votes,"226/228, J S Road, Charni Road, Mumbai - 400004, Pandurang Wadi",https://www.justdial.com/Mumbai/Bhimshi-Monshi-Company-Pandurang-Wadi-Charni-Road/022P1981720_BZDET?xid=TXVtYmFpIEdyb2NlcnkgU3RvcmVzIE1hbGFiYXIgSGlsbA==,Malabar_Hill

Meghsons Near Junction Of S V Road Marve Road Malad West,1.04 KM,4.0,500 Votes,"Marve Road, Malad West, Mumbai - 400064, Near Junction Of S V Road & Marve Road",https://www.justdial.com/Mumbai/Meghsons-Near-Junction-Of-S-V-Road-Marve-Road-Malad-West/022PSE00219_BZDET?xid=TXVtYmFpIEdlbmVyYWwgU3RvcmVzIE1hbGFk,Malad

Pramanik General Stores Opposite to Old Police Station Malad West,0.89 KM,3.9,54 Votes,"Shop No.11, Yojna Apartment, S V Road, Malad West, Mumbai - 400064, Opposite to Old Police Station",https://www.justdial.com/Mumbai/Pramanik-General-Stores-Opposite-to-Old-Police-Station-Malad-West/022PG024555_BZDET?xid=TXVtYmFpIEdlbmVyYWwgU3RvcmVzIE1hbGFk,Malad

Pravin General Stores New Municipal Market Near Fish Market Malad West,1.03 KM,4.2,28 Votes,"Shop No 4, Sainath Road, Malad West, Mumbai - 400064, New Municipal Market, Near Fish Market",https://www.justdial.com/Mumbai/Pravin-General-Stores-New-Municipal-Market-Near-Fish-Market-Malad-West/022P5599002_BZDET?xid=TXVtYmFpIEdlbmVyYWwgU3RvcmVzIE1hbGFk,Malad

Orlem Medical General Stores Near Orlem Church Malad West,0.99 KM,4.0,142 Votes,"Shop No 4, Valeram Tower, Marve Road, Malad West, Mumbai - 400064, Near Orlem Church",https://www.justdial.com/Mumbai/Orlem-Medical-General-Stores-Near-Orlem-Church-Malad-West/022P8404093_BZDET?xid=TXVtYmFpIEdlbmVyYWwgU3RvcmVzIE1hbGFk,Malad

Raju Medical And General Store Near Dena Bank Orlem malad West,0.9 KM,4.1,119 Votes,"3 Sarda Niwas, Marve Road, Orlem-malad West, Mumbai - 400064, Near Dena Bank",https://www.justdial.com/Mumbai/Raju-Medical-And-General-Store-Near-Dena-Bank-Orlem-malad-West/022POCE0863_BZDET?xid=TXVtYmFpIEdlbmVyYWwgU3RvcmVzIE1hbGFk,Malad

Star Home Super Market Opposite Shopping Centre Malad West,1.11 KM,3.9,289 Votes,"Malwani Muncipal, Fire Brigade, Marve Road, Malad West, Mumbai - 400095, Opposite Shopping Centre",https://www.justdial.com/Mumbai/Star-Home-Super-Market-Opposite-Shopping-Centre-Malad-West/022P8017818_BZDET?xid=TXVtYmFpIEdlbmVyYWwgU3RvcmVzIE1hbGFk,Malad

Ganesh Medical General Store Opposite Union Bank Malad East,1.47 KM,4.4,40 Votes,"Shop No 2, Mhatre Plot, Rani Sati Marg, Malad East, Mumbai - 400097, Opposite Union Bank",https://www.justdial.com/Mumbai/Ganesh-Medical-General-Store-Opposite-Union-Bank-Malad-East/022PXX22-XX22-120409213836-N7W7_BZDET?xid=TXVtYmFpIEdlbmVyYWwgU3RvcmVzIE1hbGFk,Malad

Shreeji Stores Near Evershine Nagar Malad West,0.88 KM,4.1,22 Votes,"Shop No.10, Navjeevan Building, Link Road, Malad West, Mumbai - 400064, Near Evershine Nagar",https://www.justdial.com/Mumbai/Shreeji-Stores-Near-Evershine-Nagar-Malad-West/022PXX22-XX22-140110152155-N4E5_BZDET?xid=TXVtYmFpIEdlbmVyYWwgU3RvcmVzIE1hbGFk,Malad

Milan Provision Stores Evershine Nagar Malad West,1.01 KM,4.4,34 Votes,"Shop No. 14, Gurukripa Bldg, Malad West, Mumbai - 400064, Evershine Nagar",https://www.justdial.com/Mumbai/Milan-Provision-Stores-Evershine-Nagar-Malad-West/022P1233245818N5T9X1_BZDET?xid=TXVtYmFpIEdlbmVyYWwgU3RvcmVzIE1hbGFk,Malad

Quality Mangalore Store Opposite to Orlem Market Orlem Malad West,1.03 KM,4.1,30 Votes,"Shop No. 06, Joanadom Apartment, Marve Road, Orlem-Malad West, Mumbai - 400064, Opposite to Orlem Market",https://www.justdial.com/Mumbai/Quality-Mangalore-Store-Opposite-to-Orlem-Market-Orlem-Malad-West/022P8018900_BZDET?xid=TXVtYmFpIEdlbmVyYWwgU3RvcmVzIE1hbGFk,Malad

Day Night Medical General Store Near New Era Talkies Malad West,0.85 KM,4.0,149 Votes,"Shop No. 1, S V Road, Malad West, Mumbai - 400064, Near New Era Talkies",https://www.justdial.com/Mumbai/Day-Night-Medical-General-Store-Near-New-Era-Talkies-Malad-West/022PK005053_BZDET?xid=TXVtYmFpIEdlbmVyYWwgU3RvcmVzIE1hbGFk,Malad

Brijwasi Snacks Sweets Near Chincholi Bunder Malad West,0.87 KM,4.0,11 Votes,"Shop No. 4, Vanita Aprt, Bhuleshker Road, Malad West, Mumbai - 400064, Near Chincholi Bunder",https://www.justdial.com/Mumbai/Brijwasi-Snacks-Sweets-Near-Chincholi-Bunder-Malad-West/022P1232054474D3Q9Y6_BZDET?xid=TXVtYmFpIEdlbmVyYWwgU3RvcmVzIE1hbGFk,Malad

New Arogya Chemist Near KFC Evershine Nagar Malad West,0.96 KM,4.0,30 Votes,"Shop No. 1, Blue Heaven, Link Road, Malad West, Mumbai - 400064, Near KFC, Evershine Nagar",https://www.justdial.com/Mumbai/New-Arogya-Chemist-Near-KFC-Evershine-Nagar-Malad-West/022PK034796_BZDET?xid=TXVtYmFpIEdlbmVyYWwgU3RvcmVzIE1hbGFk,Malad

Ganesh Stores Orlem Church Malad West,1.05 KM,4.1,5 Votes,"Shop No ARS 42 G 240, Valney Colony, Marve Road, Malad West, Mumbai - 400064, Orlem Church",https://www.justdial.com/Mumbai/Ganesh-Stores-Orlem-Church-Malad-West/022P1220854411M3R9T1_BZDET?xid=TXVtYmFpIEdlbmVyYWwgU3RvcmVzIE1hbGFk,Malad

Shivam General Store Ushma Nagar Malad West,1.13 KM,4.8,11 Votes,"Shop No 8, Sandesh Building, Link Road, Malad West, Mumbai - 400064, Ushma Nagar",https://www.justdial.com/Mumbai/Shivam-General-Store-Ushma-Nagar-Malad-West/022P2400294_BZDET?xid=TXVtYmFpIEdlbmVyYWwgU3RvcmVzIE1hbGFk,Malad

Popular Stores Sunder Nagar Gita Bhavan Malad West,1.35 KM,4.2,29 Votes,"S-1-19, S V Road, Malad West, Mumbai - 400064, Sunder Nagar, Gita Bhavan,",https://www.justdial.com/Mumbai/Popular-Stores-Sunder-Nagar-Gita-Bhavan-Malad-West/022PXX22-XX22-100204181249-J5N1_BZDET?xid=TXVtYmFpIEdlbmVyYWwgU3RvcmVzIE1hbGFk,Malad

Maharashtra General Stores Opposite Super Gas Service Malad West,0.68 KM,4.0,13 Votes,"Shop No 3, Jakaria Road, Malad West, Mumbai - 400064, Opposite Super Gas Service",https://www.justdial.com/Mumbai/Maharashtra-General-Stores-Opposite-Super-Gas-Service-Malad-West/022P1232116384E6U8X4_BZDET?xid=TXVtYmFpIEdlbmVyYWwgU3RvcmVzIE1hbGFk,Malad

Variety General Provision Stores Near Evershine Nagar Malad West,0.84 KM,3.8,34 Votes,"Shop No 2, Haridwar Building, Link Road, Malad West, Mumbai - 400064, Near Evershine Nagar",https://www.justdial.com/Mumbai/Variety-General-Provision-Stores-Near-Evershine-Nagar-Malad-West/022PXX22-XX22-000327840104-P3R4_BZDET?xid=TXVtYmFpIEdlbmVyYWwgU3RvcmVzIE1hbGFk,Malad

Shakti Provision General Store Evershine Nagar Malad West,1 KM,4.0,33 Votes,"Shop No 20, Gurukripa Building, Link Road, Malad West, Mumbai - 400064, Evershine Nagar",https://www.justdial.com/Mumbai/Shakti-Provision-General-Store-Evershine-Nagar-Malad-West/022P2401152_BZDET?xid=TXVtYmFpIEdlbmVyYWwgU3RvcmVzIE1hbGFk,Malad

Just One Call At Your Door Chincholi Phatak Malad West,1.19 KM,4.1,18 Votes,"Rani Sati, S V Road, Malad West, Mumbai - 400064, Chincholi Phatak",https://www.justdial.com/Mumbai/Just-One-Call-At-Your-Door-Chincholi-Phatak-Malad-West/022PXX22-XX22-120924111115-C1M6_BZDET?xid=TXVtYmFpIEdlbmVyYWwgU3RvcmVzIE1hbGFk,Malad

Nandu Medical General Store Near Municipal Hospital Govind Nagar Malad East,1.47 KM,4.3,25 Votes,"Shop No. 5, JAY Mayurasan Co Operative Housing Society, Haji Bapu Road, Malad East, Mumbai - 400097, Near Municipal Hospital, Govind Nagar",https://www.justdial.com/Mumbai/Nandu-Medical-General-Store-Near-Municipal-Hospital-Govind-Nagar-Malad-East/022PXX22-XX22-131012134443-K1W2_BZDET?xid=TXVtYmFpIEdlbmVyYWwgU3RvcmVzIE1hbGFk,Malad

Lucky Medical And General Stores Below Kalpana Hospital Near Girnar Tea Malad East,1.62 KM,3.6,25 Votes,"Shop No. 09, Jawahar Darshan, Daftari Road, Malad East, Mumbai - 400097, Below Kalpana Hospital ,Near Girnar Tea",https://www.justdial.com/Mumbai/Lucky-Medical-And-General-Stores-Below-Kalpana-Hospital-Near-Girnar-Tea-Malad-East/022PXX22-XX22-110321202127-A5R7_BZDET?xid=TXVtYmFpIEdlbmVyYWwgU3RvcmVzIE1hbGFk,Malad

Guru Medical General Stores Near Parmar Jewellers Malad East,1.15 KM,3.8,8 Votes,"Shop No. 01, Ganga Building, Rani Sati Marg, Malad East, Mumbai - 400097, Near Parmar Jewellers",https://www.justdial.com/Mumbai/Guru-Medical-General-Stores-Near-Parmar-Jewellers-Malad-East/022PK021545_BZDET?xid=TXVtYmFpIEdlbmVyYWwgU3RvcmVzIE1hbGFk,Malad

Evershine Medical General Store Near Sai Baba Park Evershine Nagar malad West,1 KM,3.6,75 Votes,"Evershine Nursing Home, Marve Link Road, Evershine Nagar-malad West, Mumbai - 400064, Near Sai Baba Park",https://www.justdial.com/Mumbai/Evershine-Medical-General-Store-Near-Sai-Baba-Park-Evershine-Nagar-malad-West/022P5426097_BZDET?xid=TXVtYmFpIEdlbmVyYWwgU3RvcmVzIE1hbGFk,Malad

National Chemist Near Turel Pakhadi Road Liberty Garden Malad West,0.34 KM,3.7,17 Votes,"Shop No 3, Omkar Jaymalhar CHS, Liberty Garden Road No-2,, Malad West, Mumbai - 400064, Near Turel Pakhadi Road, Liberty Garden,",https://www.justdial.com/Mumbai/National-Chemist-Near-Turel-Pakhadi-Road-Liberty-Garden-Malad-West/022PXX22-XX22-120920202320-B8R9_BZDET?xid=TXVtYmFpIEdlbmVyYWwgU3RvcmVzIE1hbGFk,Malad

Arif General Stores Near Rose Mary High School and NTSC Malad West,1.84 KM,3.9,9 Votes,"Shop No 21 Plot No 68 Gate No 7, Gate No 7 Nec Collector Compound, Malad West, Mumbai - 400095, Near Rose Mary High School and NTSC",https://www.justdial.com/Mumbai/Arif-General-Stores-Near-Rose-Mary-High-School-and-NTSC-Malad-West/022PXX22-XX22-141204183832-I6I2_BZDET?xid=TXVtYmFpIEdlbmVyYWwgU3RvcmVzIE1hbGFk,Malad

Kamla Medical General Store Opposite N L College Malad West,1.1 KM,4.8,12 Votes,"Shop No.6 Radha Vishweshwar Building, Narsing Lane, Malad West, Mumbai - 400064, Opposite N L College",https://www.justdial.com/Mumbai/Kamla-Medical-General-Store-Opposite-N-L-College-Malad-West/022PXX22-XX22-161210190806-B1I4_BZDET?xid=TXVtYmFpIEdlbmVyYWwgU3RvcmVzIE1hbGFk,Malad

Paras Medical General Store Daftary Road Malad East,1.49 KM,4.2,19 Votes,"Shop No 4, Shailesh Niwas, Shubhash Lane, Malad East, Mumbai - 400097, Daftary Road",https://www.justdial.com/Mumbai/Paras-Medical-General-Store-Daftary-Road-Malad-East/022PXX22-XX22-120223015810-Z2S5_BZDET?xid=TXVtYmFpIEdlbmVyYWwgU3RvcmVzIE1hbGFk,Malad

Shraddha Provision And General Store Next to Movie Time Cinema Evershine Nagar Malad West,0.64 KM,4.1,28 Votes,"Shop No 3, Shankar Darshan Building, Evershine Nagar, Malad West, Mumbai - 400064, Next to Movie Time Cinema, Evershine Nagar",https://www.justdial.com/Mumbai/Shraddha-Provision-And-General-Store-Next-to-Movie-Time-Cinema-Evershine-Nagar-Malad-West/022PXX22-XX22-090522122115-V2U4_BZDET?xid=TXVtYmFpIEdlbmVyYWwgU3RvcmVzIE1hbGFk,Malad

Anmol Opposite Railway Station Malad West,0.99 KM,4.0,5 Votes,"Shop No 2, Shanti Kunj, Anand Road, Malad West, Mumbai - 400064, Opposite Railway Station",https://www.justdial.com/Mumbai/Anmol-Opposite-Railway-Station-Malad-West/022PXX22-XX22-140524134338-P8T3_BZDET?xid=TXVtYmFpIEdlbmVyYWwgU3RvcmVzIE1hbGFk,Malad

All Clean Near Malad Sahkari Bank Malad East,1.08 KM,4.2,5 Votes,"Shop No 2, Yamuna Building, Rani Sati Marg, Malad East, Mumbai - 400097, Near Malad Sahkari Bank",https://www.justdial.com/Mumbai/All-Clean-Near-Malad-Sahkari-Bank-Malad-East/022PXX22-XX22-121212113832-K1D4_BZDET?xid=TXVtYmFpIEdlbmVyYWwgU3RvcmVzIE1hbGFk,Malad

Good Price Provision Store Orlem Malad West,1.09 KM,4.5,23 Votes,"1st Domnic Colony, Tank Road, Orlem-Malad West, Mumbai - 400064",https://www.justdial.com/Mumbai/Good-Price-Provision-Store-Orlem-Malad-West/022P2400436_BZDET?xid=TXVtYmFpIEdlbmVyYWwgU3RvcmVzIE1hbGFk,Malad

Mary Cold Storage Near Orlem Church Opposite St Joseph School Malad West,1.12 KM,3.6,10 Votes,"Shop No 5, Janet Castle, Marve Road, Malad West, Mumbai - 400064, Near Orlem Church, Opposite St Joseph School",https://www.justdial.com/Mumbai/Mary-Cold-Storage-Near-Orlem-Church-Opposite-St-Joseph-School-Malad-West/022P7700792_BZDET?xid=TXVtYmFpIEdlbmVyYWwgU3RvcmVzIE1hbGFk,Malad

Raju Traders Malad East,1.97 KM,4.2,21 Votes,"Shop No. 9, Omkar Biulding No.4, B Wing, Dhanji Wadi, Kasam Baug, Khot Kuwa Road, Malad East, Mumbai - 400097",https://www.justdial.com/Mumbai/Raju-Traders-Malad-East/022PXX22-XX22-181127121812-H4Z4_BZDET?xid=TXVtYmFpIEdlbmVyYWwgU3RvcmVzIE1hbGFk,Malad

Ganesh Medical General Store Near Suhas Terrace Near Mittal College Bhandarwada Rajan Pada Malad West,0.24 KM,3.8,22 Votes,"Shop No 1, Suruchi Building, P G Road, Rajan Pada-Malad West, Mumbai - 400064, Near Suhas Terrace, Near Mittal College, Bhandarwada",https://www.justdial.com/Mumbai/Ganesh-Medical-General-Store-Near-Suhas-Terrace-Near-Mittal-College-Bhandarwada-Rajan-Pada-Malad-West/022P813617_BZDET?xid=TXVtYmFpIEdlbmVyYWwgU3RvcmVzIE1hbGFk,Malad

Sonal Medical N General Store Opposite State Bank Of India Malad West,0.86 KM,4.4,17 Votes,"Shop Number-1/B2, Rahul Building, Marve Road, Malad West, Mumbai - 400064, Opposite State Bank Of India",https://www.justdial.com/Mumbai/Sonal-Medical-N-General-Store-Opposite-State-Bank-Of-India-Malad-West/022P8905535_BZDET?xid=TXVtYmFpIEdlbmVyYWwgU3RvcmVzIE1hbGFk,Malad

Lucky Medical And General Store Marve Road Opp St joseph School Malad West,1.1 KM,4.0,11 Votes,"Shop No 4,, Janet Castle Building,, Malad West, Mumbai - 400064, Marve Road,Opp St.joseph School,",https://www.justdial.com/Mumbai/Lucky-Medical-And-General-Store-Marve-Road-Opp-St-joseph-School-Malad-West/022PXX22-XX22-150206102824-M2X4_BZDET?xid=TXVtYmFpIEdlbmVyYWwgU3RvcmVzIE1hbGFk,Malad

Hitesh Stores Near Liberty Garden Malad West,0.25 KM,4.8,5 Votes,"Shop No 1, Chandrakore Building, Liberty Garden Cross Road No. 4, Malad West, Mumbai - 400064, Near Liberty Garden",https://www.justdial.com/Mumbai/Hitesh-Stores-Near-Liberty-Garden-Malad-West/022P2400196_BZDET?xid=TXVtYmFpIEdlbmVyYWwgU3RvcmVzIE1hbGFk,Malad

Liberty General Store Opposite Gariba Hospital Malad West,0.53 KM,4.6,11 Votes,"Shop No 3 Meena Apartment /, Main Mamlatadar Wadi Road, Malad West, Mumbai - 400064, Opposite Gariba Hospital",https://www.justdial.com/Mumbai/Liberty-General-Store-Opposite-Gariba-Hospital-Malad-West/022P2400260_BZDET?xid=TXVtYmFpIEdlbmVyYWwgU3RvcmVzIE1hbGFk,Malad

Nandu Medical General Stores Near Jain Temple Mamletdar Wadi Malad West,0.64 KM,4.0,32 Votes,"2/3 Sagardeep Building, Station road, Malad West, Mumbai - 400064, Near Jain Temple, Mamletdar Wadi",https://www.justdial.com/Mumbai/Nandu-Medical-General-Stores-Near-Jain-Temple-Mamletdar-Wadi-Malad-West/022PXX22-XX22-000244549467-X9F9_BZDET?xid=TXVtYmFpIEdlbmVyYWwgU3RvcmVzIE1hbGFk,Malad

Ahmed Mills Opposite to SBI Bank Evershine Nagar Malad West,0.86 KM,3.8,14 Votes,"Shop No. 15, Kaustubh Society, Evershine Nagar, Evershine Nagar-Malad West, Mumbai - 400064, Opposite to SBI Bank",https://www.justdial.com/Mumbai/Ahmed-Mills-Opposite-to-SBI-Bank-Evershine-Nagar-Malad-West/022P2401000_BZDET?xid=TXVtYmFpIEdlbmVyYWwgU3RvcmVzIE1hbGFk,Malad

Vardhaman General Stores Near Indian Overseas Bank Off Marve Road Adarsh Nagar Malad West,0.9 KM,3.7,12 Votes,"Shop No-B/1,Silver Craft, Adarsh Dairy Road, Adarsh Nagar-Malad West, Mumbai - 400064, Near Indian Overseas Bank, Off Marve Road",https://www.justdial.com/Mumbai/Vardhaman-General-Stores-Near-Indian-Overseas-Bank-Off-Marve-Road-Adarsh-Nagar-Malad-West/022P1233054624G7C8B2_BZDET?xid=TXVtYmFpIEdlbmVyYWwgU3RvcmVzIE1hbGFk,Malad

Furia General Stores Gupta Market Opposite Rly Station Behind M M Mithaiwala Malad West,0.97 KM,4.5,10 Votes,"Shop No 18 & 19, Malad West, Mumbai - 400064, Gupta Market, Opposite Rly Station, Behind M M Mithaiwala",https://www.justdial.com/Mumbai/Furia-General-Stores-Gupta-Market-Opposite-Rly-Station-Behind-M-M-Mithaiwala-Malad-West/022P1231276935P4H7X4_BZDET?xid=TXVtYmFpIEdlbmVyYWwgU3RvcmVzIE1hbGFk,Malad

Gurukripa Mangalore Store Near Evershine Nagar Malad West,0.99 KM,4.0,5 Votes,"Gurukripa Society, Malad West, Mumbai - 400064, Near Evershine Nagar",https://www.justdial.com/Mumbai/Gurukripa-Mangalore-Store-Near-Evershine-Nagar-Malad-West/022P8012386_BZDET?xid=TXVtYmFpIEdlbmVyYWwgU3RvcmVzIE1hbGFk,Malad

Sai Krupa Super Market Near Evershine Nagar Evershine Nagar malad West,0.99 KM,3.6,14 Votes,"Shop No 18, Gurukripa Building, Link Road, Evershine Nagar-malad West, Mumbai - 400064, Near Evershine Nagar",https://www.justdial.com/Mumbai/Sai-Krupa-Super-Market-Near-Evershine-Nagar-Evershine-Nagar-malad-West/022PXX22-XX22-140109163843-W8Y4_BZDET?xid=TXVtYmFpIEdlbmVyYWwgU3RvcmVzIE1hbGFk,Malad

Denis General Stores Near Ryan International School Malad West,1.17 KM,4.0,5 Votes,"Shop No-1, Nishith Building, Link Road, Malad West, Mumbai - 400064, Near Ryan International School",https://www.justdial.com/Mumbai/Denis-General-Stores-Near-Ryan-International-School-Malad-West/022P5426291_BZDET?xid=TXVtYmFpIEdlbmVyYWwgU3RvcmVzIE1hbGFk,Malad

Sunny Medical And General Store Near Atul Apartmaet Near Laxmi Bar Malad East,1.24 KM,3.7,10 Votes,"Shop No. 01,Rajnath Tiwari Chawl,Nimani Compound, Nivetiya Road, Malad East, Mumbai - 400097, Near-Atul Apartmaet, Near Laxmi Bar",https://www.justdial.com/Mumbai/Sunny-Medical-And-General-Store-Near-Atul-Apartmaet-Near-Laxmi-Bar-Malad-East/022PXX22-XX22-101130104550-R7N4_BZDET?xid=TXVtYmFpIEdlbmVyYWwgU3RvcmVzIE1hbGFk,Malad

Jai Jalaram General Stores Near Navjivan School Malad East,1.29 KM,5.0,5 Votes,"Shop No 1 Valmiki Sadan, Rani Sati Marg, Malad East, Mumbai - 400097, Near-Navjivan School",https://www.justdial.com/Mumbai/Jai-Jalaram-General-Stores-Near-Navjivan-School-Malad-East/022PXX22-XX22-110409125305-A4L8_BZDET?xid=TXVtYmFpIEdlbmVyYWwgU3RvcmVzIE1hbGFk,Malad

Swastik Super Market Sunder Nagar Opposite Umed Bhai Patel School Malad West,1.34 KM,3.6,41 Votes,"S-1, 12, S V Road, Malad West, Mumbai - 400064, Sunder Nagar, Opposite Umed Bhai Patel School",https://www.justdial.com/Mumbai/Swastik-Super-Market-Sunder-Nagar-Opposite-Umed-Bhai-Patel-School-Malad-West/022PSE00156_BZDET?xid=TXVtYmFpIEdlbmVyYWwgU3RvcmVzIE1hbGFk,Malad

Pooja General Store Near Nirman Dignostic Malad West,1.35 KM,4.2,18 Votes,"Shop No.5 Shivam Appartment, Goraswadi Road, Malad West, Mumbai - 400064, Near Nirman Dignostic",https://www.justdial.com/Mumbai/Pooja-General-Store-Near-Nirman-Dignostic-Malad-West/022PXX22-XX22-140807130641-E7R6_BZDET?xid=TXVtYmFpIEdlbmVyYWwgU3RvcmVzIE1hbGFk,Malad

A V S MART Near Ganesh Temple Malad East,1.51 KM,4.3,14 Votes,"Shop No 3, Priti Apartment, Khandwala Lane, Malad East, Mumbai - 400097, Near Ganesh Temple",https://www.justdial.com/Mumbai/A-V-S-MART-Near-Ganesh-Temple-Malad-East/022PXX22-XX22-120309201705-N1H2_BZDET?xid=TXVtYmFpIEdlbmVyYWwgU3RvcmVzIE1hbGFk,Malad

Ambika Stores Next to Poddar School Malad East,1.69 KM,4.0,48 Votes,"Shop No.7, Ambika Apartments, Upper Govind Nagar, Malad East, Mumbai - 400097, Next to Poddar School,",https://www.justdial.com/Mumbai/Ambika-Stores-Next-to-Poddar-School-Malad-East/022PXX22-XX22-120217150423-D2M6_BZDET?xid=TXVtYmFpIEdlbmVyYWwgU3RvcmVzIE1hbGFk,Malad

Basu Medical General Store Near Noorani Masjid Malad East,1.84 KM,4.8,5 Votes,"Shop No 4, Building No 2, Humera Park, Pathanwadi, Rani Sati Marg, Malad East, Mumbai - 400097, Near Noorani Masjid",https://www.justdial.com/Mumbai/Basu-Medical-General-Store-Near-Noorani-Masjid-Malad-East/022PXX22-XX22-120314035835-E2W1_BZDET?xid=TXVtYmFpIEdlbmVyYWwgU3RvcmVzIE1hbGFk,Malad

Bismillah Bakery Mankhurd,0.88 KM,4.3,6 Votes,"Matang Rishi Nagar, Gali No.14,New Mandala, Mankhurd, 30 Feet Road, Mankhurd, Mumbai - 400043",https://www.justdial.com/Mumbai/Bismillah-Bakery-Mankhurd/022PXX22-XX22-190515230440-H8F8_BZDET?xid=TXVtYmFpIEdyb2NlcnkgU3RvcmVzIE1hbmtodXJk,Mankhurd

Mohan Stores Opp Imran Std Trombay,1.83 KM,4.2,10 Votes,"B Sector S1 Line Shop No 1, Cheeta Camp, Trombay, Mumbai - 400088, Opp Imran Std",https://www.justdial.com/Mumbai/Mohan-Stores-Opp-Imran-Std-Trombay/022PXX22-XX22-160723103627-K2T2_BZDET?xid=TXVtYmFpIEdyb2NlcnkgU3RvcmVzIE1hbmtodXJk,Mankhurd

Asha Oil Depot Near Station Lal Bahadur Shastri Market Matunga East,0.11 KM,4.3,51 Votes,"Shop No 9 & 10, L N Road, Matunga East, Mumbai - 400019, Near Station, Lal Bahadur Shastri Market",https://www.justdial.com/Mumbai/Asha-Oil-Depot-Near-Station-Lal-Bahadur-Shastri-Market-Matunga-East/022P1005103_BZDET?xid=TXVtYmFpIEdlbmVyYWwgU3RvcmVzIE1hdHVuZ2EgRWFzdA==,Matunga East

Lucky General Stores Matunga East,0.16 KM,4.1,19 Votes,"264-A/5, Leela Niwas, L N Road, Matunga East, Mumbai - 400019",https://www.justdial.com/Mumbai/Lucky-General-Stores-Matunga-East/022P1225808893N8T6A5_BZDET?xid=TXVtYmFpIEdlbmVyYWwgU3RvcmVzIE1hdHVuZ2EgRWFzdA==,Matunga East

Annapoorneswari Stores Near Post Office Matunga East,0.12 KM,4.1,26 Votes,"20/D Mahavir Building, Bhandarkar Road, Matunga East, Mumbai - 400019, Near Post Office",https://www.justdial.com/Mumbai/Annapoorneswari-Stores-Near-Post-Office-Matunga-East/022P1934944_BZDET?xid=TXVtYmFpIEdlbmVyYWwgU3RvcmVzIE1hdHVuZ2EgRWFzdA==,Matunga East

Gala Stationeries General Stores Next to Welingkar Institute Of Managemnt Studies Matunga East,0.21 KM,4.1,66 Votes,"Shop No 10, Balkrishna Niwas, Matunga East, Mumbai - 400019, Next to Welingkar Institute Of Managemnt Studies",https://www.justdial.com/Mumbai/Gala-Stationeries-General-Stores-Next-to-Welingkar-Institute-Of-Managemnt-Studies-Matunga-East/022PK003546_BZDET?xid=TXVtYmFpIEdlbmVyYWwgU3RvcmVzIE1hdHVuZ2EgRWFzdA==,Matunga East

Mahavir Stores Opposite to Muncipal School Matunga East,0.28 KM,4.3,14 Votes,"Shop No.13 / 3, Liladhar Ratanshi Building, Laxmi Narayan Lane, Matunga East, Mumbai - 400019, Opposite to Muncipal School",https://www.justdial.com/Mumbai/Mahavir-Stores-Opposite-to-Muncipal-School-Matunga-East/022PXX22-XX22-120421172029-K9K8_BZDET?xid=TXVtYmFpIEdlbmVyYWwgU3RvcmVzIE1hdHVuZ2EgRWFzdA==,Matunga East

Shri Nityanand General Stores Opposite Ruia College Matunga East,0.51 KM,4.6,7 Votes,"Shop No 4, 153 B, Dongre Buliding, Lady Jahangir Road, Matunga East, Mumbai - 400019, Opposite Ruia College",https://www.justdial.com/Mumbai/Shri-Nityanand-General-Stores-Opposite-Ruia-College-Matunga-East/022PXX22-XX22-090901042839-N6R3_BZDET?xid=TXVtYmFpIEdlbmVyYWwgU3RvcmVzIE1hdHVuZ2EgRWFzdA==,Matunga East
