Kohinoor Masala Kirana Store Near Jhoola Maidan Agripada,0.16 KM,4.6,13 Votes,"Shop No 25 Fancy Market, Morland Road, Agripada, Mumbai - 400011, Near Jhoola Maidan",https://www.justdial.com/Mumbai/Kohinoor-Masala-Kirana-Store-Near-Jhoola-Maidan-Agripada/022PXX22-XX22-180201164014-E1C2_BZDET?xid=TXVtYmFpIEdlbmVyYWwgU3RvcmVzIEFncmlwYWRh,Agripada

Shree Ganesh Medical General Stores Near Jaccob Circle Mahalaxmi,0.69 KM,3.7,8 Votes,"Shop No 11, Masjid Chawl, Dr E Moses Road, Mahalaxmi, Mumbai - 400011, Near Jaccob Circle",https://www.justdial.com/Mumbai/Shree-Ganesh-Medical-General-Stores-Near-Jaccob-Circle-Mahalaxmi/022PF016286_BZDET?xid=TXVtYmFpIEdlbmVyYWwgU3RvcmVzIEFncmlwYWRh,Agripada

Laxmi General Stores Opp Masjid Mahalaxmi,0.72 KM,3.5,7 Votes,"Shop No 7, Dr E Moses Road, Mahalaxmi, Mumbai - 400011, Opp Masjid",https://www.justdial.com/Mumbai/Laxmi-General-Stores-Opp-Masjid-Mahalaxmi/022PXX22-XX22-160520163802-C2D7_BZDET?xid=TXVtYmFpIEdlbmVyYWwgU3RvcmVzIEFncmlwYWRh,Agripada

Swati Grain Stores Mahalaxmi,1.17 KM,4.8,6 Votes,"Shop No.2, Laxmi Pooja Appartment, D Wing, Saatrasta, J. R. Boricha Marg, Mahalaxmi, Mumbai - 400011",https://www.justdial.com/Mumbai/Swati-Grain-Stores-Mahalaxmi/022PXX22-XX22-181203232831-I8U8_BZDET?xid=TXVtYmFpIEdlbmVyYWwgU3RvcmVzIEFncmlwYWRh,Agripada

Kalpana Grain Stores,1.32 KM,5.0,5 Votes,"43/44, Ananad Estate, 452, 454, Jacob Circle, Nm Joshi Marg, Mumbai - 400011",https://www.justdial.com/Mumbai/Kalpana-Grain-Stores/022PXX22-XX22-181204044950-Q2Y1_BZDET?xid=TXVtYmFpIEdlbmVyYWwgU3RvcmVzIEFncmlwYWRh,Agripada

Nutan Medical General Stores Near Apollo Mills Mark Classes Chinchpokli,1.48 KM,4.3,14 Votes,"390-A, Shop No 2, Laxmi Niwas, N M Joshi Marg, Chinchpokli, Mumbai - 400011, Near Apollo Mills & Mark Classes",https://www.justdial.com/Mumbai/Nutan-Medical-General-Stores-Near-Apollo-Mills-Mark-Classes-Chinchpokli/022PXX22-XX22-130214123955-Z8K8_BZDET?xid=TXVtYmFpIEdlbmVyYWwgU3RvcmVzIEFncmlwYWRh,Agripada

Global Enterprises Opp Voltas Chinchpokli,1.62 KM,5.0,6 Votes,"5, Dattakrupa HSG Society, Dr Babasaheb Ambedkar Road, Chinchpokli, Mumbai - 400011, Opp Voltas",https://www.justdial.com/Mumbai/Global-Enterprises-Opp-Voltas-Chinchpokli/022PXX22-XX22-170629154101-F4U9_BZDET?xid=TXVtYmFpIEdlbmVyYWwgU3RvcmVzIEFncmlwYWRh,Agripada

Sahakari Bhandar Next to Amarsons Opposite Breach Candy Hospital Breach Candy,0.77 KM,3.9,253 Votes,"Shop No 63, Bhulabhai Desai Road, Breach Candy, Mumbai - 400026, Next to Amarsons, Opposite Breach Candy Hospital",https://www.justdial.com/Mumbai/Sahakari-Bhandar-Next-to-Amarsons-Opposite-Breach-Candy-Hospital-Breach-Candy/022P651756_BZDET?xid=TXVtYmFpIEdyb2NlcnkgU3RvcmVzIEFsdGFtb3VudCBSb2FkIEN1bWJhbGxhIEhpbGw=,Altamound Road

Diamond Stores Opp ACI Cumballa Hospital Kemps Corner,0.17 KM,3.8,22 Votes,"Shop No 96, Bhiwandiwala Building, August Kranti Marg, Kemps Corner, Mumbai - 400026, Opp ACI Cumballa Hospital",https://www.justdial.com/Mumbai/Diamond-Stores-Opp-ACI-Cumballa-Hospital-Kemps-Corner/022PXX22-XX22-000038290740-E7G8_BZDET?xid=TXVtYmFpIEdyb2NlcnkgU3RvcmVzIEFsdGFtb3VudCBSb2FkIEN1bWJhbGxhIEhpbGw=,Altamound Road

Bhimshi Vershi Company Opp Nalanda Building Pedder Road,0.26 KM,4.2,20 Votes,"63, Mani Mansion, Pedder Road, Mumbai - 400026, Opp Nalanda Building",https://www.justdial.com/Mumbai/Bhimshi-Vershi-Company-Opp-Nalanda-Building-Pedder-Road/022P1224363455R7G4G7_BZDET?xid=TXVtYmFpIEdyb2NlcnkgU3RvcmVzIEFsdGFtb3VudCBSb2FkIEN1bWJhbGxhIEhpbGw=,Altamound Road

Nutan Stores Near Jaslok Hospital Breach Candy,0.68 KM,3.9,9 Votes,"Purnima Apartment, Pedder Road, Breach Candy, Mumbai - 400026, Near Jaslok Hospital",https://www.justdial.com/Mumbai/Nutan-Stores-Near-Jaslok-Hospital-Breach-Candy/022P5648648_BZDET?xid=TXVtYmFpIEdyb2NlcnkgU3RvcmVzIEFsdGFtb3VudCBSb2FkIEN1bWJhbGxhIEhpbGw=,Altamound Road

Bharat Stores Next to Jaslok Hospital Pedder Road,0.68 KM,4.3,20 Votes,"19, Shanti Building No 2, Pedder Road, Mumbai - 400026, Next to Jaslok Hospital",https://www.justdial.com/Mumbai/Bharat-Stores-Next-to-Jaslok-Hospital-Pedder-Road/022P8904655_BZDET?xid=TXVtYmFpIEdyb2NlcnkgU3RvcmVzIEFsdGFtb3VudCBSb2FkIEN1bWJhbGxhIEhpbGw=,Altamound Road

Amit Stores Mahalaxmi Breach Candy,1.3 KM,4.1,8 Votes,"28/A,Bachubhai Niwas, Bhulabhai Desai Road, Breach Candy, Mumbai - 400026, Mahalaxmi",https://www.justdial.com/Mumbai/Amit-Stores-Mahalaxmi-Breach-Candy/022PXX22-XX22-120312225447-A7A5_BZDET?xid=TXVtYmFpIEdyb2NlcnkgU3RvcmVzIEFsdGFtb3VudCBSb2FkIEN1bWJhbGxhIEhpbGw=,Altamound Road

Raveesons Breach Candy,1.2 KM,3.6,19 Votes,"42 A, Bhulabhai Desai Road, Breach Candy, Mumbai - 400026",https://www.justdial.com/Mumbai/Raveesons-Breach-Candy/022P1228835966M8F5W2_BZDET?xid=TXVtYmFpIEdyb2NlcnkgU3RvcmVzIEFsdGFtb3VudCBSb2FkIEN1bWJhbGxhIEhpbGw=,Altamound Road

Kenorita Supermarket Opposite Dariya Mahal Near Priya Darshni Nepean Sea Road,1.67 KM,4.1,471 Votes,"75, Sagar Tarang Building, Nepean Sea Road, Mumbai - 400006, Opposite Dariya Mahal, Near Priya Darshni",https://www.justdial.com/Mumbai/Kenorita-Supermarket-Opposite-Dariya-Mahal-Near-Priya-Darshni-Nepean-Sea-Road/022P8710505_BZDET?xid=TXVtYmFpIEdyb2NlcnkgU3RvcmVzIEFsdGFtb3VudCBSb2FkIEN1bWJhbGxhIEhpbGw=,Altamound Road

Sahakari Bhandar Opposite Priyadarshini Park Nepean Sea Road,1.25 KM,4.0,214 Votes,"Hyderabad Estate, B Block, Ground Floor, Nepean Sea Road, Mumbai - 400006, Opposite Priyadarshini Park",https://www.justdial.com/Mumbai/Sahakari-Bhandar-Opposite-Priyadarshini-Park-Nepean-Sea-Road/022PXX22-XX22-100916143840-J6F9_BZDET?xid=TXVtYmFpIEdyb2NlcnkgU3RvcmVzIEFsdGFtb3VudCBSb2FkIEN1bWJhbGxhIEhpbGw=,Altamound Road

Manilal Provision Store Near Wiaa Club Malabar Hill,1.29 KM,4.1,65 Votes,"Shop No 23, David Sasson Chawl, 10 Ridge Road, Malabar Hill, Mumbai - 400006, Near Wiaa Club",https://www.justdial.com/Mumbai/Manilal-Provision-Store-Near-Wiaa-Club-Malabar-Hill/022P8403916_BZDET?xid=TXVtYmFpIEdyb2NlcnkgU3RvcmVzIEFsdGFtb3VudCBSb2FkIEN1bWJhbGxhIEhpbGw=,Altamound Road

Apna bazar Opposite Phadkewadi Ganpati Mandir Girgaon,1.8 KM,3.8,179 Votes,"Shop No 136, Tulsi Mansion Building, V P Road, Girgaon, Mumbai - 400004, Opposite Phadkewadi Ganpati Mandir",https://www.justdial.com/Mumbai/Apna-bazar-Opposite-Phadkewadi-Ganpati-Mandir-Girgaon/022PXX22-XX22-120731121224-X9W2_BZDET?xid=TXVtYmFpIEdyb2NlcnkgU3RvcmVzIEFsdGFtb3VudCBSb2FkIEN1bWJhbGxhIEhpbGw=,Altamound Road

Welcome General Store Near Shayadri Guest House Malabar Hill,1.4 KM,4.3,99 Votes,"Shop No 1-1A, Mini Sudarshan Building, 22, LD Ruparel Marg, Malabar Hill, Mumbai - 400006, Near Shayadri Guest House",https://www.justdial.com/Mumbai/Welcome-General-Store-Near-Shayadri-Guest-House-Malabar-Hill/022PXX22-XX22-151229153536-T9D1_BZDET?xid=TXVtYmFpIEdyb2NlcnkgU3RvcmVzIEFsdGFtb3VudCBSb2FkIEN1bWJhbGxhIEhpbGw=,Altamound Road

Apna Bazar Opposite Fire Brigade Nana Chowk Grant Road,0.57 KM,3.9,10 Votes,"Ness Baug Building, Grant Road, Mumbai - 400007, Opposite Fire Brigade, Nana Chowk",https://www.justdial.com/Mumbai/Apna-Bazar-Opposite-Fire-Brigade-Nana-Chowk-Grant-Road/022P28341_BZDET?xid=TXVtYmFpIEdyb2NlcnkgU3RvcmVzIEFsdGFtb3VudCBSb2FkIEN1bWJhbGxhIEhpbGw=,Altamound Road

Kamdhenu Gowalia Tank Kemps Corner,0.2 KM,4.2,55 Votes,"Shop No. 20, Warden Court Building, Gowalia Tank Road, Kemps Corner, Mumbai - 400006, Gowalia Tank",https://www.justdial.com/Mumbai/Kamdhenu-Gowalia-Tank-Kemps-Corner/022P8127623_BZDET?xid=TXVtYmFpIEdyb2NlcnkgU3RvcmVzIEFsdGFtb3VudCBSb2FkIEN1bWJhbGxhIEhpbGw=,Altamound Road

Devshi Nathubhai Co Near Grant Road Railway Station Grant Road,0.73 KM,4.1,19 Votes,"Shop No 6, 36 D, Avishkar Building, Sleater Road, Grant Road, Mumbai - 400007, Near Grant Road Railway Station",https://www.justdial.com/Mumbai/Devshi-Nathubhai-Co-Near-Grant-Road-Railway-Station-Grant-Road/022PK058514_BZDET?xid=TXVtYmFpIEdyb2NlcnkgU3RvcmVzIEFsdGFtb3VudCBSb2FkIEN1bWJhbGxhIEhpbGw=,Altamound Road

Geetanjali Super Market Opposite Brahman Sabha R R M Roy Marg Charni Road,1.44 KM,4.0,108 Votes,"3/4, Suratwala Building,211, Raja Ram Mohan Roy Marg, Charni Road, Mumbai - 400004, Opposite Brahman Sabha, R R M Roy Marg",https://www.justdial.com/Mumbai/Geetanjali-Super-Market-Opposite-Brahman-Sabha-R-R-M-Roy-Marg-Charni-Road/022PXX22-XX22-000811503617-U9P1_BZDET?xid=TXVtYmFpIEdyb2NlcnkgU3RvcmVzIEFsdGFtb3VudCBSb2FkIEN1bWJhbGxhIEhpbGw=,Altamound Road

Vishal Super Market Opposite J K Building No 5 Gamdevi,0.78 KM,4.0,47 Votes,"2/3 Royal Chambers, H G Road, Gamdevi, Mumbai - 400007, Opposite J K Building No 5",https://www.justdial.com/Mumbai/Vishal-Super-Market-Opposite-J-K-Building-No-5-Gamdevi/022PXX22-XX22-000981614429-W1D1_BZDET?xid=TXVtYmFpIEdyb2NlcnkgU3RvcmVzIEFsdGFtb3VudCBSb2FkIEN1bWJhbGxhIEhpbGw=,Altamound Road

Matru Krupa Opposite No 10th Khetwadi Khetwadi girgaon,1.54 KM,4.0,17 Votes,"Shop No. 5, Ground Floor, Siddhesh Darshan, 199/201, Khetwadi Main Road, Khetwadi-girgaon, Mumbai - 400004, Opposite No. 10th, Khetwadi",https://www.justdial.com/Mumbai/Matru-Krupa-Opposite-No-10th-Khetwadi-Khetwadi-girgaon/022PXX22-XX22-120221193547-J8N9_BZDET?xid=TXVtYmFpIEdyb2NlcnkgU3RvcmVzIEFsdGFtb3VudCBSb2FkIEN1bWJhbGxhIEhpbGw=,Altamound Road

Kumkum Provision Stores Opposite Film Centre Tardeo,1.23 KM,4.0,12 Votes,"Shop No 5, Raheja Excellisor, 57 Tardeo Road, Tardeo, Mumbai - 400034, Opposite Film Centre",https://www.justdial.com/Mumbai/Kumkum-Provision-Stores-Opposite-Film-Centre-Tardeo/022P1304704_BZDET?xid=TXVtYmFpIEdyb2NlcnkgU3RvcmVzIEFsdGFtb3VudCBSb2FkIEN1bWJhbGxhIEhpbGw=,Altamound Road

Chedda Chemist General Store Next Garant Road Post Office Grant Road,0.87 KM,4.3,43 Votes,"13 jyoti mahal, Sleater road, Grant Road, Mumbai - 400007, Next Garant Road Post Office",https://www.justdial.com/Mumbai/Chedda-Chemist-General-Store-Next-Garant-Road-Post-Office-Grant-Road/022PXX22-XX22-090526040847-N3N7_BZDET?xid=TXVtYmFpIEdyb2NlcnkgU3RvcmVzIEFsdGFtb3VudCBSb2FkIEN1bWJhbGxhIEhpbGw=,Altamound Road

Soni Moni Provision Stores Tardeo,1.2 KM,4.3,6 Votes,"Shop No 18 Sahakar Niwas, 20 Tardeo Road, Tardeo, Mumbai - 400034",https://www.justdial.com/Mumbai/Soni-Moni-Provision-Stores-Tardeo/022PXX22-XX22-000067937551-S5I0_BZDET?xid=TXVtYmFpIEdyb2NlcnkgU3RvcmVzIEFsdGFtb3VudCBSb2FkIEN1bWJhbGxhIEhpbGw=,Altamound Road

Pramanik Provision Stores Opposite Bhatia Hospital Kailash Nagar Tardeo,1.2 KM,4.4,12 Votes,"658, Tardeo Road, Tardeo, Mumbai - 400007, Opposite Bhatia Hospital, Kailash Nagar",https://www.justdial.com/Mumbai/Pramanik-Provision-Stores-Opposite-Bhatia-Hospital-Kailash-Nagar-Tardeo/022PXX22-XX22-101004134538-V9U4_BZDET?xid=TXVtYmFpIEdyb2NlcnkgU3RvcmVzIEFsdGFtb3VudCBSb2FkIEN1bWJhbGxhIEhpbGw=,Altamound Road

Prabhat Stores Malabar Hill,1.5 KM,4.1,58 Votes,"66, Petit Hall, Nepean Sea Road, Navshanti Nagar, Malabar Hill, Mumbai - 400006",https://www.justdial.com/Mumbai/Prabhat-Stores-Malabar-Hill/022PXX22-XX22-170209005611-L2S7_BZDET?xid=TXVtYmFpIEdyb2NlcnkgU3RvcmVzIEFsdGFtb3VudCBSb2FkIEN1bWJhbGxhIEhpbGw=,Altamound Road

Shah Bhimshi Naiya Opp dariya mall bus stop Walkeshwar,1.71 KM,3.9,20 Votes,"Star Dust Building,shop no 1/a,, 80 Napean Sea Road, Walkeshwar, Mumbai - 400006, opp.dariya mall bus stop",https://www.justdial.com/Mumbai/Shah-Bhimshi-Naiya-Opp-dariya-mall-bus-stop-Walkeshwar/022PXX22-XX22-101207191654-J3M3_BZDET?xid=TXVtYmFpIEdyb2NlcnkgU3RvcmVzIEFsdGFtb3VudCBSb2FkIEN1bWJhbGxhIEhpbGw=,Altamound Road

Gala Provision Stores Opposite Sikka Nagar Charni Road,1.81 KM,4.8,5 Votes,"Shop No 6,18/23,Mehta Heights, Sadashiv Lane, Charni Road, Mumbai - 400004, Opposite Sikka Nagar",https://www.justdial.com/Mumbai/Gala-Provision-Stores-Opposite-Sikka-Nagar-Charni-Road/022PXX22-XX22-160504142120-D4W9_BZDET?xid=TXVtYmFpIEdyb2NlcnkgU3RvcmVzIEFsdGFtb3VudCBSb2FkIEN1bWJhbGxhIEhpbGw=,Altamound Road

Goyam Organic Khotachi Wadi Corner Prarthana Samaj,0.05 KM,4.0,8 Votes,"Shop No. 10, Shri Mahila Samaj Gruh Udyog, Krishvi Heights, V.P.Road , Sikkanagar, Prarthana Samaj, Mumbai - 400004, Khotachi Wadi Corner",https://www.justdial.com/Mumbai/Goyam-Organic-Khotachi-Wadi-Corner-Prarthana-Samaj/022PXX22-XX22-180223144216-X2S6_BZDET?xid=TXVtYmFpIEdyb2NlcnkgU3RvcmVzIEFsdGFtb3VudCBSb2FkIEN1bWJhbGxhIEhpbGw=,Altamound Road

Amrut Stores Opposite JK Towers Gamdevi,0.83 KM,3.5,5 Votes,"39-47, Goravakar Wadi, H g Road, Gamdevi, Mumbai - 400007, Opposite JK Towers",https://www.justdial.com/Mumbai/Amrut-Stores-Opposite-JK-Towers-Gamdevi/022PXX22-XX22-000988397138-W1V8_BZDET?xid=TXVtYmFpIEdyb2NlcnkgU3RvcmVzIEFsdGFtb3VudCBSb2FkIEN1bWJhbGxhIEhpbGw=,Altamound Road

Devji Dhanji Grant Road,0.92 KM,3.7,10 Votes,"Shop No 85, Lokmanya Tilak Market, Grant Road, Mumbai - 400007",https://www.justdial.com/Mumbai/Devji-Dhanji-Grant-Road/022PXX22-XX22-181127123444-A9D4_BZDET?xid=TXVtYmFpIEdyb2NlcnkgU3RvcmVzIEFsdGFtb3VudCBSb2FkIEN1bWJhbGxhIEhpbGw=,Altamound Road

Krupa Stores,1.08 KM,5.0,7 Votes,"Navyug Nivas, Ground Floor, A/6, Society, Mumbai - 400007, Lamington Road",https://www.justdial.com/Mumbai/Krupa-Stores/022PXX22-XX22-191116092555-J2U9_BZDET?xid=TXVtYmFpIEdyb2NlcnkgU3RvcmVzIEFsdGFtb3VudCBSb2FkIEN1bWJhbGxhIEhpbGw=,Altamound Road

Lucky Stores Opposite Sevenhills Hospital Near Agrwal Sweets Andheri East,1.23 KM,4.1,197 Votes,"Shop No 17, Premavati Anand Compound, Military Road, Andheri East, Mumbai - 400059, Opposite Sevenhills Hospital Near Agrwal Sweets",https://www.justdial.com/Mumbai/Lucky-Stores-Opposite-Sevenhills-Hospital-Near-Agrwal-Sweets-Andheri-East/022P8023890_BZDET?xid=TXVtYmFpIEdlbmVyYWwgU3RvcmVzIEFuZGhlcmkgRWFzdA==,AndheriEast

Real Super Market Near Vijay Nagar Opposite Vicent Pollotty Church Andheri East,1.53 KM,4.1,47 Votes,"Shop No 5, Vijay Tower, Marol Marosi Road, Andheri East, Mumbai - 400059, Near Vijay Nagar, Opposite Vicent Pollotty Church",https://www.justdial.com/Mumbai/Real-Super-Market-Near-Vijay-Nagar-Opposite-Vicent-Pollotty-Church-Andheri-East/022PXX22-XX22-121112124955-J8V4_BZDET?xid=TXVtYmFpIEdlbmVyYWwgU3RvcmVzIEFuZGhlcmkgRWFzdA==,AndheriEast

Colony Stores J B Nagar Andheri East,0.49 KM,4.0,21 Votes,"Shop No 4, 80 Bagadka Chawl, Andheri East, Mumbai - 400069, J B Nagar",https://www.justdial.com/Mumbai/Colony-Stores-J-B-Nagar-Andheri-East/022PF019094_BZDET?xid=TXVtYmFpIEdlbmVyYWwgU3RvcmVzIEFuZGhlcmkgRWFzdA==,AndheriEast

Rajwadi Super Stores Near Bagarka College Jb Nagar andheri East,0.42 KM,3.8,62 Votes,"Shop No 1, Narayani Bhavan, Swami Bagarka Road, Jb Nagar-andheri East, Mumbai - 400059, Near Bagarka College",https://www.justdial.com/Mumbai/Rajwadi-Super-Stores-Near-Bagarka-College-Jb-Nagar-andheri-East/022PF017973_BZDET?xid=TXVtYmFpIEdlbmVyYWwgU3RvcmVzIEFuZGhlcmkgRWFzdA==,AndheriEast

Shashi Medical Seepz MIDC Next to Aakruti Center Point Andheri East,1.02 KM,4.3,45 Votes,"Shop No D-14, Central Road , MIDC, Andheri East, Mumbai - 400093, Seepz, MIDC, Next to Aakruti Center Point",https://www.justdial.com/Mumbai/Shashi-Medical-Seepz-MIDC-Next-to-Aakruti-Center-Point-Andheri-East/022PXX22-XX22-101008184419-B9W5_BZDET?xid=TXVtYmFpIEdlbmVyYWwgU3RvcmVzIEFuZGhlcmkgRWFzdA==,AndheriEast

A Mart Super Market Near Canossa Convent School Shere Punjab Mahakali Andheri East,1.79 KM,3.9,448 Votes,"Shop No 3,4,5 Sapher Building, Mahakali Cross Road, Mahakali-Andheri East, Mumbai - 400093, Near Canossa Convent School & Shere Punjab",https://www.justdial.com/Mumbai/A-Mart-Super-Market-Near-Canossa-Convent-School-Shere-Punjab-Mahakali-Andheri-East/022PXX22-XX22-190213111020-V1K3_BZDET?xid=TXVtYmFpIEdlbmVyYWwgU3RvcmVzIEFuZGhlcmkgRWFzdA==,AndheriEast

Shanti General Store Near By Jain Mandir Andheri East,0.34 KM,4.2,5 Votes,"Mehul Apartment, Bhagwan Mahaveer Marg, Andheri East, Mumbai - 400059, Near By Jain Mandir",https://www.justdial.com/Mumbai/Shanti-General-Store-Near-By-Jain-Mandir-Andheri-East/022PXX22-XX22-180726144605-B3Y7_BZDET?xid=TXVtYmFpIEdlbmVyYWwgU3RvcmVzIEFuZGhlcmkgRWFzdA==,AndheriEast

Savla General Store Near Off marol Maroshi Road Near Bus Stop Marol Village Andheri East,0.83 KM,4.2,34 Votes,"Shop No -1, Marol Village Road, Andheri East, Mumbai - 400059, Near Off.marol Maroshi Road, Near Bus Stop, Marol Village",https://www.justdial.com/Mumbai/Savla-General-Store-Near-Off-marol-Maroshi-Road-Near-Bus-Stop-Marol-Village-Andheri-East/022PXX22-XX22-121121153745-S5V2_BZDET?xid=TXVtYmFpIEdlbmVyYWwgU3RvcmVzIEFuZGhlcmkgRWFzdA==,AndheriEast

Ganesh General Stores Near seven hill hospital Marol Pipeline Andheri East,1.04 KM,4.4,34 Votes,"Shop no 1 and 2, Marol Maroshi Road, Marol Pipeline-Andheri East, Mumbai - 400059, Near seven hill hospital",https://www.justdial.com/Mumbai/Ganesh-General-Stores-Near-seven-hill-hospital-Marol-Pipeline-Andheri-East/022PXX22-XX22-170207134326-N6A8_BZDET?xid=TXVtYmFpIEdlbmVyYWwgU3RvcmVzIEFuZGhlcmkgRWFzdA==,AndheriEast

Super Janta Stores Near Holy Family Church Andheri East,1.34 KM,3.6,14 Votes,"Shop No 4 Grace Chamber, Sir M. V Road, Andheri East, Mumbai - 400093, Near Holy Family Church",https://www.justdial.com/Mumbai/Super-Janta-Stores-Near-Holy-Family-Church-Andheri-East/022PXX22-XX22-160119161032-N1Y9_BZDET?xid=TXVtYmFpIEdlbmVyYWwgU3RvcmVzIEFuZGhlcmkgRWFzdA==,AndheriEast

Patel Bakery And General Store Bombay Cambridge School Andheri East,1.09 KM,4.4,12 Votes,"2/cicila Cottage Dewalwadi Chakala, Bombay Cambridge Road, Andheri East, Mumbai - 400099, Bombay Cambridge School",https://www.justdial.com/Mumbai/Patel-Bakery-And-General-Store-Bombay-Cambridge-School-Andheri-East/022PXX22-XX22-170127144351-Z5L8_BZDET?xid=TXVtYmFpIEdlbmVyYWwgU3RvcmVzIEFuZGhlcmkgRWFzdA==,AndheriEast

Diamond Medical General Store Near Vijay Nagar Bus Stop Andheri East,1.49 KM,4.5,14 Votes,"Building No E-4, Shop No 5, Naina Vijay Co-Operative Housing Society Limited, Marol Maroshi Road, Andheri East, Mumbai - 400059, Near Vijay Nagar Bus Stop",https://www.justdial.com/Mumbai/Diamond-Medical-General-Store-Near-Vijay-Nagar-Bus-Stop-Andheri-East/022PXX22-XX22-130416142508-H3D1_BZDET?xid=TXVtYmFpIEdlbmVyYWwgU3RvcmVzIEFuZGhlcmkgRWFzdA==,AndheriEast

Farm House Super Market Near St John School Andheri East,0.48 KM,4.2,8 Votes,"Shop No 3 and 4, Vicmom Co Operative Society, Marol Church Road, Andheri East, Mumbai - 400059, Near St John School",https://www.justdial.com/Mumbai/Farm-House-Super-Market-Near-St-John-School-Andheri-East/022PXX22-XX22-160111141355-Y6Z4_BZDET?xid=TXVtYmFpIEdlbmVyYWwgU3RvcmVzIEFuZGhlcmkgRWFzdA==,AndheriEast

Kinjal Medical General Stores Oriental Aster Andheri East,0.95 KM,4.2,41 Votes,"1 Nanda Deep Tarun Bharat Society, Tarun Bharat Road, Andheri East, Mumbai - 400099, Oriental Aster",https://www.justdial.com/Mumbai/Kinjal-Medical-General-Stores-Oriental-Aster-Andheri-East/022PXX22-XX22-000731295425-U3G2_BZDET?xid=TXVtYmFpIEdlbmVyYWwgU3RvcmVzIEFuZGhlcmkgRWFzdA==,AndheriEast

Maru Store Off Apple Heritage Andheri East,0.95 KM,4.2,65 Votes,"101, Dr Charat Singh Colony, Andheri East, Mumbai - 400093, Off Apple Heritage",https://www.justdial.com/Mumbai/Maru-Store-Off-Apple-Heritage-Andheri-East/022PXX22-XX22-160518112142-I9Q7_BZDET?xid=TXVtYmFpIEdlbmVyYWwgU3RvcmVzIEFuZGhlcmkgRWFzdA==,AndheriEast

Sangam Medical General Stores Near Cigarette Factory Andheri East,1.22 KM,4.3,30 Votes,"Shop No-2, Royal Accord Cigarette Factory, Tati Baharat Road, Andheri East, Mumbai - 400099, Near Cigarette Factory",https://www.justdial.com/Mumbai/Sangam-Medical-General-Stores-Near-Cigarette-Factory-Andheri-East/022P1231264806M7V5Y3_BZDET?xid=TXVtYmFpIEdlbmVyYWwgU3RvcmVzIEFuZGhlcmkgRWFzdA==,AndheriEast

Honesty General Stores Opposite Cigarette Factory Chakala Andheri East,1.24 KM,3.9,8 Votes,"Shop No 2 Kurban Husain Chawl, Sahar Road, Andheri East, Mumbai - 400099, Opposite Cigarette Factory, Chakala",https://www.justdial.com/Mumbai/Honesty-General-Stores-Opposite-Cigarette-Factory-Chakala-Andheri-East/022P8902194_BZDET?xid=TXVtYmFpIEdlbmVyYWwgU3RvcmVzIEFuZGhlcmkgRWFzdA==,AndheriEast

Chheda Grain Store Near Samraj Hotel Andheri East,1.3 KM,4.6,12 Votes,"Shop No 2, Vishwananak Apartment, Chakala Street, Andheri East, Mumbai - 400099, Near Samraj Hotel",https://www.justdial.com/Mumbai/Chheda-Grain-Store-Near-Samraj-Hotel-Andheri-East/022PXX22-XX22-170726201903-R4A4_BZDET?xid=TXVtYmFpIEdlbmVyYWwgU3RvcmVzIEFuZGhlcmkgRWFzdA==,AndheriEast

Shree Mahavir Medical General Store Anand Nagar Nr Sanjeevani Hospital Andheri East,1.45 KM,3.5,6 Votes,"Shop No 2, 3 Parimal Bldg, S N Marg, Andheri East, Mumbai - 400059, Anand Nagar, Nr Sanjeevani Hospital",https://www.justdial.com/Mumbai/Shree-Mahavir-Medical-General-Store-Anand-Nagar-Nr-Sanjeevani-Hospital-Andheri-East/022P5435329_BZDET?xid=TXVtYmFpIEdlbmVyYWwgU3RvcmVzIEFuZGhlcmkgRWFzdA==,AndheriEast

Pramanik Super Stores Near Airport Colony Sahar Andheri East,1.45 KM,4.6,9 Votes,"Sent Anthony Cottage, Baman Wada, M C Chagla Marg, Sahar-Andheri East, Mumbai - 400099, Near Airport Colony",https://www.justdial.com/Mumbai/Pramanik-Super-Stores-Near-Airport-Colony-Sahar-Andheri-East/022PXX22-XX22-180714113127-D4R3_BZDET?xid=TXVtYmFpIEdlbmVyYWwgU3RvcmVzIEFuZGhlcmkgRWFzdA==,AndheriEast

Bhagwanta Kirana Merchants Near Mahakali Circle Andheri East,1.73 KM,4.5,8 Votes,"Shop No -27,HEK Compound, Mahakali Caves Road, Andheri East, Mumbai - 400093, Near Mahakali Circle",https://www.justdial.com/Mumbai/Bhagwanta-Kirana-Merchants-Near-Mahakali-Circle-Andheri-East/022PXX22-XX22-130415142851-K4I4_BZDET?xid=TXVtYmFpIEdlbmVyYWwgU3RvcmVzIEFuZGhlcmkgRWFzdA==,AndheriEast

Apna Super Market Opposite Mvm High School Andheri West,0.87 KM,3.9,14 Votes,"Shop No 1, Sai Avenue, Veera Desai Road, Andheri West, Mumbai - 400058, Opposite Mvm High School",https://www.justdial.com/Mumbai/Apna-Super-Market-Opposite-Mvm-High-School-Andheri-West/022PXX22-XX22-160409121358-A2K8_BZDET?xid=TXVtYmFpIEdlbmVyYWwgU3RvcmVzIEFuZGhlcmkgV2VzdA==,AndheriWest

Chheda Dal Mill Near Navrang Cinema Andheri West,1.38 KM,4.1,20 Votes,"Plot No.123, Shop No.6, Khandwani Mansion, J.P.Road, Andheri West, Mumbai - 400058, Near-Navrang Cinema",https://www.justdial.com/Mumbai/Chheda-Dal-Mill-Near-Navrang-Cinema-Andheri-West/022PXX22-XX22-120515041251-R9K5_BZDET?xid=TXVtYmFpIEdlbmVyYWwgU3RvcmVzIEFuZGhlcmkgV2VzdA==,AndheriWest

Sky Home Super Market Near Corporation Bank Andheri West,0.61 KM,4.2,85 Votes,"Shop No 4, B Wing, Dev Prestige, Veera Desai Road, Andheri West, Mumbai - 400058, Near Corporation Bank",https://www.justdial.com/Mumbai/Sky-Home-Super-Market-Near-Corporation-Bank-Andheri-West/022PXX22-XX22-160229162458-B2L1_BZDET?xid=TXVtYmFpIEdlbmVyYWwgU3RvcmVzIEFuZGhlcmkgV2VzdA==,AndheriWest

Star Bazaar Near Indian Oil Junction and Tata Power House Jeevan Nagar Off New Link Road Dn Nagar andheri West,0.2 KM,4.1,5335 Votes,"Ground Floor, Crystal Point, SV Road, Dn Nagar-andheri West, Mumbai - 400053, Near Indian Oil Junction and Tata Power House, Jeevan Nagar, Off New Link Road",https://www.justdial.com/Mumbai/Star-Bazaar-Near-Indian-Oil-Junction-and-Tata-Power-House-Jeevan-Nagar-Off-New-Link-Road-Dn-Nagar-andheri-West/022PXX22-XX22-120219121606-Q3V3_BZDET?xid=TXVtYmFpIEdlbmVyYWwgU3RvcmVzIEFuZGhlcmkgV2VzdA==,AndheriWest

Goodluck General Store Opposite Masjid Gilbert Hill Andheri West,1.38 KM,4.1,48 Votes,"Shop No 18, J P Road, Andheri West, Mumbai - 400058, Opposite Masjid, Gilbert Hill",https://www.justdial.com/Mumbai/Goodluck-General-Store-Opposite-Masjid-Gilbert-Hill-Andheri-West/022PXX22-XX22-140506173745-S5X2_BZDET?xid=TXVtYmFpIEdlbmVyYWwgU3RvcmVzIEFuZGhlcmkgV2VzdA==,AndheriWest

New Grand Stores Opposite J P Road Bon Bon Seven Bunglows Versova Andheri West,1.07 KM,4.0,221 Votes,"Shop No 21/22, Evershine Apartment No 2, J P Road, Andheri West, Mumbai - 400053, Opposite J P Road, Bon Bon, Seven Bunglows, Versova",https://www.justdial.com/Mumbai/New-Grand-Stores-Opposite-J-P-Road-Bon-Bon-Seven-Bunglows-Versova-Andheri-West/022P1923422_BZDET?xid=TXVtYmFpIEdlbmVyYWwgU3RvcmVzIEFuZGhlcmkgV2VzdA==,AndheriWest

Varsha Medical General Store Opposite Andheri Railway Station Andheri West,1.72 KM,4.3,150 Votes,"Shop No 205, Harish Shopping Center, S V Road, Andheri West, Mumbai - 400058, Opposite Andheri Railway Station",https://www.justdial.com/Mumbai/Varsha-Medical-General-Store-Opposite-Andheri-Railway-Station-Andheri-West/022P5496000_BZDET?xid=TXVtYmFpIEdlbmVyYWwgU3RvcmVzIEFuZGhlcmkgV2VzdA==,AndheriWest

Diamond Soap Centre Near Sai Baba Mandir Ratan Nagar Andheri West,0.79 KM,4.0,34 Votes,"Shop No.1, Nanadkripa Shopping Center, Ratan Nagar, 4 Bunglow, Andheri West, Mumbai - 400053, Near Sai Baba Mandir, Ratan Nagar",https://www.justdial.com/Mumbai/Diamond-Soap-Centre-Near-Sai-Baba-Mandir-Ratan-Nagar-Andheri-West/022PXX22-XX22-120210221506-Q9B9_BZDET?xid=TXVtYmFpIEdlbmVyYWwgU3RvcmVzIEFuZGhlcmkgV2VzdA==,AndheriWest

Good Luck General Store Opposite Wadia School Andheri West,0.29 KM,4.0,359 Votes,"Shop No 1 & 2 Dhake Colony, J P Road, Andheri West, Mumbai - 400053, Opposite Wadia School",https://www.justdial.com/Mumbai/Good-Luck-General-Store-Opposite-Wadia-School-Andheri-West/022PXX22-XX22-160314165906-R7R5_BZDET?xid=TXVtYmFpIEdlbmVyYWwgU3RvcmVzIEFuZGhlcmkgV2VzdA==,AndheriWest

Deepak General Store Opposite Uco Bank Four Bunglow Guru Nagar Andheri West,0.69 KM,4.4,34 Votes,"Shop No 10,Building No 1, Gurunagar Building, J P Road, Four Bungalows, Andheri West, Mumbai - 400053, Opposite Uco Bank,Four Bunglow,Guru Nagar",https://www.justdial.com/Mumbai/Deepak-General-Store-Opposite-Uco-Bank-Four-Bunglow-Guru-Nagar-Andheri-West/022P1909433_BZDET?xid=TXVtYmFpIEdlbmVyYWwgU3RvcmVzIEFuZGhlcmkgV2VzdA==,AndheriWest

Mahavir Food Mart Near Good Sheperd Church Four Bunglows andheri West,0.88 KM,4.1,98 Votes,"Shop No A1/A2 Vibhavari Housing Society, N Datta Marg, Four Bunglows-andheri West, Mumbai - 400053, Near Good Sheperd Church",https://www.justdial.com/Mumbai/Mahavir-Food-Mart-Near-Good-Sheperd-Church-Four-Bunglows-andheri-West/022PXX22-XX22-190618203616-R9B6_BZDET?xid=TXVtYmFpIEdlbmVyYWwgU3RvcmVzIEFuZGhlcmkgV2VzdA==,AndheriWest

Variety Provision Stores Opp Ashoka Academy School Lokhandwala Complex Andheri West,1.4 KM,3.5,33 Votes,"Shop No-3,Clan Field Bldg, Off New Link Road, Lokhandwala Complex-Andheri West, Mumbai - 400053, Opp-Ashoka Academy School,",https://www.justdial.com/Mumbai/Variety-Provision-Stores-Opp-Ashoka-Academy-School-Lokhandwala-Complex-Andheri-West/022PXX22-XX22-130403164243-E1M3_BZDET?xid=TXVtYmFpIEdlbmVyYWwgU3RvcmVzIEFuZGhlcmkgV2VzdA==,AndheriWest

Amardeep Super Market Near Lokhandwala Circle Shastri Nagar Andheri West,1.19 KM,4.1,41 Votes,"Shop No 3, 7 Skyway Building, Shastri Nagar, Andheri West, Andheri West, Mumbai - 400053, Near Lokhandwala Circle, Shastri Nagar",https://www.justdial.com/Mumbai/Amardeep-Super-Market-Near-Lokhandwala-Circle-Shastri-Nagar-Andheri-West/022PXX22-XX22-120323024457-U8D3_BZDET?xid=TXVtYmFpIEdlbmVyYWwgU3RvcmVzIEFuZGhlcmkgV2VzdA==,AndheriWest

Savla Store Opposite BMC Market Andheri West,1.64 KM,4.2,36 Votes,"Shop No.343, S V Road, Andheri West, Mumbai - 400058, Opposite BMC Market",https://www.justdial.com/Mumbai/Savla-Store-Opposite-BMC-Market-Andheri-West/022P1000578_BZDET?xid=TXVtYmFpIEdlbmVyYWwgU3RvcmVzIEFuZGhlcmkgV2VzdA==,AndheriWest

New Roman Stores Opposite Bank Of Maharashtra 7 Bungalow Andheri West,1.46 KM,4.0,110 Votes,"Shop No-4,Janakdeep Apartment, J.P Road, Andheri West, Mumbai - 400061, Opposite Bank Of Maharashtra, 7 Bungalow",https://www.justdial.com/Mumbai/New-Roman-Stores-Opposite-Bank-Of-Maharashtra-7-Bungalow-Andheri-West/022P5330882_BZDET?xid=TXVtYmFpIEdlbmVyYWwgU3RvcmVzIEFuZGhlcmkgV2VzdA==,AndheriWest

Shri Ram Medical General Stores Near Seven Bungalow Axis Bank Off JP Road Andheri West,1.5 KM,4.1,47 Votes,"Shop 4, Tulsi Building No 1, Jp Road, Andheri West, Mumbai - 400053, Near Seven Bungalow & Axis Bank, Off JP Road",https://www.justdial.com/Mumbai/Shri-Ram-Medical-General-Stores-Near-Seven-Bungalow-Axis-Bank-Off-JP-Road-Andheri-West/022P5462023_BZDET?xid=TXVtYmFpIEdlbmVyYWwgU3RvcmVzIEFuZGhlcmkgV2VzdA==,AndheriWest

Twinkle General Store Off Linking Road Oshiwara Lokhandwala Complex Andheri West,1.55 KM,3.9,95 Votes,"Twinkle Apartment, Shop No 12, Lokhandwala Complex-Andheri West, Mumbai - 400053, Off Linking Road, Oshiwara",https://www.justdial.com/Mumbai/Twinkle-General-Store-Off-Linking-Road-Oshiwara-Lokhandwala-Complex-Andheri-West/022P8019317_BZDET?xid=TXVtYmFpIEdlbmVyYWwgU3RvcmVzIEFuZGhlcmkgV2VzdA==,AndheriWest

Tashkent Medical And General Store Near BMW Showroom and Tashkent Bakery Andheri West,1.6 KM,4.3,29 Votes,"Shop No 600/C, KWG Juhu Lane, Andheri West, Mumbai - 400058, Near BMW Showroom and Tashkent Bakery",https://www.justdial.com/Mumbai/Tashkent-Medical-And-General-Store-Near-BMW-Showroom-and-Tashkent-Bakery-Andheri-West/022PXX22-XX22-140524121140-I6P8_BZDET?xid=TXVtYmFpIEdlbmVyYWwgU3RvcmVzIEFuZGhlcmkgV2VzdA==,AndheriWest

Evershine Chemist Medical General Store Near Country Club Prathmesh Complex Andheri West,1.17 KM,4.1,27 Votes,"Shop No.1, The Panorama Towers Chs Ltd,, Veera Desai Road, Andheri West, Mumbai - 400053, Near Country Club ,Prathmesh Complex",https://www.justdial.com/Mumbai/Evershine-Chemist-Medical-General-Store-Near-Country-Club-Prathmesh-Complex-Andheri-West/022PXX22-XX22-130121160420-X2X3_BZDET?xid=TXVtYmFpIEdlbmVyYWwgU3RvcmVzIEFuZGhlcmkgV2VzdA==,AndheriWest

Laxmi Medical General Store Near Suresh Nagar Andheri West,0.86 KM,4.3,28 Votes,"Shop No-2/3,Mohid Height, Lokhandwala Road, Andheri West, Mumbai - 400053, Near Suresh Nagar",https://www.justdial.com/Mumbai/Laxmi-Medical-General-Store-Near-Suresh-Nagar-Andheri-West/022PXX22-XX22-120214210059-B6K7_BZDET?xid=TXVtYmFpIEdlbmVyYWwgU3RvcmVzIEFuZGhlcmkgV2VzdA==,AndheriWest

Lucky Super Market Opposite Mala Tower Lokhandwala Complex Andheri West,0.94 KM,3.8,101 Votes,"Legend, Shop No 12, Plot 95, Lokhandwala Complex-Andheri West, Mumbai - 400053, Opposite Mala Tower",https://www.justdial.com/Mumbai/Lucky-Super-Market-Opposite-Mala-Tower-Lokhandwala-Complex-Andheri-West/022P1233845793L6Q8K4_BZDET?xid=TXVtYmFpIEdlbmVyYWwgU3RvcmVzIEFuZGhlcmkgV2VzdA==,AndheriWest

Satyam Stores Near Lokhandwala Market Andheri West,1.52 KM,4.2,68 Votes,"Shop No-8,Shiv Shadan, Samarth Nagar, Andheri West, Mumbai - 400053, Near-Lokhandwala Market",https://www.justdial.com/Mumbai/Satyam-Stores-Near-Lokhandwala-Market-Andheri-West/022P1000790_BZDET?xid=TXVtYmFpIEdlbmVyYWwgU3RvcmVzIEFuZGhlcmkgV2VzdA==,AndheriWest

Ramdev Super Market Opposite HDFC Bank 7 Bunglows Andheri West,1.75 KM,4.0,78 Votes,"Shop No 4, Atlanttis Building, J P Road, Andheri West, Mumbai - 400061, Opposite HDFC Bank, 7 Bunglows",https://www.justdial.com/Mumbai/Ramdev-Super-Market-Opposite-HDFC-Bank-7-Bunglows-Andheri-West/022P7705008_BZDET?xid=TXVtYmFpIEdlbmVyYWwgU3RvcmVzIEFuZGhlcmkgV2VzdA==,AndheriWest

Sheetal General Stores Near Four Bunglow Navjit Nagar Andheri West,1.02 KM,4.0,24 Votes,"Shop No 11, Church Road, Andheri West, Mumbai - 400053, Near Four Bunglow, Navjit Nagar",https://www.justdial.com/Mumbai/Sheetal-General-Stores-Near-Four-Bunglow-Navjit-Nagar-Andheri-West/022PF016113_BZDET?xid=TXVtYmFpIEdlbmVyYWwgU3RvcmVzIEFuZGhlcmkgV2VzdA==,AndheriWest

Arif General Stores Near O N G C Building kapaswadi Andheri West,1.04 KM,3.7,16 Votes,"Shop No-1, Ganesh nagar, Opp-juhu versova link road, Andheri West, Mumbai - 400053, Near O.N.G.C. Building, kapaswadi",https://www.justdial.com/Mumbai/Arif-General-Stores-Near-O-N-G-C-Building-kapaswadi-Andheri-West/022PXX22-XX22-150901111517-G2B2_BZDET?xid=TXVtYmFpIEdlbmVyYWwgU3RvcmVzIEFuZGhlcmkgV2VzdA==,AndheriWest

Lucky Medical General Stores Near Four Bunglow Market Andheri West,0.78 KM,3.9,80 Votes,"Building No 27 Shop No 2, Manish Nagar, Andheri West, Mumbai - 400053, Near Four Bunglow Market",https://www.justdial.com/Mumbai/Lucky-Medical-General-Stores-Near-Four-Bunglow-Market-Andheri-West/022P1909472_BZDET?xid=TXVtYmFpIEdlbmVyYWwgU3RvcmVzIEFuZGhlcmkgV2VzdA==,AndheriWest

Vijay General Stores Near Lokhandwala Complex Andheri West,1.18 KM,4.1,15 Votes,"Building No X-17, Uttara Building,Shop No 2, Shastri Nagar, Andheri West, Mumbai - 400053, Near Lokhandwala Complex",https://www.justdial.com/Mumbai/Vijay-General-Stores-Near-Lokhandwala-Complex-Andheri-West/022P1234284642T4D2D1_BZDET?xid=TXVtYmFpIEdlbmVyYWwgU3RvcmVzIEFuZGhlcmkgV2VzdA==,AndheriWest

Kohinoor Stores Near Vegetable Market Andheri West,1.66 KM,4.4,8 Votes,"Shop No.16, S V Road, Andheri West, Mumbai - 400058, Near. Vegetable Market",https://www.justdial.com/Mumbai/Kohinoor-Stores-Near-Vegetable-Market-Andheri-West/022P1233356944X2N1A3_BZDET?xid=TXVtYmFpIEdlbmVyYWwgU3RvcmVzIEFuZGhlcmkgV2VzdA==,AndheriWest

Apple Medical General Store Opposite to Indian Oil Petrol Pump Andheri West,0.45 KM,3.8,16 Votes,"Shop No 2 Shitladevi Devi Co Operative Society, New Link Road, Andheri West, Mumbai - 400053, Opposite to Indian Oil Petrol Pump",https://www.justdial.com/Mumbai/Apple-Medical-General-Store-Opposite-to-Indian-Oil-Petrol-Pump-Andheri-West/022PXX22-XX22-160512100504-A5G7_BZDET?xid=TXVtYmFpIEdlbmVyYWwgU3RvcmVzIEFuZGhlcmkgV2VzdA==,AndheriWest

Liberty General Store Four bungalow Andheri West,0.52 KM,3.8,15 Votes,"Shop no-5/a,manish shopping centre, J.p.road,andheri west, Andheri West, Mumbai - 400053, Four bungalow",https://www.justdial.com/Mumbai/Liberty-General-Store-Four-bungalow-Andheri-West/022P1000751_BZDET?xid=TXVtYmFpIEdlbmVyYWwgU3RvcmVzIEFuZGhlcmkgV2VzdA==,AndheriWest

Mumbai Masala Shop Near Jansahkari Bank Four Bunglows Andheri West,0.79 KM,3.8,25 Votes,"Shop No.05, Nandkripa Annex Shopping Centre, Ratan Nagar, Four Bunglows-Andheri West, Mumbai - 400053, Near Jansahkari Bank",https://www.justdial.com/Mumbai/Mumbai-Masala-Shop-Near-Jansahkari-Bank-Four-Bunglows-Andheri-West/022PXX22-XX22-161125160434-G6C2_BZDET?xid=TXVtYmFpIEdlbmVyYWwgU3RvcmVzIEFuZGhlcmkgV2VzdA==,AndheriWest

Modern Stores Near Lokhandwala Andheri West,1.12 KM,3.6,84 Votes,"Shop 8, B-23 Wembley CHS, Shastri Nagar, Andheri West, Mumbai - 400053, Near Lokhandwala",https://www.justdial.com/Mumbai/Modern-Stores-Near-Lokhandwala-Andheri-West/022P1909229_BZDET?xid=TXVtYmFpIEdlbmVyYWwgU3RvcmVzIEFuZGhlcmkgV2VzdA==,AndheriWest

Jinal Craft Near Bus Depot Andheri West,1.85 KM,3.7,11 Votes,"46, Nadco Super Shopping Centre, S V Road, Andheri West, Mumbai - 400058, Near Bus Depot",https://www.justdial.com/Mumbai/Jinal-Craft-Near-Bus-Depot-Andheri-West/022P1922902_BZDET?xid=TXVtYmFpIEdlbmVyYWwgU3RvcmVzIEFuZGhlcmkgV2VzdA==,AndheriWest

Amber Stores Sweet Opp St Louis Convent School Andheri West,0.71 KM,4.0,11 Votes,"Shop No-4,25/26, Manish Sun Flower, 4 Bunglows Road, Andheri West, Mumbai - 400053, Opp- St. Louis Convent School",https://www.justdial.com/Mumbai/Amber-Stores-Sweet-Opp-St-Louis-Convent-School-Andheri-West/022PXX22-XX22-160829151101-E6C9_BZDET?xid=TXVtYmFpIEdlbmVyYWwgU3RvcmVzIEFuZGhlcmkgV2VzdA==,AndheriWest

Shree Balaji Medical General Store Near Aadarsh Nagar Next to Lotus Petrol Pump Andheri West,1.52 KM,3.9,51 Votes,"Shop No 2, Plot No 971, New Link Road, Andheri West, Mumbai - 400053, Near Aadarsh Nagar, Next to Lotus Petrol Pump",https://www.justdial.com/Mumbai/Shree-Balaji-Medical-General-Store-Near-Aadarsh-Nagar-Next-to-Lotus-Petrol-Pump-Andheri-West/022PXX22-XX22-161007171641-G9S6_BZDET?xid=TXVtYmFpIEdlbmVyYWwgU3RvcmVzIEFuZGhlcmkgV2VzdA==,AndheriWest

Rex General Stores Andheri West,1.12 KM,4.1,408 Votes,"144, Gharkul Society, Mudran Press Colony, Model Town Road, Andheri West, Mumbai - 400061",https://www.justdial.com/Mumbai/Rex-General-Stores-Andheri-West/022PXX22-XX22-181127110040-A4P1_BZDET?xid=TXVtYmFpIEdlbmVyYWwgU3RvcmVzIEFuZGhlcmkgV2VzdA==,AndheriWest

Anand Stores Near Lokhandwala Complex Andheri West,1.2 KM,4.2,24 Votes,"Shop No-0 5 Skyway Building, Shastri Nagar, Andheri West, Mumbai - 400053, Near Lokhandwala Complex",https://www.justdial.com/Mumbai/Anand-Stores-Near-Lokhandwala-Complex-Andheri-West/022PXX22-XX22-120323015923-U6J3_BZDET?xid=TXVtYmFpIEdlbmVyYWwgU3RvcmVzIEFuZGhlcmkgV2VzdA==,AndheriWest

Purnima Medical General Stores Opposite Shoppers Stop Andheri West,1.98 KM,4.4,8 Votes,"Shop No. 35, Viral Shopping Center, S V Road, Andheri West, Mumbai - 400058, Opposite Shoppers Stop",https://www.justdial.com/Mumbai/Purnima-Medical-General-Stores-Opposite-Shoppers-Stop-Andheri-West/022PXX22-XX22-000069112079-X4Q7_BZDET?xid=TXVtYmFpIEdlbmVyYWwgU3RvcmVzIEFuZGhlcmkgV2VzdA==,AndheriWest

Mahaveer Medical General Store Opp bombay Bazar Andheri West,1.13 KM,4.0,45 Votes,"Shop No 3, 139 Vasant Niwas, J P Road, Andheri West, Mumbai - 400058, Opp.bombay Bazar",https://www.justdial.com/Mumbai/Mahaveer-Medical-General-Store-Opp-bombay-Bazar-Andheri-West/022P1002768_BZDET?xid=TXVtYmFpIEdlbmVyYWwgU3RvcmVzIEFuZGhlcmkgV2VzdA==,AndheriWest

Gupta tobacco general store Near Gurudwara Manish Nagar Andheri West,0.46 KM,3.5,6 Votes,"9/10, Kanchan Ganga shop no.10, JP road, Manish Nagar-Andheri West, Mumbai - 400053, Near Gurudwara",https://www.justdial.com/Mumbai/Gupta-tobacco-general-store-Near-Gurudwara-Manish-Nagar-Andheri-West/022PXX22-XX22-160829214709-F9H8_BZDET?xid=TXVtYmFpIEdlbmVyYWwgU3RvcmVzIEFuZGhlcmkgV2VzdA==,AndheriWest

Dhanlaxmi General Stores Opposite D N Nagar Police Station D N Nagar Andheri West,0.73 KM,3.9,23 Votes,"Shop No 1, Building No 43, Shramik Society, Link Road, Andheri West, Mumbai - 400058, Opposite D N Nagar Police Station, D N Nagar",https://www.justdial.com/Mumbai/Dhanlaxmi-General-Stores-Opposite-D-N-Nagar-Police-Station-D-N-Nagar-Andheri-West/022P1200435_BZDET?xid=TXVtYmFpIEdlbmVyYWwgU3RvcmVzIEFuZGhlcmkgV2VzdA==,AndheriWest

Rishikesh Stores Opposite Bus Depot Seven Bunglow Andheri West,1.39 KM,4.1,22 Votes,"Shop No 2, Avinash Building, J P Road, Andheri West, Mumbai - 400053, Opposite Bus Depot Seven Bunglow",https://www.justdial.com/Mumbai/Rishikesh-Stores-Opposite-Bus-Depot-Seven-Bunglow-Andheri-West/022PXX22-XX22-001178710337-X7D2_BZDET?xid=TXVtYmFpIEdlbmVyYWwgU3RvcmVzIEFuZGhlcmkgV2VzdA==,AndheriWest

Ambe Chemist Opposite Sanbless Church Amboli Naka Andheri West,1.53 KM,4.4,86 Votes,"Shop No 5 Suvidha Milind Business Venture, S V Road Corner Ceasar Road, Andheri West, Mumbai - 400058, Opposite Sanbless Church Amboli Naka",https://www.justdial.com/Mumbai/Ambe-Chemist-Opposite-Sanbless-Church-Amboli-Naka-Andheri-West/022P5447700_BZDET?xid=TXVtYmFpIEdlbmVyYWwgU3RvcmVzIEFuZGhlcmkgV2VzdA==,AndheriWest

Metro Chemist And Druggist Opp Jivan Jyot Madicel Center Near Mahavir Jain Tempale Andheri West,1.59 KM,4.2,21 Votes,"Shop No.03 Juhu Aradhana Building, Juhu Lane, Andheri West, Mumbai - 400058, Opp.Jivan Jyot Madicel Center Near Mahavir Jain Tempale",https://www.justdial.com/Mumbai/Metro-Chemist-And-Druggist-Opp-Jivan-Jyot-Madicel-Center-Near-Mahavir-Jain-Tempale-Andheri-West/022PXX22-XX22-131007171915-V3C7_BZDET?xid=TXVtYmFpIEdlbmVyYWwgU3RvcmVzIEFuZGhlcmkgV2VzdA==,AndheriWest

Universal Stores Bakery Opposite New India Stock Colony Andheri West,1.85 KM,4.1,33 Votes,"Himachal Building, Shop No 11, Juhu Lane, Andheri West, Mumbai - 400058, Opposite New India Stock Colony",https://www.justdial.com/Mumbai/Universal-Stores-Bakery-Opposite-New-India-Stock-Colony-Andheri-West/022PXX22-XX22-100224153613-T1Q8_BZDET?xid=TXVtYmFpIEdlbmVyYWwgU3RvcmVzIEFuZGhlcmkgV2VzdA==,AndheriWest

My Choice Near Lokhandwala Complex Andheri West,1.87 KM,4.0,23 Votes,"Shop No 8, Accropolist, Road No 3, Andheri West, Mumbai - 400053, Near Lokhandwala Complex",https://www.justdial.com/Mumbai/My-Choice-Near-Lokhandwala-Complex-Andheri-West/022PXX22-XX22-100628101457-H6I9_BZDET?xid=TXVtYmFpIEdlbmVyYWwgU3RvcmVzIEFuZGhlcmkgV2VzdA==,AndheriWest

Get Well Medical General Store Near ZAF Fitness Club Andheri West,1.1 KM,4.3,15 Votes,"1 B Abhishek Apartment, Juhu Versova Link Road, Andheri West, Mumbai - 400053, Near ZAF Fitness Club",https://www.justdial.com/Mumbai/Get-Well-Medical-General-Store-Near-ZAF-Fitness-Club-Andheri-West/022PXX22-XX22-121214093922-C2C7_BZDET?xid=TXVtYmFpIEdlbmVyYWwgU3RvcmVzIEFuZGhlcmkgV2VzdA==,AndheriWest

Kishor Supermarket Lokhandwala Complex Andheri West,1.98 KM,3.7,48 Votes,"Shop No B5, Rna Shopping Centre, 4th Cross Lane, Lokhandwala Complex-Andheri West, Mumbai - 400053",https://www.justdial.com/Mumbai/Kishor-Supermarket-Lokhandwala-Complex-Andheri-West/022PXX22-XX22-120316015937-V9Y4_BZDET?xid=TXVtYmFpIEdlbmVyYWwgU3RvcmVzIEFuZGhlcmkgV2VzdA==,AndheriWest

Alfa General Store Andheri West,1.47 KM,4.4,5 Votes,"Shop No 18, Juhu Lane, Andheri West, Mumbai - 400058",https://www.justdial.com/Mumbai/Alfa-General-Store-Andheri-West/022PXX22-XX22-140610130339-R4R2_BZDET?xid=TXVtYmFpIEdlbmVyYWwgU3RvcmVzIEFuZGhlcmkgV2VzdA==,AndheriWest

Valaji General Stores Near Infinity Mall Lokhandwala Complex Andheri West,1.53 KM,4.0,13 Votes,"Shop No.7-B, Twinkle Apartment, Lokhandwala Complex, Lokhandwala Complex-Andheri West, Mumbai - 400053, Near Infinity Mall",https://www.justdial.com/Mumbai/Valaji-General-Stores-Near-Infinity-Mall-Lokhandwala-Complex-Andheri-West/022PXX22-XX22-130316160558-T3U5_BZDET?xid=TXVtYmFpIEdlbmVyYWwgU3RvcmVzIEFuZGhlcmkgV2VzdA==,AndheriWest

Alfa Medical And General Stores Near Tashkant Bakery Andheri West,1.55 KM,4.2,24 Votes,"Akwg 345, Wireless Road, Juhu Galli, Andheri West, Mumbai - 400058, Near Tashkant Bakery",https://www.justdial.com/Mumbai/Alfa-Medical-And-General-Stores-Near-Tashkant-Bakery-Andheri-West/022PXX22-XX22-120209194216-J1J1_BZDET?xid=TXVtYmFpIEdlbmVyYWwgU3RvcmVzIEFuZGhlcmkgV2VzdA==,AndheriWest

Shivtirth Medical General Store Opposite ICICI Bank Andheri West,0.59 KM,3.9,31 Votes,"Shop No 10, Flowerqueen Building, Veera Desai Road, Andheri West, Mumbai - 400053, Opposite ICICI Bank",https://www.justdial.com/Mumbai/Shivtirth-Medical-General-Store-Opposite-ICICI-Bank-Andheri-West/022PXX22-XX22-001020541413-G8N1_BZDET?xid=TXVtYmFpIEdlbmVyYWwgU3RvcmVzIEFuZGhlcmkgV2VzdA==,AndheriWest

Liberty General Stores Near DN Nagar Metro Station Andheri West,0.45 KM,3.6,12 Votes,"Shop No 2, Kanchanganga , Manish Nagar, 4 Bunglows, Andheri West, Mumbai - 400053, Near DN Nagar Metro Station",https://www.justdial.com/Mumbai/Liberty-General-Stores-Near-DN-Nagar-Metro-Station-Andheri-West/022PXX22-XX22-180517153411-T5A7_BZDET?xid=TXVtYmFpIEdlbmVyYWwgU3RvcmVzIEFuZGhlcmkgV2VzdA==,AndheriWest

Satyam Store Near Court Yard Resturant Andheri West,0.47 KM,4.2,24 Votes,"Shop No.10, Parul Apartment, Veera Desai Road, Andheri West, Mumbai - 400053, Near Court Yard Resturant",https://www.justdial.com/Mumbai/Satyam-Store-Near-Court-Yard-Resturant-Andheri-West/022P1231266567R6P3H7_BZDET?xid=TXVtYmFpIEdlbmVyYWwgU3RvcmVzIEFuZGhlcmkgV2VzdA==,AndheriWest

Care N Cure Medical General Stores Andheri West,0.54 KM,3.5,6 Votes,"Manish Shpng Centre,J P Road, Andheri West, Mumbai - 400053",https://www.justdial.com/Mumbai/Care-N-Cure-Medical-General-Stores-Andheri-West/022PXX22-XX22-120125181355-Q5N3_BZDET?xid=TXVtYmFpIEdlbmVyYWwgU3RvcmVzIEFuZGhlcmkgV2VzdA==,AndheriWest

Colony Medical General Store D N Ngr Office Bldg 8 1 Andheri West,0.6 KM,4.3,19 Votes,"Shop No 8/1, Ganesh Chowk, Andheri West, Mumbai - 400053, D N Ngr, Office Bldg 8/1",https://www.justdial.com/Mumbai/Colony-Medical-General-Store-D-N-Ngr-Office-Bldg-8-1-Andheri-West/022P1233671659Z4L5D7_BZDET?xid=TXVtYmFpIEdlbmVyYWwgU3RvcmVzIEFuZGhlcmkgV2VzdA==,AndheriWest

Ashtavinayak Provision General Stores Near Laxminarayan Temple Andheri West,0.62 KM,3.6,5 Votes,"Shop No 12,Sainath Shopping Centre, Veera Desai Road, Andheri West, Mumbai - 400053, Near Laxminarayan Temple",https://www.justdial.com/Mumbai/Ashtavinayak-Provision-General-Stores-Near-Laxminarayan-Temple-Andheri-West/022PXX22-XX22-110103183647-M3U3_BZDET?xid=TXVtYmFpIEdlbmVyYWwgU3RvcmVzIEFuZGhlcmkgV2VzdA==,AndheriWest

Prasad General Store Opposite Mvm School Andheri West,0.85 KM,3.5,9 Votes,"Shop No 3, Sai Shraddha Society, Veera Desai Road, Andheri West, Mumbai - 400058, Opposite Mvm School",https://www.justdial.com/Mumbai/Prasad-General-Store-Opposite-Mvm-School-Andheri-West/022PXX22-XX22-130215182045-J4K5_BZDET?xid=TXVtYmFpIEdlbmVyYWwgU3RvcmVzIEFuZGhlcmkgV2VzdA==,AndheriWest

Jagdish Store Navalkar Compound Andheri West,0.96 KM,4.6,47 Votes,"Siddhkuttir Bangla, N Datta Marg, Andheri West, Mumbai - 400053, Navalkar Compound",https://www.justdial.com/Mumbai/Jagdish-Store-Navalkar-Compound-Andheri-West/022PXX22-XX22-120915140758-H5I4_BZDET?xid=TXVtYmFpIEdlbmVyYWwgU3RvcmVzIEFuZGhlcmkgV2VzdA==,AndheriWest

Sheetal General Store 4 Bunglow Andheri West,1.02 KM,3.9,7 Votes,"Shop No 11, Navjit Nagar, Juhu Versova Link Road, Andheri West, Mumbai - 400053, 4 Bunglow",https://www.justdial.com/Mumbai/Sheetal-General-Store-4-Bunglow-Andheri-West/022PXX22-XX22-160120150622-B9D8_BZDET?xid=TXVtYmFpIEdlbmVyYWwgU3RvcmVzIEFuZGhlcmkgV2VzdA==,AndheriWest

Central Society Medical General Stores Near Joe Helan Ground Andheri West,1.09 KM,4.3,20 Votes,"Shop No 1, Desai Villa, Jay Bhavani Mata Road, Andheri West, Mumbai - 400058, Near Joe Helan Ground",https://www.justdial.com/Mumbai/Central-Society-Medical-General-Stores-Near-Joe-Helan-Ground-Andheri-West/022P1224535837L3L7I9_BZDET?xid=TXVtYmFpIEdlbmVyYWwgU3RvcmVzIEFuZGhlcmkgV2VzdA==,AndheriWest

Shiv Medical General Stores 4 Bungalows Svp Nagar Nr Telephone Exchange Andheri West,1.09 KM,3.6,7 Votes,"57/D-3,Mahada, Andheri West, Mumbai - 400053, 4 Bungalows,Svp Nagar,Nr Telephone Exchange",https://www.justdial.com/Mumbai/Shiv-Medical-General-Stores-4-Bungalows-Svp-Nagar-Nr-Telephone-Exchange-Andheri-West/022PXX22-XX22-001084760798-Z4C1_BZDET?xid=TXVtYmFpIEdlbmVyYWwgU3RvcmVzIEFuZGhlcmkgV2VzdA==,AndheriWest

Patel General Stores Ramesh Nagar Near 248 Last Bus Stop Amboli Andheri West,1.15 KM,4.4,7 Votes,"Shop No 8, Unique Apartment, Jai Bhavani Mata Road, Amboli-Andheri West, Mumbai - 400058, Ramesh Nagar, Near 248 Last Bus Stop",https://www.justdial.com/Mumbai/Patel-General-Stores-Ramesh-Nagar-Near-248-Last-Bus-Stop-Amboli-Andheri-West/022PXX22-XX22-150109201057-N5Z9_BZDET?xid=TXVtYmFpIEdlbmVyYWwgU3RvcmVzIEFuZGhlcmkgV2VzdA==,AndheriWest

Amogh Sai Medical General Store Opposite Navnit Society 32 Bharda Wadi Andheri West,1.16 KM,4.1,10 Votes,"Shop No 1, New Ankur Chs, Bharda Wadi Road, Andheri West, Mumbai - 400058, Opposite Navnit Society, 32 Bharda Wadi",https://www.justdial.com/Mumbai/Amogh-Sai-Medical-General-Store-Opposite-Navnit-Society-32-Bharda-Wadi-Andheri-West/022PXX22-XX22-120515042138-X5U4_BZDET?xid=TXVtYmFpIEdlbmVyYWwgU3RvcmVzIEFuZGhlcmkgV2VzdA==,AndheriWest

Micky General Store Opposite Hdfc Bank Shastri Nagar Lokhandwala Complex Andheri West,1.24 KM,4.0,14 Votes,"Shop No 1, Y-4, Marble Arch Society, Lokhandwala Complex-Andheri West, Mumbai - 400053, Opposite Hdfc Bank, Shastri Nagar",https://www.justdial.com/Mumbai/Micky-General-Store-Opposite-Hdfc-Bank-Shastri-Nagar-Lokhandwala-Complex-Andheri-West/022PXX22-XX22-110718153520-I5G9_BZDET?xid=TXVtYmFpIEdlbmVyYWwgU3RvcmVzIEFuZGhlcmkgV2VzdA==,AndheriWest

Imax Medical And General Store Near Sai Baba Mandir Antop Hill,0.52 KM,3.7,11 Votes,"Shop No 351 2/2, Sangam Nagar, Antop Hill, Mumbai - 400037, Near Sai Baba Mandir",https://www.justdial.com/Mumbai/Imax-Medical-And-General-Store-Near-Sai-Baba-Mandir-Antop-Hill/022PXX22-XX22-130218125528-B7S6_BZDET?xid=TXVtYmFpIEdlbmVyYWwgU3RvcmVzIEFudG9wIEhpbGw=,Antop Hill

Kukus Mart HDFC Bank Antop Hill,0.11 KM,4.1,65 Votes,"Shop No 21, Dosti Shopping Center, S M D Road, Antop Hill, Mumbai - 400037, HDFC Bank",https://www.justdial.com/Mumbai/Kukus-Mart-HDFC-Bank-Antop-Hill/022PXX22-XX22-160108130932-Z3G5_BZDET?xid=TXVtYmFpIEdlbmVyYWwgU3RvcmVzIEFudG9wIEhpbGw=,Antop Hill

Kohinoor Medical General Stores Near Vidyalankar College Antop Hill,0.46 KM,4.2,6 Votes,"Shop No.2/3, Plot No.186, Sangam Nagar, Antop Hill, Mumbai - 400037, Near Vidyalankar College",https://www.justdial.com/Mumbai/Kohinoor-Medical-General-Stores-Near-Vidyalankar-College-Antop-Hill/022PXX22-XX22-121218145237-C6C7_BZDET?xid=TXVtYmFpIEdlbmVyYWwgU3RvcmVzIEFudG9wIEhpbGw=,Antop Hill

Mohan Store S M Road Antop Hill,0.43 KM,4.3,14 Votes,"Shop No 7, Bhatkuli Shaha Baba Compound, Antop Hill, Mumbai - 400037, S M Road",https://www.justdial.com/Mumbai/Mohan-Store-S-M-Road-Antop-Hill/022PXX22-XX22-120308210652-S7Z1_BZDET?xid=TXVtYmFpIEdlbmVyYWwgU3RvcmVzIEFudG9wIEhpbGw=,Antop Hill

Metro Chemist General Stores Near Antop Hill Post Office Antop Hill,0.44 KM,3.7,14 Votes,"Shop No.6, B-Wing, Mistry Park, S.M.Road, Antop Hill, Mumbai - 400037, Near.Antop Hill Post Office",https://www.justdial.com/Mumbai/Metro-Chemist-General-Stores-Near-Antop-Hill-Post-Office-Antop-Hill/022PXX22-XX22-121123160833-X2E7_BZDET?xid=TXVtYmFpIEdlbmVyYWwgU3RvcmVzIEFudG9wIEhpbGw=,Antop Hill

Apple Chemist General Stores Opp Hanuman Mandir Antop Hill,0.47 KM,4.2,5 Votes,"Shop No.FNG-1,2/2, Bharatiya Kamala Nagar, S.P. Road, Antop Hill, Mumbai - 400037, Opp. Hanuman Mandir",https://www.justdial.com/Mumbai/Apple-Chemist-General-Stores-Opp-Hanuman-Mandir-Antop-Hill/022PXX22-XX22-121217140317-U3W7_BZDET?xid=TXVtYmFpIEdlbmVyYWwgU3RvcmVzIEFudG9wIEhpbGw=,Antop Hill

Rajesh General Stores Near Sm Dargah Antop Hill,0.49 KM,4.3,11 Votes,"175 Antophill, SMD Road, Antop Hill, Mumbai - 400037, Near Sm Dargah",https://www.justdial.com/Mumbai/Rajesh-General-Stores-Near-Sm-Dargah-Antop-Hill/022P1235076429Z4D7W1_BZDET?xid=TXVtYmFpIEdlbmVyYWwgU3RvcmVzIEFudG9wIEhpbGw=,Antop Hill

Saravana Stores Antop Hill,0.59 KM,4.5,6 Votes,"100 S M Road, Antop Hill, Mumbai - 400037",https://www.justdial.com/Mumbai/Saravana-Stores-Antop-Hill/022PXX22-XX22-140510144336-G7Y9_BZDET?xid=TXVtYmFpIEdlbmVyYWwgU3RvcmVzIEFudG9wIEhpbGw=,Antop Hill

J S Chaudhary Kirana General Store Near Hanuman Mandir Bhartiya Kamla Nagar Antop Hill Wadala East,0.96 KM,4.4,5 Votes,"Shop No 205, S P Road, Wadala East, Mumbai - 400037, Near Hanuman Mandir, Bhartiya Kamla Nagar Antop Hill",https://www.justdial.com/Mumbai/J-S-Chaudhary-Kirana-General-Store-Near-Hanuman-Mandir-Bhartiya-Kamla-Nagar-Antop-Hill-Wadala-East/022PXX22-XX22-180427185010-S5C6_BZDET?xid=TXVtYmFpIEdlbmVyYWwgU3RvcmVzIEFudG9wIEhpbGw=,Antop Hill

Momin Medical General Stores Opposite Ahlehadies Masjid Antop Hill,1.01 KM,4.8,11 Votes,"R-630, Bharatiya Kamala Nagar, S.P.Road, Antop Hill, Mumbai - 400037, Opposite Ahlehadies Masjid",https://www.justdial.com/Mumbai/Momin-Medical-General-Stores-Opposite-Ahlehadies-Masjid-Antop-Hill/022PXX22-XX22-121217134611-T6I2_BZDET?xid=TXVtYmFpIEdlbmVyYWwgU3RvcmVzIEFudG9wIEhpbGw=,Antop Hill

Patel Provision Stores Next to Mehboob Studio Bandra West,0.83 KM,4.2,1008 Votes,"Plot No 100 A, Hill Road, Bandra West, Mumbai - 400050, Next to Mehboob Studio",https://www.justdial.com/Mumbai/Patel-Provision-Stores-Next-to-Mehboob-Studio-Bandra-West/022P8700114_BZDET?xid=TXVtYmFpIEdlbmVyYWwgU3RvcmVzIEJhbmRyYSBXZXN0,Bandra West

Solanki Medical And General Stores Near Pali MARKET Bandra West,0.87 KM,4.0,544 Votes,"SHOP NO.14/B Dheeraj Arcade BLDG, Pali NAKA, Bandra West, Mumbai - 400050, Near Pali MARKET",https://www.justdial.com/Mumbai/Solanki-Medical-And-General-Stores-Near-Pali-MARKET-Bandra-West/022PF018415_BZDET?xid=TXVtYmFpIEdlbmVyYWwgU3RvcmVzIEJhbmRyYSBXZXN0,Bandra West

Modern Stores Opposite Camy Wafers Bandra West,0.87 KM,4.0,287 Votes,"Shop No 11, Dhiraj Arcade, Pali Naka Road, Bandra West, Mumbai - 400050, Opposite Camy Wafers",https://www.justdial.com/Mumbai/Modern-Stores-Opposite-Camy-Wafers-Bandra-West/022PF015399_BZDET?xid=TXVtYmFpIEdlbmVyYWwgU3RvcmVzIEJhbmRyYSBXZXN0,Bandra West

Kalidas Vishram Opposite Shree Laxmi Hotel Next to Fish Market Bandra West,0.2 KM,4.1,157 Votes,"87, N.D.Marg Bazar Road, Bandra West, Mumbai - 400050, Opposite Shree Laxmi Hotel, Next to Fish Market",https://www.justdial.com/Mumbai/Kalidas-Vishram-Opposite-Shree-Laxmi-Hotel-Next-to-Fish-Market-Bandra-West/022PXX22-XX22-121023155238-F5D4_BZDET?xid=TXVtYmFpIEdlbmVyYWwgU3RvcmVzIEJhbmRyYSBXZXN0,Bandra West

Bombay General Stores Near Hill Road Bandra West,0.46 KM,4.0,335 Votes,"18/413, Jain Mandir Road, Bandra West, Mumbai - 400050, Near Hill Road",https://www.justdial.com/Mumbai/Bombay-General-Stores-Near-Hill-Road-Bandra-West/022PK023775_BZDET?xid=TXVtYmFpIEdlbmVyYWwgU3RvcmVzIEJhbmRyYSBXZXN0,Bandra West

Tejani Convenient Stores Near TPS 3 Bandra West,1.13 KM,4.0,169 Votes,"Shop No 1 2, Corner View Cooperative Housing Society, Kamal Kunj 15 & 33 Road Junction, Bandra West, Mumbai - 400050, Near TPS 3",https://www.justdial.com/Mumbai/Tejani-Convenient-Stores-Near-TPS-3-Bandra-West/022P1929510_BZDET?xid=TXVtYmFpIEdlbmVyYWwgU3RvcmVzIEJhbmRyYSBXZXN0,Bandra West

Shree Ganesh Medical And General Store Opposite Holy Family Hospital Bandra West,0.5 KM,4.2,42 Votes,"Shop No. 9, Classic Corner, Junction Of Hill Road & St. Andrews Road, Bandra West, Mumbai - 400050, Opposite Holy Family Hospital",https://www.justdial.com/Mumbai/Shree-Ganesh-Medical-And-General-Store-Opposite-Holy-Family-Hospital-Bandra-West/022PXX22-XX22-100430190902-T8S8_BZDET?xid=TXVtYmFpIEdlbmVyYWwgU3RvcmVzIEJhbmRyYSBXZXN0,Bandra West

Cheap Jack General Stores Opp St Joseph Convent Bandra West,0.11 KM,3.8,96 Votes,"Plot No 63, Hill Road, Bandra West, Mumbai - 400050, Opp St Joseph Convent",https://www.justdial.com/Mumbai/Cheap-Jack-General-Stores-Opp-St-Joseph-Convent-Bandra-West/022PXX22-XX22-000994617350-K6H2_BZDET?xid=TXVtYmFpIEdlbmVyYWwgU3RvcmVzIEJhbmRyYSBXZXN0,Bandra West

Benzer Super Market Near Saks Hair and Beauty Bandra West,0.49 KM,4.0,78 Votes,"Shop No 4, Saquib, J N Turner Road, Bandra West, Mumbai - 400050, Near Saks Hair and Beauty",https://www.justdial.com/Mumbai/Benzer-Super-Market-Near-Saks-Hair-and-Beauty-Bandra-West/022PAPP20080511IROK8107803_BZDET?xid=TXVtYmFpIEdlbmVyYWwgU3RvcmVzIEJhbmRyYSBXZXN0,Bandra West

Roman General Provision Store Opposite Kotak Mahindra Bank Bandra West,0.51 KM,3.9,76 Votes,"Shop No 7, Carlton Court Building, 3 Perry Road, Bandra West, Mumbai - 400050, Opposite Kotak Mahindra Bank",https://www.justdial.com/Mumbai/Roman-General-Provision-Store-Opposite-Kotak-Mahindra-Bank-Bandra-West/022P1235855100N2F7V7_BZDET?xid=TXVtYmFpIEdlbmVyYWwgU3RvcmVzIEJhbmRyYSBXZXN0,Bandra West

Prince Super Market Near Hongkong Bank Bandra West,0.58 KM,3.6,6 Votes,"16/B, Pali Road, Bandra West, Mumbai - 400050, Near Hongkong Bank",https://www.justdial.com/Mumbai/Prince-Super-Market-Near-Hongkong-Bank-Bandra-West/022PK022480_BZDET?xid=TXVtYmFpIEdlbmVyYWwgU3RvcmVzIEJhbmRyYSBXZXN0,Bandra West

Regal Medical General Store Near Mini Panjab Hotel Bandra West,1.06 KM,4.1,41 Votes,"Shop No 1A, Param Jyoti Co-Operative Society, 16th Road, Bandra West, Mumbai - 400050, Near Mini Panjab Hotel",https://www.justdial.com/Mumbai/Regal-Medical-General-Store-Near-Mini-Panjab-Hotel-Bandra-West/022PXX22-XX22-090925112450-R5I6_BZDET?xid=TXVtYmFpIEdlbmVyYWwgU3RvcmVzIEJhbmRyYSBXZXN0,Bandra West

Royal Society Super Stores Opp Chimbai Police Station Bandra West,0.86 KM,4.4,46 Votes,"Shop No 5, Ocean Side Co Operative Housing Society, 16, Chimbai Road, Bandra West, Mumbai - 400050, Opp Chimbai Police Station",https://www.justdial.com/Mumbai/Royal-Society-Super-Stores-Opp-Chimbai-Police-Station-Bandra-West/022P1933069_BZDET?xid=TXVtYmFpIEdlbmVyYWwgU3RvcmVzIEJhbmRyYSBXZXN0,Bandra West

Enkays Foodland Near Rizwi College Bandra West,1.53 KM,3.6,12 Votes,"Shop No. 5, Parichay Building, Sherly Rajan Road, Bandra West, Mumbai - 400050, Near Rizwi College",https://www.justdial.com/Mumbai/Enkays-Foodland-Near-Rizwi-College-Bandra-West/022PXX22-XX22-131227120010-M3Z5_BZDET?xid=TXVtYmFpIEdlbmVyYWwgU3RvcmVzIEJhbmRyYSBXZXN0,Bandra West

Gems Medical and General Store Near Pali Mala Road Bandra West,1.13 KM,4.2,40 Votes,"Shop No 9, 7, Pali Mala Road, Bandra West, Mumbai - 400050, Near Pali Mala Road",https://www.justdial.com/Mumbai/Gems-Medical-and-General-Store-Near-Pali-Mala-Road-Bandra-West/022PXX22-XX22-120224132003-T8Q7_BZDET?xid=TXVtYmFpIEdlbmVyYWwgU3RvcmVzIEJhbmRyYSBXZXN0,Bandra West

In Out Opposite Shoppers Stop Bandra West,0.84 KM,4.1,30 Votes,"241, Linking Road, Bandra West, Mumbai - 400050, Opposite Shoppers Stop",https://www.justdial.com/Mumbai/In-Out-Opposite-Shoppers-Stop-Bandra-West/022PXX22-XX22-140811144054-C3B4_BZDET?xid=TXVtYmFpIEdlbmVyYWwgU3RvcmVzIEJhbmRyYSBXZXN0,Bandra West

Gala Provision Stores Pali Market Bandra West,0.93 KM,4.7,6 Votes,"Silver Craft Appartment, Pali Mala Road, Bandra West, Mumbai - 400050, Pali Market",https://www.justdial.com/Mumbai/Gala-Provision-Stores-Pali-Market-Bandra-West/022PXX22-XX22-130830004504-G2M2_BZDET?xid=TXVtYmFpIEdlbmVyYWwgU3RvcmVzIEJhbmRyYSBXZXN0,Bandra West

Bombay Medical And General Store Opppsite Railway Station Near Akbar Academy Bandra West,0.74 KM,4.0,20 Votes,"Shop No 44/2, National Library Road, Nandi Lane, Bandra West, Mumbai - 400050, Opppsite Railway Station, Near Akbar Academy",https://www.justdial.com/Mumbai/Bombay-Medical-And-General-Store-Opppsite-Railway-Station-Near-Akbar-Academy-Bandra-West/022P1211580593Z6R7T4_BZDET?xid=TXVtYmFpIEdlbmVyYWwgU3RvcmVzIEJhbmRyYSBXZXN0,Bandra West

Noor Medical General Stores Near Nandi Gally Opposite Railway Station Bandra West,0.82 KM,4.3,33 Votes,"42, Ground Floor, Dalal House, National Library Road, Bandra West, Mumbai - 400050, Near Nandi Gally, Opposite Railway Station",https://www.justdial.com/Mumbai/Noor-Medical-General-Stores-Near-Nandi-Gally-Opposite-Railway-Station-Bandra-West/022P1236114395B3H3V9_BZDET?xid=TXVtYmFpIEdlbmVyYWwgU3RvcmVzIEJhbmRyYSBXZXN0,Bandra West

Pali Chemist Opposite Poonam Jewellers Besides Jude Bakery Near Pali Market Bandra West,0.88 KM,4.0,19 Votes,"Shop 1, 56/A, Pali Mala Road, Bandra West, Mumbai - 400050, Opposite Poonam Jewellers, Besides Jude Bakery, Near Pali Market",https://www.justdial.com/Mumbai/Pali-Chemist-Opposite-Poonam-Jewellers-Besides-Jude-Bakery-Near-Pali-Market-Bandra-West/022PXX22-XX22-000697504605-M6E6_BZDET?xid=TXVtYmFpIEdlbmVyYWwgU3RvcmVzIEJhbmRyYSBXZXN0,Bandra West

Sundaram General Stores 78 Pali Hill Bandra West,1.12 KM,3.8,20 Votes,"Shop No 1, Maria Apartments, Nargis Dutt Road, Bandra West, Mumbai - 400050, 78 Pali Hill",https://www.justdial.com/Mumbai/Sundaram-General-Stores-78-Pali-Hill-Bandra-West/022P1932880_BZDET?xid=TXVtYmFpIEdlbmVyYWwgU3RvcmVzIEJhbmRyYSBXZXN0,Bandra West

Janta Store Near Mini Punjab Bandra West,1.16 KM,3.7,11 Votes,"344, Deluxe Building Junction Of 33rd &16th Road, 33rd Road, Bandra West, Mumbai - 400050, Near Mini Punjab",https://www.justdial.com/Mumbai/Janta-Store-Near-Mini-Punjab-Bandra-West/022PXX22-XX22-140723160325-P9E2_BZDET?xid=TXVtYmFpIEdlbmVyYWwgU3RvcmVzIEJhbmRyYSBXZXN0,Bandra West

Jayant Stores Opp Yoga House Bandra West,1.37 KM,4.0,25 Votes,"40 A, Mark Villas, Shirley Rajan Road, Bandra West, Mumbai - 400050, Opp. Yoga House",https://www.justdial.com/Mumbai/Jayant-Stores-Opp-Yoga-House-Bandra-West/022PXX22-XX22-140602144301-M2I5_BZDET?xid=TXVtYmFpIEdlbmVyYWwgU3RvcmVzIEJhbmRyYSBXZXN0,Bandra West

MG Medical General Store Near Pali Market Bandra West,0.91 KM,4.0,42 Votes,"Shop No. 4, Shahina Co-Operative Housing Society, Pali Market Road, Bandra West, Mumbai - 400050, Near Pali Market",https://www.justdial.com/Mumbai/MG-Medical-General-Store-Near-Pali-Market-Bandra-West/022PZE01497_BZDET?xid=TXVtYmFpIEdlbmVyYWwgU3RvcmVzIEJhbmRyYSBXZXN0,Bandra West

Care Medical General Store Opposite Angel House Bandra West,1.13 KM,3.8,34 Votes,"Shop No 30, Pali Mala Road, Bandra West, Mumbai - 400050, Opposite Angel House",https://www.justdial.com/Mumbai/Care-Medical-General-Store-Opposite-Angel-House-Bandra-West/022PXX22-XX22-120824024251-C5W9_BZDET?xid=TXVtYmFpIEdlbmVyYWwgU3RvcmVzIEJhbmRyYSBXZXN0,Bandra West

Sandeep General Stores Opposite Poonam Jewellers Bandra West,0.87 KM,3.5,16 Votes,"Shop No 56/A, Pali Market, Pali Mala Road, Bandra West, Mumbai - 400050, Opposite Poonam Jewellers",https://www.justdial.com/Mumbai/Sandeep-General-Stores-Opposite-Poonam-Jewellers-Bandra-West/022P1932876_BZDET?xid=TXVtYmFpIEdlbmVyYWwgU3RvcmVzIEJhbmRyYSBXZXN0,Bandra West

Pali General Stores Opp Jude Bakery Bandra West,0.89 KM,4.3,11 Votes,"Shop No.3, 44, Passion Flower, Pali Naka,, Bandra West, Mumbai - 400050, Opp. Jude Bakery",https://www.justdial.com/Mumbai/Pali-General-Stores-Opp-Jude-Bakery-Bandra-West/022P1933041_BZDET?xid=TXVtYmFpIEdlbmVyYWwgU3RvcmVzIEJhbmRyYSBXZXN0,Bandra West

Raghavji Shivji Savla Provision Store New Kant Wadi Bandra West,0.95 KM,4.7,10 Votes,"33 May Flower, Off. Perry Cross Road, Bandra West, Mumbai - 400050, New Kant Wadi",https://www.justdial.com/Mumbai/Raghavji-Shivji-Savla-Provision-Store-New-Kant-Wadi-Bandra-West/022PXX22-XX22-160531140659-D9U5_BZDET?xid=TXVtYmFpIEdlbmVyYWwgU3RvcmVzIEJhbmRyYSBXZXN0,Bandra West

Vijay Stores Provision General Stores Next To Duke Hotel Bandra West,,3.6,5 Votes,"Chapel Road, Bandra West, Mumbai - 400050, Next To Duke Hotel",https://www.justdial.com/Mumbai/Vijay-Stores-Provision-General-Stores-Next-To-Duke-Hotel-Bandra-West/022PXX22-XX22-110117180130-G1R9_BZDET?xid=TXVtYmFpIEdlbmVyYWwgU3RvcmVzIEJhbmRyYSBXZXN0,Bandra West

Sameer Stores Near Cafe Coffee Day Bandra West,0.69 KM,4.1,18 Votes,"Shop No 1, 87 Chapel Road, Bandra West, Mumbai - 400050, Near Cafe Coffee Day",https://www.justdial.com/Mumbai/Sameer-Stores-Near-Cafe-Coffee-Day-Bandra-West/022PXX22-XX22-140103184510-Z3F4_BZDET?xid=TXVtYmFpIEdlbmVyYWwgU3RvcmVzIEJhbmRyYSBXZXN0,Bandra West

N M Foods Opp Jolly Bldg Bandra West,0.71 KM,4.3,12 Votes,"Shop No. 6 Shahina Bldg, Pali Mala Road, Bandra West, Mumbai - 400050, Opp. Jolly Bldg",https://www.justdial.com/Mumbai/N-M-Foods-Opp-Jolly-Bldg-Bandra-West/022PXX22-XX22-120824024509-J3N9_BZDET?xid=TXVtYmFpIEdlbmVyYWwgU3RvcmVzIEJhbmRyYSBXZXN0,Bandra West

Shafi Stores Barists Lavazza Bandra West,0.8 KM,4.5,27 Votes,"Diamond Arcade Shop No 4, St John Road, Bandra West, Mumbai - 400050, Barists Lavazza",https://www.justdial.com/Mumbai/Shafi-Stores-Barists-Lavazza-Bandra-West/022PCLR20080617IROL572542040_BZDET?xid=TXVtYmFpIEdlbmVyYWwgU3RvcmVzIEJhbmRyYSBXZXN0,Bandra West

RK Shah Grains Provision Mount Mary Steps Bandra West,1.09 KM,5.0,5 Votes,"Shop No 1 ,Pillar Building, Saint John Baptist Road, Bandra West, Mumbai - 400050, Mount Mary Steps",https://www.justdial.com/Mumbai/RK-Shah-Grains-Provision-Mount-Mary-Steps-Bandra-West/022PXX22-XX22-160528144247-G5C5_BZDET?xid=TXVtYmFpIEdlbmVyYWwgU3RvcmVzIEJhbmRyYSBXZXN0,Bandra West

Gala Medical General Stores Bandra West,0.21 KM,4.2,6 Votes,"Shop No 78, Karim Cotttage, Bazar Road, Bandra West, Mumbai - 400050",https://www.justdial.com/Mumbai/Gala-Medical-General-Stores-Bandra-West/022P1236020371Y2B5M8_BZDET?xid=TXVtYmFpIEdlbmVyYWwgU3RvcmVzIEJhbmRyYSBXZXN0,Bandra West

New India General Stores Near Pali Market Bandra West,0.83 KM,4.1,31 Votes,"Shop No.1, St. Andrew, Bandra West, Mumbai - 400050, Near Pali Market,",https://www.justdial.com/Mumbai/New-India-General-Stores-Near-Pali-Market-Bandra-West/022PXX22-XX22-150813173656-R6Q2_BZDET?xid=TXVtYmFpIEdlbmVyYWwgU3RvcmVzIEJhbmRyYSBXZXN0,Bandra West

Ayushi General Store Parichay CHS Bandra West,1.51 KM,3.8,24 Votes,"Shop No. 5/E, Sherly Rajan Road, Bandra West, Mumbai - 400050, Parichay CHS",https://www.justdial.com/Mumbai/Ayushi-General-Store-Parichay-CHS-Bandra-West/022PXX22-XX22-101004132446-N5K3_BZDET?xid=TXVtYmFpIEdlbmVyYWwgU3RvcmVzIEJhbmRyYSBXZXN0,Bandra West

Bhavesh Provision Store Near Sia Masjid Bandra West,0.15 KM,4.1,5 Votes,"Shop No:7, 90, Bazar Road, Bandra West, Mumbai - 400050, Near Sia Masjid",https://www.justdial.com/Mumbai/Bhavesh-Provision-Store-Near-Sia-Masjid-Bandra-West/022PXX22-XX22-130903233550-A1F3_BZDET?xid=TXVtYmFpIEdlbmVyYWwgU3RvcmVzIEJhbmRyYSBXZXN0,Bandra West

Kalpana Medical Store Opp Relieance Mall Bandra West,0.22 KM,3.7,21 Votes,"Shop No. 2, Bazaar Road, Bandra West, Mumbai - 400050, Opp Relieance Mall",https://www.justdial.com/Mumbai/Kalpana-Medical-Store-Opp-Relieance-Mall-Bandra-West/022PK036171_BZDET?xid=TXVtYmFpIEdlbmVyYWwgU3RvcmVzIEJhbmRyYSBXZXN0,Bandra West

Moheeb General Store Bandra West,0.45 KM,4.5,7 Votes,"Jay Bharat, Cooperation Hsg Society, D Monte St, Bandra West, Mumbai - 400050",https://www.justdial.com/Mumbai/Moheeb-General-Store-Bandra-West/022PXX22-XX22-200702112157-B2I6_BZDET?xid=TXVtYmFpIEdlbmVyYWwgU3RvcmVzIEJhbmRyYSBXZXN0,Bandra West

Mamta Medical General Store Opposite Lilavati Hospital Bandra West,0.53 KM,3.6,9 Votes,"Shop No 4, 68, Chapel Avenue Building, Chapel Road, Bandra West, Mumbai - 400050, Opposite Lilavati Hospital",https://www.justdial.com/Mumbai/Mamta-Medical-General-Store-Opposite-Lilavati-Hospital-Bandra-West/022PXX22-XX22-121105182551-B4J3_BZDET?xid=TXVtYmFpIEdlbmVyYWwgU3RvcmVzIEJhbmRyYSBXZXN0,Bandra West

Nutan Medical Stores Near Gurunanak Hospital Bandra East,1.07 KM,4.3,25 Votes,"30 C, Ashapura Co Operative Housing Society, Sant Dnyaneshwar Marg, Bandra East, Mumbai - 400051, Near Gurunanak Hospital",https://www.justdial.com/Mumbai/Nutan-Medical-Stores-Near-Gurunanak-Hospital-Bandra-East/022PXX22-XX22-110309125432-W2K8_BZDET?xid=TXVtYmFpIEdlbmVyYWwgU3RvcmVzIEJhbmRyYSBFYXN0,BandraEast

Kinjal Medical General Stores Behind MIG Cricket Club Next to Samaj Mandir Hall Opposite Dr V V Muzumdars Clinic Bandra East,0.82 KM,4.3,37 Votes,"Shop No 2-1/1/C, Baba Saheb Shinde Road, Bandra East, Mumbai - 400051, Behind MIG Cricket Club, Next to Samaj Mandir Hall, Opposite Dr V V Muzumdars Clinic",https://www.justdial.com/Mumbai/Kinjal-Medical-General-Stores-Behind-MIG-Cricket-Club-Next-to-Samaj-Mandir-Hall-Opposite-Dr-V-V-Muzumdars-Clinic-Bandra-East/022P1932854_BZDET?xid=TXVtYmFpIEdlbmVyYWwgU3RvcmVzIEJhbmRyYSBFYXN0,BandraEast

Jayhind Book General Store Opposite Collectors Office Bandra East,0.86 KM,4.7,44 Votes,"6, Aram Shopping Center, Government Colony, Ambedkar Udyan, Bandra East, Mumbai - 400051, Opposite Collectors Office",https://www.justdial.com/Mumbai/Jayhind-Book-General-Store-Opposite-Collectors-Office-Bandra-East/022PXX22-XX22-000080051589-U8W7_BZDET?xid=TXVtYmFpIEdlbmVyYWwgU3RvcmVzIEJhbmRyYSBFYXN0,BandraEast

Sai Medico Store Near New English High School Ahimsa Nagar Opp Building No 10 Bandra East,1.47 KM,4.0,31 Votes,"Government Colony, Ahinsa Road, Bandra East, Mumbai - 400051, Near New English High School, Ahimsa Nagar, Opp Building No 10",https://www.justdial.com/Mumbai/Sai-Medico-Store-Near-New-English-High-School-Ahimsa-Nagar-Opp-Building-No-10-Bandra-East/022PXX22-XX22-090617114056-H6Y1_BZDET?xid=TXVtYmFpIEdlbmVyYWwgU3RvcmVzIEJhbmRyYSBFYXN0,BandraEast

Kurla Tobacco Near Bandra Station Bandra East,0.13 KM,3.6,6 Votes,"Shop No 5, Kherwadi Road, Bandra East, Mumbai - 400051, Near Bandra Station",https://www.justdial.com/Mumbai/Kurla-Tobacco-Near-Bandra-Station-Bandra-East/022PXX22-XX22-130613130803-B4A6_BZDET?xid=TXVtYmFpIEdlbmVyYWwgU3RvcmVzIEJhbmRyYSBFYXN0,BandraEast

Reliable Medical Store Opposite Colgate Ground Kher Nagar New Amrut Nagar Bandra East,0.45 KM,4.0,20 Votes,"Shop No 1, Bangali Co-Operative Housing Society, Bandra East, Mumbai - 400051, Opposite Colgate Ground, Kher Nagar, New Amrut Nagar",https://www.justdial.com/Mumbai/Reliable-Medical-Store-Opposite-Colgate-Ground-Kher-Nagar-New-Amrut-Nagar-Bandra-East/022P5584168_BZDET?xid=TXVtYmFpIEdlbmVyYWwgU3RvcmVzIEJhbmRyYSBFYXN0,BandraEast

Superdoc Near Colgate Ground Kher Nagar Bandra East,0.45 KM,4.1,11 Votes,"2/15 , Sarvoday Housing Society, New Amrut Nagar, Bandra East, Mumbai - 400051, Near Colgate Ground, Kher Nagar",https://www.justdial.com/Mumbai/Superdoc-Near-Colgate-Ground-Kher-Nagar-Bandra-East/022PXX22-XX22-120301231533-Y1C3_BZDET?xid=TXVtYmFpIEdlbmVyYWwgU3RvcmVzIEJhbmRyYSBFYXN0,BandraEast

Mahavir Medical General Stores Opposite MIG Club Gandhi Nagar Bandra East,0.5 KM,3.7,7 Votes,"Shop No 3, Siddhivinayak Chambers, Gandhi Nagar-Bandra East, Mumbai - 400051, Opposite MIG Club",https://www.justdial.com/Mumbai/Mahavir-Medical-General-Stores-Opposite-MIG-Club-Gandhi-Nagar-Bandra-East/022PXX22-XX22-121123130248-N1X6_BZDET?xid=TXVtYmFpIEdlbmVyYWwgU3RvcmVzIEJhbmRyYSBFYXN0,BandraEast

Anand Stores Near Sai Baba Mandir Gandhi Nagar Opposite MIG Club Bandra East,0.5 KM,4.4,5 Votes,"Shop No.2, Siddhivinayak Chambers, Bandra East, Mumbai - 400051, Near Sai Baba Mandir, Gandhi Nagar, Opposite MIG Club",https://www.justdial.com/Mumbai/Anand-Stores-Near-Sai-Baba-Mandir-Gandhi-Nagar-Opposite-MIG-Club-Bandra-East/022PXX22-XX22-150915182859-A1I1_BZDET?xid=TXVtYmFpIEdlbmVyYWwgU3RvcmVzIEJhbmRyYSBFYXN0,BandraEast

Sapan Papadwala General Stores Opposite to Adarsh Baug Hotel Kalbadevi,0.46 KM,4.3,192 Votes,"88 Manohar Bhavan, Shop No 3, Dr A M Road, Bhuleshwar Road, Kalbadevi, Mumbai - 400002, Opposite to Adarsh Baug Hotel",https://www.justdial.com/Mumbai/Sapan-Papadwala-General-Stores-Opposite-to-Adarsh-Baug-Hotel-Kalbadevi/022P1426089_BZDET?xid=TXVtYmFpIEdlbmVyYWwgU3RvcmVzIEJodWxlc2h3YXI=,Bhuleshwar

Salunke Bandhu Near Vegetable Market Chira Bazar kalbadevi,0.96 KM,4.1,7 Votes,"Shop No 509, Sona Chambers, J S S Road, Chira Bazar-kalbadevi, Mumbai - 400002, Near Vegetable Market",https://www.justdial.com/Mumbai/Salunke-Bandhu-Near-Vegetable-Market-Chira-Bazar-kalbadevi/022PXX22-XX22-120727081030-S5E5_BZDET?xid=TXVtYmFpIEdlbmVyYWwgU3RvcmVzIEJodWxlc2h3YXI=,Bhuleshwar

Rolex Chemists Near Signal Opposite Geeta Bhavan Princess Street,1.11 KM,4.0,10 Votes,"Shop No 221, Anant Building, S G Road, Princess Street, Mumbai - 400002, Near Signal, Opposite Geeta Bhavan",https://www.justdial.com/Mumbai/Rolex-Chemists-Near-Signal-Opposite-Geeta-Bhavan-Princess-Street/022PK052977_BZDET?xid=TXVtYmFpIEdlbmVyYWwgU3RvcmVzIEJodWxlc2h3YXI=,Bhuleshwar

Shah Stores Near Balaji Temple Sitaram Poddar Marg Kalbadevi,,4.0,7 Votes,"59, 1st Fanaswadi Rele Building, Palekar Marg, Kalbadevi, Mumbai - 400002, Near Balaji Temple, Sitaram Poddar Marg",https://www.justdial.com/Mumbai/Shah-Stores-Near-Balaji-Temple-Sitaram-Poddar-Marg-Kalbadevi/022P8903133_BZDET?xid=TXVtYmFpIEdlbmVyYWwgU3RvcmVzIEJodWxlc2h3YXI=,Bhuleshwar

Milan General store Near Chira Bazar Kalbadevi,0.82 KM,4.3,10 Votes,"197 Bhatiya Nivas, Dr Vigas Street, Kalbadevi, Mumbai - 400002, Near Chira Bazar",https://www.justdial.com/Mumbai/Milan-General-store-Near-Chira-Bazar-Kalbadevi/022PF001706_BZDET?xid=TXVtYmFpIEdlbmVyYWwgU3RvcmVzIEJodWxlc2h3YXI=,Bhuleshwar

Modern Chemists Opposite Dr Vighas Street Chira Bazar kalbadevi,0.9 KM,4.6,5 Votes,"Shop No 50, Jkb Co-Operative Housing Society, 460, J S S Road, Chira Bazar-kalbadevi, Mumbai - 400002, Opposite Dr Vighas Street",https://www.justdial.com/Mumbai/Modern-Chemists-Opposite-Dr-Vighas-Street-Chira-Bazar-kalbadevi/022PF000562_BZDET?xid=TXVtYmFpIEdlbmVyYWwgU3RvcmVzIEJodWxlc2h3YXI=,Bhuleshwar

Lucky General Stores Near Lotlikar Jewellers Chira Bazar Kalbadevi,0.93 KM,4.0,5 Votes,"503/505,J S S Road, Lotlikar Mansion, Chira Bazar-Kalbadevi, Mumbai - 400002, Near Lotlikar Jewellers",https://www.justdial.com/Mumbai/Lucky-General-Stores-Near-Lotlikar-Jewellers-Chira-Bazar-Kalbadevi/022PXX22-XX22-110331145752-P3U9_BZDET?xid=TXVtYmFpIEdlbmVyYWwgU3RvcmVzIEJodWxlc2h3YXI=,Bhuleshwar

Samarth Medical And General Stores Near Chira Bazar Kalbadevi,0.95 KM,4.6,5 Votes,"Shop No 2 56/60, Kolbhat Marg, Kalbadevi, Mumbai - 400002, Near Chira Bazar",https://www.justdial.com/Mumbai/Samarth-Medical-And-General-Stores-Near-Chira-Bazar-Kalbadevi/022PXX22-XX22-121031220512-G7V1_BZDET?xid=TXVtYmFpIEdlbmVyYWwgU3RvcmVzIEJodWxlc2h3YXI=,Bhuleshwar

Vishwas Store Saibaba Nagar borivali West,1.82 KM,4.3,48 Votes,"5, Kusumkala Cooperative Housing Society, Saibaba Mandir Road, Saibaba Nagar-borivali West, Mumbai - 400092",https://www.justdial.com/Mumbai/Vishwas-Store-Saibaba-Nagar-borivali-West/022P2401129_BZDET?xid=TXVtYmFpIEdlbmVyYWwgU3RvcmVzIEJvcml2YWxp,Borivali

Anupam Variety Store Opposite Borivali Railway Station Borivali West,0.46 KM,3.9,55 Votes,"Shop No 9, 10 BMC Market, S V Road, Borivali West, Mumbai - 400092, Opposite Borivali Railway Station",https://www.justdial.com/Mumbai/Anupam-Variety-Store-Opposite-Borivali-Railway-Station-Borivali-West/022PXX22-XX22-130728112928-H5Q2_BZDET?xid=TXVtYmFpIEdlbmVyYWwgU3RvcmVzIEJvcml2YWxp,Borivali

D K Corporation Opposite Sanjay Ice Cream Opposite M K High School Borivali West,0.72 KM,4.2,118 Votes,"Shop No 1 & 2, D K House, Jambli Gully, Borivali West, Mumbai - 400092, Opposite Sanjay Ice Cream, Opposite M K High School",https://www.justdial.com/Mumbai/D-K-Corporation-Opposite-Sanjay-Ice-Cream-Opposite-M-K-High-School-Borivali-West/022PGE23101_BZDET?xid=TXVtYmFpIEdlbmVyYWwgU3RvcmVzIEJvcml2YWxp,Borivali

Shree Damodar Medical General Stores Opposite Punjab Sind Bank Borivali West,0.91 KM,4.3,261 Votes,"Shop No 8/9,Atul Apartment, L T Road,Vaziranaka, Borivali West, Mumbai - 400091, Opposite Punjab & Sind Bank",https://www.justdial.com/Mumbai/Shree-Damodar-Medical-General-Stores-Opposite-Punjab-Sind-Bank-Borivali-West/022PXX22-XX22-000954432551-T5M6_BZDET?xid=TXVtYmFpIEdlbmVyYWwgU3RvcmVzIEJvcml2YWxp,Borivali

Bhagwati Medical General Store Near Corporation Bank IC Colony Borivali West,1.46 KM,4.1,188 Votes,"Shop No 4, Royal Tower, D P Link Road, IC Colony-Borivali West, Mumbai - 400103, Near Corporation Bank",https://www.justdial.com/Mumbai/Bhagwati-Medical-General-Store-Near-Corporation-Bank-IC-Colony-Borivali-West/022PF014104_BZDET?xid=TXVtYmFpIEdlbmVyYWwgU3RvcmVzIEJvcml2YWxp,Borivali

Bright General Stores Mulji Nagar Saibaba Road Borivali West,1.8 KM,4.1,129 Votes,"Shop No 8, Pancharatna Chs Ltd, Plot No 5, S V Road, Borivali West, Mumbai - 400092, Mulji Nagar, Saibaba Road",https://www.justdial.com/Mumbai/Bright-General-Stores-Mulji-Nagar-Saibaba-Road-Borivali-West/022PXX22-XX22-090926092716-T9E1_BZDET?xid=TXVtYmFpIEdlbmVyYWwgU3RvcmVzIEJvcml2YWxp,Borivali

Venus General Stores Opposite Jawahar Oil Borivali West,1.11 KM,4.0,33 Votes,"D/26 Shop No 6, Yogi Nagar, Eksar Road, Yogi Nagar, Borivali West, Mumbai - 400091, Opposite Jawahar Oil",https://www.justdial.com/Mumbai/Venus-General-Stores-Opposite-Jawahar-Oil-Borivali-West/022P1224602364G2U1A3_BZDET?xid=TXVtYmFpIEdlbmVyYWwgU3RvcmVzIEJvcml2YWxp,Borivali

Sweet Home Super Market Near Ganesh Temple Oppsite Cosmos Bank Borivali East,1.17 KM,4.1,333 Votes,"Shop No.6,7,8 Gangadhar Nagar CHS, Nancy Road, Borivali East, Mumbai - 400066, Near Ganesh Temple Oppsite Cosmos Bank",https://www.justdial.com/Mumbai/Sweet-Home-Super-Market-Near-Ganesh-Temple-Oppsite-Cosmos-Bank-Borivali-East/022PXX22-XX22-160331095614-W3B5_BZDET?xid=TXVtYmFpIEdlbmVyYWwgU3RvcmVzIEJvcml2YWxp,Borivali

Mahadev Medical General Stores Daulat Nagar Borivali East,0.76 KM,3.9,6 Votes,"Shop No 11,Shewta Park, Road No 2, Borivali East, Mumbai - 400066, Daulat Nagar",https://www.justdial.com/Mumbai/Mahadev-Medical-General-Stores-Daulat-Nagar-Borivali-East/022PXX22-XX22-120403041203-R1U1_BZDET?xid=TXVtYmFpIEdlbmVyYWwgU3RvcmVzIEJvcml2YWxp,Borivali

Rex Super Market Near Corporation Bank Borivali West,1.46 KM,4.2,197 Votes,"Shop No.8 & 9, Royal Tower, IC Colony, D. P. Link Road, Borivali West, Mumbai - 400103, Near Corporation Bank",https://www.justdial.com/Mumbai/Rex-Super-Market-Near-Corporation-Bank-Borivali-West/022PF006777_BZDET?xid=TXVtYmFpIEdlbmVyYWwgU3RvcmVzIEJvcml2YWxp,Borivali

Shree Arya Durga Medical General Stores Opposite Borivali Fire Brigade Borivali West,1.48 KM,4.1,68 Votes,"Shop No 5, Ranade Shopping Centre, L T Road, Borivali West, Mumbai - 400092, Opposite Borivali Fire Brigade",https://www.justdial.com/Mumbai/Shree-Arya-Durga-Medical-General-Stores-Opposite-Borivali-Fire-Brigade-Borivali-West/022P2400109_BZDET?xid=TXVtYmFpIEdlbmVyYWwgU3RvcmVzIEJvcml2YWxp,Borivali

