Om Shraddha Medical General Store J Raj Nagar Borivali West,1.24 KM,4.0,24 Votes,"Shop No 4, Om Shraddha Co Operative Housing Society, Link Road, Borivali West, Mumbai - 400091, J Raj Nagar",https://www.justdial.com/Mumbai/Om-Shraddha-Medical-General-Store-J-Raj-Nagar-Borivali-West/022PK034328_BZDET?xid=TXVtYmFpIEdlbmVyYWwgU3RvcmVzIEJvcml2YWxp,Borivali

Shree Tirupati Drug House Saibaba Nagar Borivali West,1.86 KM,4.3,26 Votes,"Shop No 3, Saibaba Dham, SAI Baba Mandir Road, Borivali West, Mumbai - 400092, Saibaba Nagar",https://www.justdial.com/Mumbai/Shree-Tirupati-Drug-House-Saibaba-Nagar-Borivali-West/022PXX22-XX22-000210859015-R9T8_BZDET?xid=TXVtYmFpIEdlbmVyYWwgU3RvcmVzIEJvcml2YWxp,Borivali

Darshan Dairy Borivali East,1.7 KM,4.5,9 Votes,"Shop No 11, Ekta Bhoomi Garden, Dattapada Road, Borivali East, Mumbai - 400066",https://www.justdial.com/Mumbai/Darshan-Dairy-Borivali-East/022PXX22-XX22-140725193205-S5M7_BZDET?xid=TXVtYmFpIEdlbmVyYWwgU3RvcmVzIEJvcml2YWxp,Borivali

Arihant Medical General Stores Opposite Pragati High School Borivali West,1.82 KM,3.9,63 Votes,"Shop No 1, Plot No 87, Gorai Manas Co Operative Housing Society Ltd, Gorai-2, Borivali West, Mumbai - 400091, Opposite Pragati High School",https://www.justdial.com/Mumbai/Arihant-Medical-General-Stores-Opposite-Pragati-High-School-Borivali-West/022PXX22-XX22-120613025523-D6Z8_BZDET?xid=TXVtYmFpIEdlbmVyYWwgU3RvcmVzIEJvcml2YWxp,Borivali

Navkar Provision Stores SAI Baba Nagar Nr Battiya School Borivali West,1.96 KM,3.8,15 Votes,"Shop No 4 Bahubali Tower, Borivali West, Mumbai - 400092, SAI Baba Nagar Nr Battiya School",https://www.justdial.com/Mumbai/Navkar-Provision-Stores-SAI-Baba-Nagar-Nr-Battiya-School-Borivali-West/022P1945599_BZDET?xid=TXVtYmFpIEdlbmVyYWwgU3RvcmVzIEJvcml2YWxp,Borivali

Maru General Stores Near Sai Sadan Carter Road No 3 Borivali East,0.87 KM,3.6,9 Votes,"2 Borivali Rakhi Sra Society Ltd B Wing, Borivali Ea, Borivali East, Mumbai - 400066, Near Sai Sadan Carter Road No.3",https://www.justdial.com/Mumbai/Maru-General-Stores-Near-Sai-Sadan-Carter-Road-No-3-Borivali-East/022PXX22-XX22-170901132125-F4T3_BZDET?xid=TXVtYmFpIEdlbmVyYWwgU3RvcmVzIEJvcml2YWxp,Borivali

Janta Provision Stores Yogi Nagar Borivali West,1.16 KM,4.0,72 Votes,"Shop No 3 D-15, Borivali West, Mumbai - 400091, Yogi Nagar",https://www.justdial.com/Mumbai/Janta-Provision-Stores-Yogi-Nagar-Borivali-West/022P1946051_BZDET?xid=TXVtYmFpIEdlbmVyYWwgU3RvcmVzIEJvcml2YWxp,Borivali

Jayesh Medical General Store Opposite Gajanan Hotel Borivali East,0.79 KM,4.5,52 Votes,"Shop No 5, Rambhia Niwas, Main Kasturba Road, Station Road, Borivali East, Mumbai - 400066, Opposite Gajanan Hotel",https://www.justdial.com/Mumbai/Jayesh-Medical-General-Store-Opposite-Gajanan-Hotel-Borivali-East/022PK005591_BZDET?xid=TXVtYmFpIEdlbmVyYWwgU3RvcmVzIEJvcml2YWxp,Borivali

Vinay Store Kastur Park Near Suvarna Hospital Borivali West,1.23 KM,3.9,18 Votes,"Shiv Tirth Apartments, Shop No 3, Shimpoli Road, Borivali West, Mumbai - 400091, Kastur Park, Near Suvarna Hospital",https://www.justdial.com/Mumbai/Vinay-Store-Kastur-Park-Near-Suvarna-Hospital-Borivali-West/022P8125500_BZDET?xid=TXVtYmFpIEdlbmVyYWwgU3RvcmVzIEJvcml2YWxp,Borivali

Supreme Traders Nr Silver Coin Hotel IC Colony Borivali West,1.51 KM,3.8,15 Votes,"Shop No 1, Archie Betty Building, D.P. Link Road, IC Colony-Borivali West, Mumbai - 400103, Nr. Silver Coin Hotel",https://www.justdial.com/Mumbai/Supreme-Traders-Nr-Silver-Coin-Hotel-IC-Colony-Borivali-West/022PXX22-XX22-150410131130-Y3U3_BZDET?xid=TXVtYmFpIEdlbmVyYWwgU3RvcmVzIEJvcml2YWxp,Borivali

Welcome Medical General Stores Near Citizen Bank I C Colony Borivali West,1.59 KM,4.4,64 Votes,"Shop No 3,Rozario Apartment, I C Colony, Borivali West, Mumbai - 400103, Near Citizen Bank, I C Colony",https://www.justdial.com/Mumbai/Welcome-Medical-General-Stores-Near-Citizen-Bank-I-C-Colony-Borivali-West/022PXX22-XX22-111122132634-K1Z6_BZDET?xid=TXVtYmFpIEdlbmVyYWwgU3RvcmVzIEJvcml2YWxp,Borivali

Maharashtra Medical General Store Opp Dr Nayak Borivali West,1.08 KM,3.9,21 Votes,"Shop No -5 , Building B8, Yogi Prabhat, Yogi Nagar, Borivali West, Mumbai - 400091, Opp Dr. Nayak",https://www.justdial.com/Mumbai/Maharashtra-Medical-General-Store-Opp-Dr-Nayak-Borivali-West/022PXX22-XX22-120222232636-C2M7_BZDET?xid=TXVtYmFpIEdlbmVyYWwgU3RvcmVzIEJvcml2YWxp,Borivali

Ashapura Medico General Store Near Kastur Park Borivali West,1.27 KM,4.3,28 Votes,"Shop No.6, Madhusudan Terrace, Shimpoli Road, Haridas Road, Borivali West, Mumbai - 400092, Near Kastur Park,",https://www.justdial.com/Mumbai/Ashapura-Medico-General-Store-Near-Kastur-Park-Borivali-West/022PXX22-XX22-120222223041-R9Q9_BZDET?xid=TXVtYmFpIEdlbmVyYWwgU3RvcmVzIEJvcml2YWxp,Borivali

Jasmine Stores Near National Park Kulup Wadi Borivali East,1.27 KM,4.5,29 Votes,"Shop No 11, Ashoka Tower, Borivali East, Mumbai - 400066, Near National Park, Kulup Wadi",https://www.justdial.com/Mumbai/Jasmine-Stores-Near-National-Park-Kulup-Wadi-Borivali-East/022PXX22-XX22-151222150753-P2S2_BZDET?xid=TXVtYmFpIEdlbmVyYWwgU3RvcmVzIEJvcml2YWxp,Borivali

Ramkrishna Medical General Store Opp J B Khot School Borivali West,1.98 KM,4.4,10 Votes,"Shop No.8, Bahubali Tower, Desai Seth Nagar, Near Saibaba Nagar, Borivali West, Mumbai - 400092, Opp. J B Khot School",https://www.justdial.com/Mumbai/Ramkrishna-Medical-General-Store-Opp-J-B-Khot-School-Borivali-West/022P7705066_BZDET?xid=TXVtYmFpIEdlbmVyYWwgU3RvcmVzIEJvcml2YWxp,Borivali

Aastha Medical General Stores Opp Hanuman Mandir Borivali East,0.68 KM,3.9,5 Votes,"Shop No.1Ground Floor SAI Shital Chs, Daulat Nagar S V Road Plot No.23Road No.5, Borivali East, Mumbai - 400066, Opp Hanuman Mandir",https://www.justdial.com/Mumbai/Aastha-Medical-General-Stores-Opp-Hanuman-Mandir-Borivali-East/022PXX22-XX22-120224034757-L3W4_BZDET?xid=TXVtYmFpIEdlbmVyYWwgU3RvcmVzIEJvcml2YWxp,Borivali

Bharat Store Near Vazira Naka Borivali West,0.98 KM,4.7,55 Votes,"Shop No. 07, Sharda Estate Building, LT Road, Borivali West, Mumbai - 400092, Near Vazira Naka",https://www.justdial.com/Mumbai/Bharat-Store-Near-Vazira-Naka-Borivali-West/022PXX22-XX22-131216131959-U8N7_BZDET?xid=TXVtYmFpIEdlbmVyYWwgU3RvcmVzIEJvcml2YWxp,Borivali

Ambika Stores Chemist and Druggist Opposite Welcome Hotel Borivali East,1.11 KM,3.5,6 Votes,"13, Lavkush Shopping Centre, Dattapada Road, Borivali East, Mumbai - 400066, Opposite Welcome Hotel",https://www.justdial.com/Mumbai/Ambika-Stores-Chemist-and-Druggist-Opposite-Welcome-Hotel-Borivali-East/022P1231775290D8N2T2_BZDET?xid=TXVtYmFpIEdlbmVyYWwgU3RvcmVzIEJvcml2YWxp,Borivali

Parivar Medical And General Stores Opposite Citibank Shantivan Borivali East,1.29 KM,4.6,8 Votes,"Shop No 7, Veena Cooperative Housing Society, Shantivan, Borivali East, Mumbai - 400066, Opposite Citibank,Shantivan",https://www.justdial.com/Mumbai/Parivar-Medical-And-General-Stores-Opposite-Citibank-Shantivan-Borivali-East/022PXX22-XX22-120330015242-L3T3_BZDET?xid=TXVtYmFpIEdlbmVyYWwgU3RvcmVzIEJvcml2YWxp,Borivali

Western Chemist Near Mary Immaculate Girls High School Ic Colony borivali West,1.6 KM,4.1,9 Votes,"Shop No 2, Hill Abode, L M Road, Ic Colony-borivali West, Mumbai - 400103, Near Mary Immaculate Girls High School",https://www.justdial.com/Mumbai/Western-Chemist-Near-Mary-Immaculate-Girls-High-School-Ic-Colony-borivali-West/022PXX22-XX22-111122142438-N7A8_BZDET?xid=TXVtYmFpIEdlbmVyYWwgU3RvcmVzIEJvcml2YWxp,Borivali

Vijay Grain Stores Near Vijay Sales Showroom Borivali West,1.64 KM,4.3,13 Votes,"A-1, Hari Om Apartment, Shastri Nagar, S V Road, Borivali West, Mumbai - 400092, Near Vijay Sales Showroom",https://www.justdial.com/Mumbai/Vijay-Grain-Stores-Near-Vijay-Sales-Showroom-Borivali-West/022PXX22-XX22-120426192953-N1E9_BZDET?xid=TXVtYmFpIEdlbmVyYWwgU3RvcmVzIEJvcml2YWxp,Borivali

Mangala Medical and General Store Near Borivali Railway Station Borivali West,0.49 KM,3.9,19 Votes,"Shop No 06, Dhanraj Bhavan, Lokmanya Tilak Road, Borivali West, Mumbai - 400092, Near Borivali Railway Station",https://www.justdial.com/Mumbai/Mangala-Medical-and-General-Store-Near-Borivali-Railway-Station-Borivali-West/022P5437453_BZDET?xid=TXVtYmFpIEdlbmVyYWwgU3RvcmVzIEJvcml2YWxp,Borivali

Alpa Medico General Store Near Shree Krishna Nagar Shantivan Colony Borivali East,1.13 KM,4.4,15 Votes,"Shop No 8, Shantidwar Building, S G Marg, Shantivan Colony-Borivali East, Mumbai - 400066, Near Shree Krishna Nagar",https://www.justdial.com/Mumbai/Alpa-Medico-General-Store-Near-Shree-Krishna-Nagar-Shantivan-Colony-Borivali-East/022P1231276015H6A2I5_BZDET?xid=TXVtYmFpIEdlbmVyYWwgU3RvcmVzIEJvcml2YWxp,Borivali

Mahavir Medical General Store Near National Park Shantivan Borivali East,1.16 KM,4.1,10 Votes,"Shop No 4. Koyna Co Operative Housing Society, Sant Dnyaneshwar Marg,, Shantivan-Borivali East, Mumbai - 400066, Near National Park,",https://www.justdial.com/Mumbai/Mahavir-Medical-General-Store-Near-National-Park-Shantivan-Borivali-East/022PXX22-XX22-120330014548-Z3Z7_BZDET?xid=TXVtYmFpIEdlbmVyYWwgU3RvcmVzIEJvcml2YWxp,Borivali

Rishab Medical General Store Nearby Solitaire Honda Borivali East,1.65 KM,4.8,24 Votes,"Shop No 1Ekta Bhumi Garden Building6, Rajendra Nagar Road, Borivali East, Mumbai - 400066, Nearby Solitaire Honda",https://www.justdial.com/Mumbai/Rishab-Medical-General-Store-Nearby-Solitaire-Honda-Borivali-East/022PXX22-XX22-140515181051-G4U1_BZDET?xid=TXVtYmFpIEdlbmVyYWwgU3RvcmVzIEJvcml2YWxp,Borivali

Chirag Medical General Store Opposite HDFC Bank Ic Colony borivali West,1.68 KM,4.3,73 Votes,"Shop No 07, Rosemar Co-operative Hosuing Society, Holy Cross Road, Ic Colony-borivali West, Mumbai - 400103, Opposite HDFC Bank",https://www.justdial.com/Mumbai/Chirag-Medical-General-Store-Opposite-HDFC-Bank-Ic-Colony-borivali-West/022PF014102_BZDET?xid=TXVtYmFpIEdlbmVyYWwgU3RvcmVzIEJvcml2YWxp,Borivali

Chheda Provision Store Opposite CKP Colony Borivali West,0.67 KM,3.9,6 Votes,"Shop No 5 Tulit Building Royal Complex, Eksar Road, Borivali West, Mumbai - 400092, Opposite CKP Colony",https://www.justdial.com/Mumbai/Chheda-Provision-Store-Opposite-CKP-Colony-Borivali-West/022PXX22-XX22-181221180857-Q5Q1_BZDET?xid=TXVtYmFpIEdlbmVyYWwgU3RvcmVzIEJvcml2YWxp,Borivali

Navyug Medical And General Stores Nearby Vazira Naka Borivali West,0.97 KM,4.3,47 Votes,"Shop No 3 & 4, Old Ashok Nagar, Ashok Nagar, Borivali West, Mumbai - 400091, Nearby Vazira Naka,",https://www.justdial.com/Mumbai/Navyug-Medical-And-General-Stores-Nearby-Vazira-Naka-Borivali-West/022P1237410330X8K8A4_BZDET?xid=TXVtYmFpIEdlbmVyYWwgU3RvcmVzIEJvcml2YWxp,Borivali

New Pradeep General Stores Opp Swamiji School Borivali East,1.01 KM,4.4,7 Votes,"Shop No 2 Viraj Apartment, Daulat Nagar No 10, Borivali East, Mumbai - 400066, Opp Swamiji School",https://www.justdial.com/Mumbai/New-Pradeep-General-Stores-Opp-Swamiji-School-Borivali-East/022PXX22-XX22-140623124257-H3U9_BZDET?xid=TXVtYmFpIEdlbmVyYWwgU3RvcmVzIEJvcml2YWxp,Borivali

Vijay Store Neardwarka Restorent Borivali West,1.1 KM,4.3,12 Votes,"Shop No. 06 Madhuvan Heights, Shimpoli Cross Road No. 01, Shimpoli Cross Road No. 01, Borivali West, Mumbai - 400092, Neardwarka Restorent",https://www.justdial.com/Mumbai/Vijay-Store-Neardwarka-Restorent-Borivali-West/022PXX22-XX22-110328165608-G3X1_BZDET?xid=TXVtYmFpIEdlbmVyYWwgU3RvcmVzIEJvcml2YWxp,Borivali

Ashapura Store Shanti Ashram LIC Colony Borivali West,1.13 KM,4.1,9 Votes,"Shop No 3, Devki Nagar, Devki Aashirwad Building, Eksar Road, Borivali West, Mumbai - 400092, Shanti Ashram, LIC Colony",https://www.justdial.com/Mumbai/Ashapura-Store-Shanti-Ashram-LIC-Colony-Borivali-West/022PXX22-XX22-160202085923-Z9W7_BZDET?xid=TXVtYmFpIEdlbmVyYWwgU3RvcmVzIEJvcml2YWxp,Borivali

Ramdev Stores Opp Om Kareshwer Mandir Borivali East,1.22 KM,3.8,8 Votes,"Shop No 7, , New Shivam Build, Kulupwadi Road, Borivali East, Mumbai - 400066, Opp Om Kareshwer Mandir",https://www.justdial.com/Mumbai/Ramdev-Stores-Opp-Om-Kareshwer-Mandir-Borivali-East/022PXX22-XX22-100930193129-Z8W3_BZDET?xid=TXVtYmFpIEdlbmVyYWwgU3RvcmVzIEJvcml2YWxp,Borivali

Gala Medical General Stores Near Police Choki Borivali East,1.47 KM,4.0,16 Votes,"Shop No 4, Ahiri Chawl, Kajupada, Borivali East, Mumbai - 400066, Near Police Choki",https://www.justdial.com/Mumbai/Gala-Medical-General-Stores-Near-Police-Choki-Borivali-East/022PXX22-XX22-110331143934-S2K5_BZDET?xid=TXVtYmFpIEdlbmVyYWwgU3RvcmVzIEJvcml2YWxp,Borivali

Avdena Manglore Stores Near Mary Immaculate School Borivali West,1.59 KM,4.0,29 Votes,"Shop No 4, Hill Abode, L M Road, Borivali West, Mumbai - 400103, Near Mary Immaculate School",https://www.justdial.com/Mumbai/Avdena-Manglore-Stores-Near-Mary-Immaculate-School-Borivali-West/022PXX22-XX22-121221154554-V3P2_BZDET?xid=TXVtYmFpIEdlbmVyYWwgU3RvcmVzIEJvcml2YWxp,Borivali

Shalimar General Store Opposite Gurudwara Borivali West,1.92 KM,3.8,5 Votes,"Shop No 16 Bina Bhawana Soc, Saibaba Mandir Road, Borivali West, Mumbai - 400092, Opposite Gurudwara",https://www.justdial.com/Mumbai/Shalimar-General-Store-Opposite-Gurudwara-Borivali-West/022PXX22-XX22-151216175832-Q3B6_BZDET?xid=TXVtYmFpIEdlbmVyYWwgU3RvcmVzIEJvcml2YWxp,Borivali

Gayatri Stationery And General Store Opp Pragati School Borivali West,,4.8,15 Votes,"Shop No 4 Gorai Shree Omkar CHS Ltd Plot No 82, Road No Rsc 48, Borivali West, Mumbai - 400091, Opp Pragati School",https://www.justdial.com/Mumbai/Gayatri-Stationery-And-General-Store-Opp-Pragati-School-Borivali-West/022PXX22-XX22-171226142738-C7Z3_BZDET?xid=TXVtYmFpIEdlbmVyYWwgU3RvcmVzIEJvcml2YWxp,Borivali

Fab Inn Super Market Near Haji Ali Dargah Haji Ali,0.97 KM,3.9,55 Votes,"Shop No 3, Heera Panna Shopping Centre, Haji Ali, Haji Ali, Mumbai - 400034, Near Haji Ali Dargah",https://www.justdial.com/Mumbai/Fab-Inn-Super-Market-Near-Haji-Ali-Dargah-Haji-Ali/022P1965174_BZDET?xid=TXVtYmFpIEdyb2NlcnkgU3RvcmVzIEJyZWFjaCBDYW5keQ==,Breach Candy

KBs Fair Price Sobo Central Mall Near Haji Ali Tardeo,0.99 KM,3.9,5 Votes,"Ground Floor, Sobo Central Mall, Tardeo Road, Tardeo, Mumbai - 400034, Near Haji Ali",https://www.justdial.com/Mumbai/KBs-Fair-Price-Sobo-Central-Mall-Near-Haji-Ali-Tardeo/022PXX22-XX22-151130113848-Z5C9_BZDET?xid=TXVtYmFpIEdyb2NlcnkgU3RvcmVzIEJyZWFjaCBDYW5keQ==,Breach Candy

Byculla Chemist And General Store Near Byculla Station Byculla,0.29 KM,4.8,9 Votes,"Shop No1, Yousuf Chamber, DR. Ambedkar Road Byculla East, Byculla, Mumbai - 400027, Near Byculla Station",https://www.justdial.com/Mumbai/Byculla-Chemist-And-General-Store-Near-Byculla-Station-Byculla/022PXX22-XX22-160819105035-P3Q3_BZDET?xid=TXVtYmFpIEdlbmVyYWwgU3RvcmVzIEJ5Y3VsbGE=,Byculla

Ganesh Tea Stores Opposite Byculla Police Station Byculla,0.3 KM,4.2,28 Votes,"Shop No 7, Regena Pasisi, Dr Ambedkar Road, Byculla, Mumbai - 400027, Opposite Byculla Police Station",https://www.justdial.com/Mumbai/Ganesh-Tea-Stores-Opposite-Byculla-Police-Station-Byculla/022PXX22-XX22-000703727760-Q4O2_BZDET?xid=TXVtYmFpIEdlbmVyYWwgU3RvcmVzIEJ5Y3VsbGE=,Byculla

Jacky General Stores Byculla,1.33 KM,4.3,16 Votes,"Aga Khan Compound, 44 Clare Road, Byculla, Mumbai - 400027",https://www.justdial.com/Mumbai/Jacky-General-Stores-Byculla/022PF017515_BZDET?xid=TXVtYmFpIEdlbmVyYWwgU3RvcmVzIEJ5Y3VsbGE=,Byculla

Mangalore General Stores Near Sunrise Hotel Byculla Railway Station Byculla,0.17 KM,3.8,10 Votes,"Shop No 1, Haji Islam Gani Building, Dr B A Road, Byculla, Mumbai - 400027, Near Sunrise Hotel & Byculla Railway Station",https://www.justdial.com/Mumbai/Mangalore-General-Stores-Near-Sunrise-Hotel-Byculla-Railway-Station-Byculla/022PXX22-XX22-120209204655-L1Z6_BZDET?xid=TXVtYmFpIEdlbmVyYWwgU3RvcmVzIEJ5Y3VsbGE=,Byculla

Deepak Medical And General Stores Opposite Jain Temple Byculla,0.01 KM,4.2,5 Votes,"Sidhachal Darshan Shop No 4, Seth Moti Shah Road, Byculla, Mumbai - 400027, Opposite Jain Temple",https://www.justdial.com/Mumbai/Deepak-Medical-And-General-Stores-Opposite-Jain-Temple-Byculla/022PXX22-XX22-130314124417-U1M4_BZDET?xid=TXVtYmFpIEdlbmVyYWwgU3RvcmVzIEJ5Y3VsbGE=,Byculla

Suresh General Store Near Jain Mandir Byculla,0.39 KM,4.6,16 Votes,"Shop No 170 Moti Shah Jain Park, love Lane, Byculla, Mumbai - 400027, Near Jain Mandir",https://www.justdial.com/Mumbai/Suresh-General-Store-Near-Jain-Mandir-Byculla/022PXX22-XX22-150211184157-E1T8_BZDET?xid=TXVtYmFpIEdlbmVyYWwgU3RvcmVzIEJ5Y3VsbGE=,Byculla

New National Chemist General Store Opposite Muncipali E Ward Byculla,0.64 KM,4.4,11 Votes,"S-2, Allahfiz Manzil, Sankli Street, Byculla, Mumbai - 400027, Opposite Muncipali E Ward",https://www.justdial.com/Mumbai/New-National-Chemist-General-Store-Opposite-Muncipali-E-Ward-Byculla/022P5450050_BZDET?xid=TXVtYmFpIEdlbmVyYWwgU3RvcmVzIEJ5Y3VsbGE=,Byculla

Unique Medical Store Opposite Sales Tax Office Mazgaon,1.09 KM,4.1,81 Votes,"Shop No 4 & 5, Khudabux Building, Mazgaon, Mumbai - 400010, Opposite Sales Tax Office",https://www.justdial.com/Mumbai/Unique-Medical-Store-Opposite-Sales-Tax-Office-Mazgaon/022PF017165_BZDET?xid=TXVtYmFpIEdlbmVyYWwgU3RvcmVzIEJ5Y3VsbGE=,Byculla

Hira Medical General Stores Near Sale Tax Office Mazgaon,0.93 KM,4.3,103 Votes,"Rosery Villa, 226 Mount Road, Mazgaon, Mumbai - 400010, Near Sale Tax Office",https://www.justdial.com/Mumbai/Hira-Medical-General-Stores-Near-Sale-Tax-Office-Mazgaon/022PXX22-XX22-000995864312-V8U4_BZDET?xid=TXVtYmFpIEdlbmVyYWwgU3RvcmVzIEJ5Y3VsbGE=,Byculla

Nandu Stores Near Sales Tax Office Mazgaon,1.2 KM,4.1,171 Votes,"Kutchhi Lohana House, 69 H, Shivdas Chapsi Marg, Mazgaon, Mumbai - 400010, Near Sales Tax Office",https://www.justdial.com/Mumbai/Nandu-Stores-Near-Sales-Tax-Office-Mazgaon/022PXX22-XX22-150927210759-N5W1_BZDET?xid=TXVtYmFpIEdlbmVyYWwgU3RvcmVzIEJ5Y3VsbGE=,Byculla

Shah Medical General Store Opposite J J Hospital Gate No 6 Umerkhadi Dongri,1.62 KM,4.2,23 Votes,"109/5, Bandukwala Building, R B Bhat Marg, Dongri, Mumbai - 400009, Opposite J J Hospital Gate No 6, Umerkhadi",https://www.justdial.com/Mumbai/Shah-Medical-General-Store-Opposite-J-J-Hospital-Gate-No-6-Umerkhadi-Dongri/022PXX22-XX22-140606103320-K2W2_BZDET?xid=TXVtYmFpIEdlbmVyYWwgU3RvcmVzIEJ5Y3VsbGE=,Byculla

Anmol Store Dongri,1.93 KM,4.5,5 Votes,"Kanchwala Biulding, Shop No. 5, Naoroji Hill Road, Dongri, Mumbai - 400009",https://www.justdial.com/Mumbai/Anmol-Store-Dongri/022PXX22-XX22-181221074322-S6W3_BZDET?xid=TXVtYmFpIEdlbmVyYWwgU3RvcmVzIEJ5Y3VsbGE=,Byculla

New Royal Chemists Opposite Raj Oil Mills Nagpada Mumbai Central,1.3 KM,4.0,20 Votes,"Shop No. 3, 229 Bellasis Road, Nagpada-Mumbai Central, Mumbai - 400008, Opposite Raj Oil Mills",https://www.justdial.com/Mumbai/New-Royal-Chemists-Opposite-Raj-Oil-Mills-Nagpada-Mumbai-Central/022PF007126_BZDET?xid=TXVtYmFpIEdlbmVyYWwgU3RvcmVzIEJ5Y3VsbGE=,Byculla

Metro Medical General Stores Opposite J J Hospital Gate No 6 Dongri,1.62 KM,4.0,14 Votes,"Shop No 4 A, Ramchandra Bhatt Marg, Dongri, Mumbai - 400009, Opposite J J Hospital Gate No 6",https://www.justdial.com/Mumbai/Metro-Medical-General-Stores-Opposite-J-J-Hospital-Gate-No-6-Dongri/022PXX22-XX22-130401123805-J8W4_BZDET?xid=TXVtYmFpIEdlbmVyYWwgU3RvcmVzIEJ5Y3VsbGE=,Byculla

Remedi Care Medical And General Store Near Dawood Nursing Home Nagpada mumbai Central,1.27 KM,4.3,23 Votes,"Shop No. S3A Memni Building, Dimtimkar Road, Nagpada-mumbai Central, Mumbai - 400008, Near Dawood Nursing Home",https://www.justdial.com/Mumbai/Remedi-Care-Medical-And-General-Store-Near-Dawood-Nursing-Home-Nagpada-mumbai-Central/022PXX22-XX22-160407101607-N5U2_BZDET?xid=TXVtYmFpIEdlbmVyYWwgU3RvcmVzIEJ5Y3VsbGE=,Byculla

Gulab Traders Lalcha Raja Lal Baug,1.62 KM,4.1,14 Votes,"Shop-24,Shri Ganesh Nager, Dr.ambedker Road, Lal Baug, Mumbai - 400012, Lalcha Raja",https://www.justdial.com/Mumbai/Gulab-Traders-Lalcha-Raja-Lal-Baug/022PXX22-XX22-121204161149-Y6Q6_BZDET?xid=TXVtYmFpIEdlbmVyYWwgU3RvcmVzIEJ5Y3VsbGE=,Byculla

Anmol Traders Near Habib Hospital Sandhurst Road,1.88 KM,4.2,18 Votes,"117/3,Tarwala Terrace, Navroji Hill Road No 2, Sandhurst Road, Mumbai - 400009, Near Habib Hospital",https://www.justdial.com/Mumbai/Anmol-Traders-Near-Habib-Hospital-Sandhurst-Road/022PXX22-XX22-090919185929-K8V7_BZDET?xid=TXVtYmFpIEdlbmVyYWwgU3RvcmVzIEJ5Y3VsbGE=,Byculla

Health Care Medical General Store Opp Tahoora Sweets Nagpada Mumbai Central,1.26 KM,4.1,8 Votes,"Shop No.23, 1st Floor Kedy Shopping Centre, Bellasis Road, Mumbai Central, Mumbai - 400008, Opp Tahoora Sweets,Nagpada",https://www.justdial.com/Mumbai/Health-Care-Medical-General-Store-Opp-Tahoora-Sweets-Nagpada-Mumbai-Central/022PXX22-XX22-130628132448-V6D6_BZDET?xid=TXVtYmFpIEdlbmVyYWwgU3RvcmVzIEJ5Y3VsbGE=,Byculla

Hira Medical And General Stores Mazgaon,0.49 KM,3.6,8 Votes,"224-A, Mount Road, Mazgaon, Mumbai - 400010",https://www.justdial.com/Mumbai/Hira-Medical-And-General-Stores-Mazgaon/022PXX22-XX22-120202170707-A4C9_BZDET?xid=TXVtYmFpIEdlbmVyYWwgU3RvcmVzIEJ5Y3VsbGE=,Byculla

Niti General Stores Near Abhyudaya Nagar G D Ambedkar Marg Kala Chowki,1.65 KM,4.7,56 Votes,"2602 37 L, G D Ambekar Marg, Kala Chowki, Mumbai - 400033, Near Abhyudaya Nagar, G D Ambedkar Marg",https://www.justdial.com/Mumbai/Niti-General-Stores-Near-Abhyudaya-Nagar-G-D-Ambedkar-Marg-Kala-Chowki/022PXX22-XX22-120305233903-N2R6_BZDET?xid=TXVtYmFpIEdlbmVyYWwgU3RvcmVzIEJ5Y3VsbGE=,Byculla

Chheda Medical General Stores Near Tardeo Chowk Tardeo,1.84 KM,4.6,68 Votes,"436/38, Rahematbai Building No 2, Sane Guruji Road, Tardeo, Mumbai - 400034, Near Tardeo Chowk",https://www.justdial.com/Mumbai/Chheda-Medical-General-Stores-Near-Tardeo-Chowk-Tardeo/022PXX22-XX22-121107142334-T2M1_BZDET?xid=TXVtYmFpIEdlbmVyYWwgU3RvcmVzIEJ5Y3VsbGE=,Byculla

Umama Medical General Store Near J J Hospital Dongri,1.62 KM,4.5,45 Votes,"Shop No 2 A, 115 Bandukwala Building, Ramchandra Bhatt Marg, Dongri, Mumbai - 400009, Near J J Hospital",https://www.justdial.com/Mumbai/Umama-Medical-General-Store-Near-J-J-Hospital-Dongri/022PXX22-XX22-130401124615-T1R1_BZDET?xid=TXVtYmFpIEdlbmVyYWwgU3RvcmVzIEJ5Y3VsbGE=,Byculla

Patel Chemist General Stores Opp S T Depot Mumbai Central,1.65 KM,4.4,13 Votes,"Shop. No 2'29Bellasis Road, United Family Walfare Trust Building, Mumbai Central, Mumbai - 400008, Opp. S. T. Depot",https://www.justdial.com/Mumbai/Patel-Chemist-General-Stores-Opp-S-T-Depot-Mumbai-Central/022PXX22-XX22-110210115921-J5H1_BZDET?xid=TXVtYmFpIEdlbmVyYWwgU3RvcmVzIEJ5Y3VsbGE=,Byculla

Lullas Medical General Stores Near Basant Cinema Chembur East,1.38 KM,3.9,46 Votes,"Shop No 5/A, Vikas Commercial Centre, Dr C Gidwani Road, Chembur East, Mumbai - 400074, Near Basant Cinema",https://www.justdial.com/Mumbai/Lullas-Medical-General-Stores-Near-Basant-Cinema-Chembur-East/022P1930608_BZDET?xid=TXVtYmFpIEdlbmVyYWwgU3RvcmVzIENoZW1idXI=,Chembur

Navin Super Market Near Vasinaka Opposite Agarwal Nagar Chembur East,1.81 KM,3.8,40 Votes,"Shop No 4, Mahul Road, Chembur East, Mumbai - 400074, Near Vasinaka, Opposite Agarwal Nagar",https://www.justdial.com/Mumbai/Navin-Super-Market-Near-Vasinaka-Opposite-Agarwal-Nagar-Chembur-East/022PXX22-XX22-130803142126-A6Q2_BZDET?xid=TXVtYmFpIEdlbmVyYWwgU3RvcmVzIENoZW1idXI=,Chembur

Vijay Medical Store Near BMC School Chembur East,1.8 KM,4.7,12 Votes,"5, Maruti Sadan , Ghatla Village, N B Road, Chembur East, Mumbai - 400071, Near BMC School",https://www.justdial.com/Mumbai/Vijay-Medical-Store-Near-BMC-School-Chembur-East/022P5559487_BZDET?xid=TXVtYmFpIEdlbmVyYWwgU3RvcmVzIENoZW1idXI=,Chembur

Karthik General Store Easten Express Higway Chembur East,0.56 KM,4.2,5 Votes,"Nandanvan, Chembur East, Mumbai - 400088, Easten Express Higway",https://www.justdial.com/Mumbai/Karthik-General-Store-Easten-Express-Higway-Chembur-East/022PXX22-XX22-170627185213-L9X1_BZDET?xid=TXVtYmFpIEdlbmVyYWwgU3RvcmVzIENoZW1idXI=,Chembur

Shree Mahaveer Karishma Kirana And General Stores Chembur East,1.11 KM,3.8,24 Votes,"Hp Nagar, Bharat Nagar, Chembur East, Mumbai - 400074",https://www.justdial.com/Mumbai/Shree-Mahaveer-Karishma-Kirana-And-General-Stores-Chembur-East/022PXX22-XX22-170921172642-I9M4_BZDET?xid=TXVtYmFpIEdlbmVyYWwgU3RvcmVzIENoZW1idXI=,Chembur

Ganesh Medical General Store Bharat Nagar Near H P Colony Vashi Naka Chembur Colony Chembur East,1.13 KM,4.0,6 Votes,"102/47,, Chembur Colony-Chembur East, Mumbai - 400074, Bharat Nagar, Near H P Colony, Vashi Naka",https://www.justdial.com/Mumbai/Ganesh-Medical-General-Store-Bharat-Nagar-Near-H-P-Colony-Vashi-Naka-Chembur-Colony-Chembur-East/022P5484292_BZDET?xid=TXVtYmFpIEdlbmVyYWwgU3RvcmVzIENoZW1idXI=,Chembur

Sidhhivinayak Masala And General Stores Chembur East,1.15 KM,4.8,5 Votes,"Hpcl Colony Private Road, Vashi Naka, Bharat Nagar, Chembur East, Mumbai - 400074",https://www.justdial.com/Mumbai/Sidhhivinayak-Masala-And-General-Stores-Chembur-East/022PXX22-XX22-180328073232-Y6J5_BZDET?xid=TXVtYmFpIEdlbmVyYWwgU3RvcmVzIENoZW1idXI=,Chembur

Shree Sadguru Medical General Stores Kashinath Patil Wadi Mukti Nagar Chembur East,1.22 KM,4.3,8 Votes,"F/A, 13, N G Acharya Marg, Chembur East, Mumbai - 400071, Kashinath Patil Wadi, Mukti Nagar",https://www.justdial.com/Mumbai/Shree-Sadguru-Medical-General-Stores-Kashinath-Patil-Wadi-Mukti-Nagar-Chembur-East/022P1234974162X7W8W1_BZDET?xid=TXVtYmFpIEdlbmVyYWwgU3RvcmVzIENoZW1idXI=,Chembur

Jasraj Supermarket Opposite Borla Housing Society Chembur East,1.45 KM,3.8,68 Votes,"Vani Apartment A Wing Shop No 12, Dr Choitram Gidwani Marg, Chembur East, Mumbai - 400071, Opposite Borla Housing Society",https://www.justdial.com/Mumbai/Jasraj-Supermarket-Opposite-Borla-Housing-Society-Chembur-East/022P1234906373V3D8U1_BZDET?xid=TXVtYmFpIEdlbmVyYWwgU3RvcmVzIENoZW1idXI=,Chembur

Mahalaxmi Pan Shop General Store Chembur East,1.62 KM,5.0,6 Votes,"Jari Mandir Road, Wadhavli Village, Chembur East, Mumbai - 400074",https://www.justdial.com/Mumbai/Mahalaxmi-Pan-Shop-General-Store-Chembur-East/022PXX22-XX22-180223183903-E1M8_BZDET?xid=TXVtYmFpIEdlbmVyYWwgU3RvcmVzIENoZW1idXI=,Chembur

Hari Om General Stores Vasinaka Opposite The Chembur Nagarik Sakari Bank Chembur East,1.8 KM,4.7,10 Votes,"Shop 9, R C Marg, Chembur East, Mumbai - 400074, Vasinaka, Opposite The Chembur Nagarik Sakari Bank",https://www.justdial.com/Mumbai/Hari-Om-General-Stores-Vasinaka-Opposite-The-Chembur-Nagarik-Sakari-Bank-Chembur-East/022P1234991347F7X5I3_BZDET?xid=TXVtYmFpIEdlbmVyYWwgU3RvcmVzIENoZW1idXI=,Chembur

Shree Ganesh Farsan Mart General Stores Mukti Nagar Ghatla Chembur East,1.8 KM,4.2,9 Votes,"Shop No.314,, Chembur East, Mumbai - 400071, Mukti Nagar, Ghatla",https://www.justdial.com/Mumbai/Shree-Ganesh-Farsan-Mart-General-Stores-Mukti-Nagar-Ghatla-Chembur-East/022PXX22-XX22-180411214526-R4M7_BZDET?xid=TXVtYmFpIEdlbmVyYWwgU3RvcmVzIENoZW1idXI=,Chembur

Anil Stores Chembur East,1.81 KM,4.0,8 Votes,"Vasi Naka, Gurudwara, Sharad Nagar, Ramakrishna Chemburkar Marg, Chembur East, Mumbai - 400074",https://www.justdial.com/Mumbai/Anil-Stores-Chembur-East/022PXX22-XX22-181221225720-C5M2_BZDET?xid=TXVtYmFpIEdlbmVyYWwgU3RvcmVzIENoZW1idXI=,Chembur

Mahadev Traders Antophil Chembur East,1.97 KM,4.4,8 Votes,"A132 Antopil Warehousing Society, Wadala Stn East, Chembur East, Mumbai - 400071, Antophil",https://www.justdial.com/Mumbai/Mahadev-Traders-Antophil-Chembur-East/022PXX22-XX22-180411184303-P8X6_BZDET?xid=TXVtYmFpIEdlbmVyYWwgU3RvcmVzIENoZW1idXI=,Chembur

Yayati General Stores Beside Police Chowky Khardev Nagar Chembur East,1.99 KM,4.0,10 Votes,"Khardev NAgar, Arvind Patil Wadi, Market Road End, Chembur East, Mumbai - 400071, Beside Police Chowky, Khardev Nagar",https://www.justdial.com/Mumbai/Yayati-General-Stores-Beside-Police-Chowky-Khardev-Nagar-Chembur-East/022PXX22-XX22-140112190423-S7Q6_BZDET?xid=TXVtYmFpIEdlbmVyYWwgU3RvcmVzIENoZW1idXI=,Chembur

Tulsi Medical General Stores Near Tiss Deonar,0.83 KM,4.0,95 Votes,"7, Daffodil Apartment, Sion Trombay Road, Deonar, Mumbai - 400088, Near Tiss",https://www.justdial.com/Mumbai/Tulsi-Medical-General-Stores-Near-Tiss-Deonar/022PXX22-XX22-121211021503-X4D6_BZDET?xid=TXVtYmFpIEdlbmVyYWwgU3RvcmVzIENoZW1idXI=,Chembur

Sagar Medical General Stores Opposite Usv Ltd Banganga Society Govandi East,1.41 KM,4.5,33 Votes,"Shop No A 5, Indira Apartment, Govandi East, Mumbai - 400088, Opposite Usv Ltd, Banganga Society",https://www.justdial.com/Mumbai/Sagar-Medical-General-Stores-Opposite-Usv-Ltd-Banganga-Society-Govandi-East/022P1221026454F5S6B3_BZDET?xid=TXVtYmFpIEdlbmVyYWwgU3RvcmVzIENoZW1idXI=,Chembur

Nagrik Chemist Near Govandi Station Govandi East,1.88 KM,4.6,9 Votes,"Shop No 2, Govandi East, Mumbai - 400088, Near Govandi Station",https://www.justdial.com/Mumbai/Nagrik-Chemist-Near-Govandi-Station-Govandi-East/022P1102131_BZDET?xid=TXVtYmFpIEdlbmVyYWwgU3RvcmVzIENoZW1idXI=,Chembur

Deonar Pharmacy General Stores Opposite Lakme Deonar,1.16 KM,3.9,32 Votes,"Shop No 1m Aastha II, Govandi Station Road, Deonar, Mumbai - 400088, Opposite Lakme",https://www.justdial.com/Mumbai/Deonar-Pharmacy-General-Stores-Opposite-Lakme-Deonar/022P1235145816M8H5N8_BZDET?xid=TXVtYmFpIEdlbmVyYWwgU3RvcmVzIENoZW1idXI=,Chembur

Chetan Stores Near Krishna Hotel Deonar,1.62 KM,4.0,28 Votes,"Shop No B/12, Hill View Building, Deonar Village, Deonar, Mumbai - 400088, Near Krishna Hotel",https://www.justdial.com/Mumbai/Chetan-Stores-Near-Krishna-Hotel-Deonar/022PXX22-XX22-100219145301-U7B4_BZDET?xid=TXVtYmFpIEdlbmVyYWwgU3RvcmVzIENoZW1idXI=,Chembur

Star Market A TATA And Tesco Enterprise Near Churchgate Railway Station Beside KC and HR Churchgate,0.51 KM,4.2,1734 Votes,"123, Mistry Bhavan, Dinshaw Vacha Road, Churchgate, Mumbai - 400020, Near Churchgate Railway Station, Beside KC and HR",https://www.justdial.com/Mumbai/Star-Market-A-TATA-And-Tesco-Enterprise-Near-Churchgate-Railway-Station-Beside-KC-and-HR-Churchgate/022PXX22-XX22-171211111839-F7T9_BZDET?xid=TXVtYmFpIEdyb2NlcnkgU3RvcmVzIENodXJjaGdhdGU=,Churchgate

Fair Price Shop Opposite Samrat Hotel Churchgate,0.4 KM,4.0,71 Votes,"Shop No 4, 195, Moti Mahal, J T Road, Churchgate, Mumbai - 400020, Opposite Samrat Hotel",https://www.justdial.com/Mumbai/Fair-Price-Shop-Opposite-Samrat-Hotel-Churchgate/022P1850093_BZDET?xid=TXVtYmFpIEdyb2NlcnkgU3RvcmVzIENodXJjaGdhdGU=,Churchgate

Jyoti Grain Stores Bhd Satyam Collection Churchgate,0.38 KM,3.9,22 Votes,"Shop No 4 Chheda Sadan Grd Flr, J Tata Road, Churchgate, Mumbai - 400020, Bhd Satyam Collection",https://www.justdial.com/Mumbai/Jyoti-Grain-Stores-Bhd-Satyam-Collection-Churchgate/022PXX22-XX22-001078231953-O1F5_BZDET?xid=TXVtYmFpIEdyb2NlcnkgU3RvcmVzIENodXJjaGdhdGU=,Churchgate

Patel Brothers Near yes ub academy school Marine Drive,0.86 KM,3.8,37 Votes,"Shop No 3, Badrikeshwar Building No 82, Marine Drive, Mumbai - 400020, near yes ub academy school",https://www.justdial.com/Mumbai/Patel-Brothers-Near-yes-ub-academy-school-Marine-Drive/022P1850125_BZDET?xid=TXVtYmFpIEdyb2NlcnkgU3RvcmVzIENodXJjaGdhdGU=,Churchgate

K J Mart Opposite Adamji Peerbhai Market Marine Lines,1.05 KM,3.7,6 Votes,"Shop No 21, Bhiwandiwala Terrace, 2nd Dhobhighat Lane, Marine Lines, Mumbai - 400020, Opposite Adamji Peerbhai Market",https://www.justdial.com/Mumbai/K-J-Mart-Opposite-Adamji-Peerbhai-Market-Marine-Lines/022PXX22-XX22-160926130947-R1R1_BZDET?xid=TXVtYmFpIEdyb2NlcnkgU3RvcmVzIENodXJjaGdhdGU=,Churchgate

Sarvodaya Stores Marine Drive,0.9 KM,3.9,61 Votes,"Shop No 1, Building No 81, Swashray, Hvb Road, Marine Drive, Mumbai - 400020",https://www.justdial.com/Mumbai/Sarvodaya-Stores-Marine-Drive/022PXX22-XX22-110329114542-M7E4_BZDET?xid=TXVtYmFpIEdyb2NlcnkgU3RvcmVzIENodXJjaGdhdGU=,Churchgate

Manish Market Near Chhatrapati Shivaji Terminus Area Fort,1.7 KM,3.9,7677 Votes,"Unit No 2, Ramabai Ambedkar Marg, Fort, Mumbai - 400001, Near Chhatrapati Shivaji Terminus Area",https://www.justdial.com/Mumbai/Manish-Market-Near-Chhatrapati-Shivaji-Terminus-Area-Fort/022PXX22-XX22-161118110128-U2H4_BZDET?xid=TXVtYmFpIEdyb2NlcnkgU3RvcmVzIENodXJjaGdhdGU=,Churchgate

Lobo Stores Opposite Bombay Police Head Quater Crawford Market,1.7 KM,4.1,206 Votes,"Shop No 295-296, M J Phule Market, Crawford Market, Mumbai - 400001, Opposite Bombay Police Head Quater",https://www.justdial.com/Mumbai/Lobo-Stores-Opposite-Bombay-Police-Head-Quater-Crawford-Market/022P2150289_BZDET?xid=TXVtYmFpIEdyb2NlcnkgU3RvcmVzIENodXJjaGdhdGU=,Churchgate

Hakimi Stores Crawford Market,1.69 KM,4.4,132 Votes,"301/302 Crawford Hair Tage Market, 3rd Lane, Crawford Market, Mumbai - 400001",https://www.justdial.com/Mumbai/Hakimi-Stores-Crawford-Market/022PXX22-XX22-100226232638-S2A2_BZDET?xid=TXVtYmFpIEdyb2NlcnkgU3RvcmVzIENodXJjaGdhdGU=,Churchgate

Janta Super Market Colaba Market Colaba,1.94 KM,4.8,9 Votes,"Shop No 03, Colaba Mansion, Lala Nigam Road, Colaba, Mumbai - 400005, Colaba Market",https://www.justdial.com/Mumbai/Janta-Super-Market-Colaba-Market-Colaba/022PXX22-XX22-150220181011-E9N3_BZDET?xid=TXVtYmFpIEdyb2NlcnkgU3RvcmVzIENodXJjaGdhdGU=,Churchgate

V K Stores Opp crime branch Crawford Market,1.65 KM,4.3,12 Votes,"Shop No 467-468, second galli second shop, Crawford Market, Mumbai - 400001, opp crime branch",https://www.justdial.com/Mumbai/V-K-Stores-Opp-crime-branch-Crawford-Market/022PXX22-XX22-140301164442-G5Q5_BZDET?xid=TXVtYmFpIEdyb2NlcnkgU3RvcmVzIENodXJjaGdhdGU=,Churchgate

Maratha Stores Near Dena Bank Colaba,1.86 KM,3.7,110 Votes,"40/A, Dena Bank Building, Shahid Bhagat Singh Marg, 3rd Pasta Lane, Colaba, Mumbai - 400005, Near Dena Bank",https://www.justdial.com/Mumbai/Maratha-Stores-Near-Dena-Bank-Colaba/022P8402998_BZDET?xid=TXVtYmFpIEdyb2NlcnkgU3RvcmVzIENodXJjaGdhdGU=,Churchgate

Shah Vasanji Damji Opposite Badshah Cold Drink House Opposite CID Office Crawford Market,1.14 KM,4.0,18 Votes,"Shop No 376/377/378, D N Road, Crawford Market, Mumbai - 400001, Opposite Badshah Cold Drink House, Opposite CID Office",https://www.justdial.com/Mumbai/Shah-Vasanji-Damji-Opposite-Badshah-Cold-Drink-House-Opposite-CID-Office-Crawford-Market/022PPE70553_BZDET?xid=TXVtYmFpIEdyb2NlcnkgU3RvcmVzIENodXJjaGdhdGU=,Churchgate

New Colaba Super Market Opposite Dena Bank Colaba,1.89 KM,4.1,29 Votes,"Shop No 1, Ruby Terrace, Lala Nigam Road, Colaba, Mumbai - 400005, Opposite Dena Bank",https://www.justdial.com/Mumbai/New-Colaba-Super-Market-Opposite-Dena-Bank-Colaba/022PXX22-XX22-091025205939-Q6Z3_BZDET?xid=TXVtYmFpIEdyb2NlcnkgU3RvcmVzIENodXJjaGdhdGU=,Churchgate

Hiralal Shival Super Market Near Goldeval Temple Gol Deval Cawasji Patel Tank,2 KM,4.5,11 Votes,"209/211, Laxmi Building, Sant Sena Maharaj Marg, Gol Deval-Cawasji Patel Tank, Mumbai - 400004, Near Goldeval Temple",https://www.justdial.com/Mumbai/Hiralal-Shival-Super-Market-Near-Goldeval-Temple-Gol-Deval-Cawasji-Patel-Tank/022PXX22-XX22-140728204529-W5P6_BZDET?xid=TXVtYmFpIEdyb2NlcnkgU3RvcmVzIENodXJjaGdhdGU=,Churchgate

Joseph Company Opp Naval Public School Colaba,1.94 KM,4.3,7 Votes,"Shop No 4, Pipewala Bldg, 4th Pasta Lane, Colaba, Mumbai - 400005, Opp Naval Public School",https://www.justdial.com/Mumbai/Joseph-Company-Opp-Naval-Public-School-Colaba/022P8903505_BZDET?xid=TXVtYmFpIEdyb2NlcnkgU3RvcmVzIENodXJjaGdhdGU=,Churchgate

Alpha General Store Opp Stationary Zone Fort,1.08 KM,4.3,6 Votes,"95 Sai Bihar, Modi Street, Fort, Mumbai - 400001, Opp. Stationary Zone",https://www.justdial.com/Mumbai/Alpha-General-Store-Opp-Stationary-Zone-Fort/022PXX22-XX22-101022174019-Y6K2_BZDET?xid=TXVtYmFpIEdyb2NlcnkgU3RvcmVzIENodXJjaGdhdGU=,Churchgate

Sangam Stores Colaba Market Colaba,1.93 KM,3.7,8 Votes,"Shop No 2, Building No 24, Indumati Sakarikar Marg, Colaba, Mumbai - 400005, Colaba Market",https://www.justdial.com/Mumbai/Sangam-Stores-Colaba-Market-Colaba/022PXX22-XX22-130107152612-H2R9_BZDET?xid=TXVtYmFpIEdyb2NlcnkgU3RvcmVzIENodXJjaGdhdGU=,Churchgate

Welcome General Stores Colaba Market Colaba,1.95 KM,3.8,5 Votes,"Shop No 5, Plumber House, Lala Nigam Road, Colaba, Mumbai - 400005, Colaba Market",https://www.justdial.com/Mumbai/Welcome-General-Stores-Colaba-Market-Colaba/022PXX22-XX22-000759465484-K1L7_BZDET?xid=TXVtYmFpIEdyb2NlcnkgU3RvcmVzIENodXJjaGdhdGU=,Churchgate

Gupta Provision Store Masoob Shopping Centre Near Janmabhoomi Marg Fort,0.7 KM,4.6,9 Votes,"14 Bagh, Wakriwala Building, Shop A/ 1, Pitha Street, Fort, Mumbai - 400001, Masoob Shopping Centre, Near Janmabhoomi Marg",https://www.justdial.com/Mumbai/Gupta-Provision-Store-Masoob-Shopping-Centre-Near-Janmabhoomi-Marg-Fort/022PXX22-XX22-140326135600-U8A9_BZDET?xid=TXVtYmFpIEdyb2NlcnkgU3RvcmVzIENodXJjaGdhdGU=,Churchgate

Bansi Studio Fort,0.79 KM,4.8,13 Votes,"Dhun Biulding, Jyoti Studio Compound, Veer Nariman Road, Kala Ghoda, Fort, Mumbai - 400001",https://www.justdial.com/Mumbai/Bansi-Studio-Fort/022PXX22-XX22-170601200434-W7A6_BZDET?xid=TXVtYmFpIEdyb2NlcnkgU3RvcmVzIENodXJjaGdhdGU=,Churchgate

Magna Nutrition Centre Kala Ghoda Fort,0.87 KM,3.5,12 Votes,"143, Sassoon Building, M G Road, Fort, Mumbai - 400001, Kala Ghoda",https://www.justdial.com/Mumbai/Magna-Nutrition-Centre-Kala-Ghoda-Fort/022PXX22-XX22-000250378383-N1V9_BZDET?xid=TXVtYmFpIEdyb2NlcnkgU3RvcmVzIENodXJjaGdhdGU=,Churchgate

Gourmet West Opposite Jehangir Art Gallery Kala Ghoda Fort,0.87 KM,4.0,6 Votes,"C/O Westside Store, Ground Floor, Army & Navy Building, 148 M G Road, Fort, Mumbai - 400001, Opposite Jehangir Art Gallery, Kala Ghoda",https://www.justdial.com/Mumbai/Gourmet-West-Opposite-Jehangir-Art-Gallery-Kala-Ghoda-Fort/022PXX22-XX22-130102115426-D6E2_BZDET?xid=TXVtYmFpIEdyb2NlcnkgU3RvcmVzIENodXJjaGdhdGU=,Churchgate

Shreeji Foods Nx Fort,1.03 KM,4.4,89 Votes,"Shop No 1/2, Walchand Hirachand Marg, Fort, Mumbai - 400001",https://www.justdial.com/Mumbai/Shreeji-Foods-Nx-Fort/022PXX22-XX22-161226101902-R4M1_BZDET?xid=TXVtYmFpIEdyb2NlcnkgU3RvcmVzIENodXJjaGdhdGU=,Churchgate

Grocesory Shop,,4.4,8 Votes,Mumbai - 400001,https://www.justdial.com/Mumbai/Grocesory-Shop/022PXX22-XX22-091115314940-IAPP_BZDET?xid=TXVtYmFpIEdyb2NlcnkgU3RvcmVzIENodXJjaGdhdGU=,Churchgate

Students General Stores Cuffe Parade colaba,1.28 KM,4.2,155 Votes,"625, G D Somani Memorial School, Cuffe Parade-colaba, Mumbai - 400005",https://www.justdial.com/Mumbai/Students-General-Stores-Cuffe-Parade-colaba/022P603052_BZDET?xid=TXVtYmFpIEdlbmVyYWwgU3RvcmVzIENvbGFiYQ==,Colaba

Patel General Stores Near Colaba Post Office Colaba,1.4 KM,3.5,15 Votes,"Shop No 20, Hampton Court, Shahid Bhagat Singh Road, Colaba, Mumbai - 400005, Near Colaba Post Office",https://www.justdial.com/Mumbai/Patel-General-Stores-Near-Colaba-Post-Office-Colaba/022PXX22-XX22-120309032402-C1F2_BZDET?xid=TXVtYmFpIEdlbmVyYWwgU3RvcmVzIENvbGFiYQ==,Colaba

New Variety General Stores Near Colaba Post Office Colaba,0.83 KM,3.6,8 Votes,"Shop No 22, Hampton Court, Shahid Bhagat Singh Road, Colaba, Mumbai - 400005, Near Colaba Post Office",https://www.justdial.com/Mumbai/New-Variety-General-Stores-Near-Colaba-Post-Office-Colaba/022PXX22-XX22-000586420181-X2K3_BZDET?xid=TXVtYmFpIEdlbmVyYWwgU3RvcmVzIENvbGFiYQ==,Colaba

Kohinoor General Stores Behind Strand Cinema Colaba,1.66 KM,4.1,35 Votes,"Grants Building, Arthur Bunder Road, Colaba, Mumbai - 400005, Behind Strand Cinema",https://www.justdial.com/Mumbai/Kohinoor-General-Stores-Behind-Strand-Cinema-Colaba/022PXX22-XX22-090901267903-IAPP_BZDET?xid=TXVtYmFpIEdlbmVyYWwgU3RvcmVzIENvbGFiYQ==,Colaba

Shakti General Stores Near Colaba Post Officie Colaba,1.54 KM,4.6,8 Votes,"Usha Sadan, Shop No 9, Block A, Shahid Bhagat Singh Road,Colaba, Colaba, Mumbai - 400005, Near Colaba Post Officie",https://www.justdial.com/Mumbai/Shakti-General-Stores-Near-Colaba-Post-Officie-Colaba/022PXX22-XX22-111011122527-P9D8_BZDET?xid=TXVtYmFpIEdlbmVyYWwgU3RvcmVzIENvbGFiYQ==,Colaba

Garden General Store Colaba,0.25 KM,5.0,6 Votes,"Malabar Mansion, 37, Colaba Causeway, Gundecha Garden, Colaba, Mumbai - 400005",https://www.justdial.com/Mumbai/Garden-General-Store-Colaba/022PXX22-XX22-180327154513-B4Q7_BZDET?xid=TXVtYmFpIEdlbmVyYWwgU3RvcmVzIENvbGFiYQ==,Colaba

Javed General Stores Opposite Telephone Bhavan Colaba,0.44 KM,4.2,11 Votes,"Shop No 6 Mistry Chamber Building, Colaba, Mumbai - 400005, Opposite Telephone Bhavan",https://www.justdial.com/Mumbai/Javed-General-Stores-Opposite-Telephone-Bhavan-Colaba/022PXX22-XX22-001251664565-P1T4_BZDET?xid=TXVtYmFpIEdlbmVyYWwgU3RvcmVzIENvbGFiYQ==,Colaba

Karishma General Provision Store Colaba,1.86 KM,4.9,14 Votes,"Cen508, Doctor B.A Nagar Punarvasab, Settlement, Babasaheb Ambedkar Nagar, Captain Prakash Pethe Marg, Colaba, Mumbai - 400005",https://www.justdial.com/Mumbai/Karishma-General-Provision-Store-Colaba/022PXX22-XX22-180411181344-B8U2_BZDET?xid=TXVtYmFpIEdlbmVyYWwgU3RvcmVzIENvbGFiYQ==,Colaba

Balge Colaba,1.91 KM,4.0,8 Votes,"Settlement, Ganesh Murti Nagar, Captain Prakash Pethe Marg, Colaba, Mumbai - 400005",https://www.justdial.com/Mumbai/Balge-Colaba/022PXX22-XX22-181130203158-R2N6_BZDET?xid=TXVtYmFpIEdlbmVyYWwgU3RvcmVzIENvbGFiYQ==,Colaba

K G N Near Suladh Sochalya Colaba,2 KM,4.3,35 Votes,"Ganesh Muti Nagar 3, Ganesh Murti Nagar, Captain Prakash Pethe Marg, Colaba, Mumbai - 400005, Near Suladh Sochalya",https://www.justdial.com/Mumbai/K-G-N-Near-Suladh-Sochalya-Colaba/022PXX22-XX22-181222025949-C7P8_BZDET?xid=TXVtYmFpIEdlbmVyYWwgU3RvcmVzIENvbGFiYQ==,Colaba

Bombay Crafts Pharmacy General Store Opposite Oval Ground Churchgate,1.16 KM,4.1,41 Votes,"124/I, Eros Cinema Building, M K Road, Churchgate, Mumbai - 400020, Opposite Oval Ground",https://www.justdial.com/Mumbai/Bombay-Crafts-Pharmacy-General-Store-Opposite-Oval-Ground-Churchgate/022POCE2565_BZDET?xid=TXVtYmFpIEdlbmVyYWwgU3RvcmVzIENvbGFiYQ==,Colaba

Neelam Medical Street Bazaar Gate Opposite V T Station Fort,1.88 KM,4.4,41 Votes,"53, Perin Nariman Street, Fort, Mumbai - 400001, Bazaar Gate, Opposite V T Station",https://www.justdial.com/Mumbai/Neelam-Medical-Street-Bazaar-Gate-Opposite-V-T-Station-Fort/022PXX22-XX22-000793596764-X7F5_BZDET?xid=TXVtYmFpIEdlbmVyYWwgU3RvcmVzIENvbGFiYQ==,Colaba

Ravi General Stores Opp Nirmala Niketan College Near Churchgate Station Churchgate,1.6 KM,4.1,25 Votes,"Shop No 1, Jolly Bhavan No 2, 7 New Marine Lines, Churchgate, Mumbai - 400020, Opp Nirmala Niketan College, Near Churchgate Station",https://www.justdial.com/Mumbai/Ravi-General-Stores-Opp-Nirmala-Niketan-College-Near-Churchgate-Station-Churchgate/022P5325042_BZDET?xid=TXVtYmFpIEdlbmVyYWwgU3RvcmVzIENvbGFiYQ==,Colaba

The Lucky General Stores Near Rbi Bank Fort,1.56 KM,4.0,24 Votes,"Office No 221, Bora Bazar Street, Fort, Mumbai - 400001, Near Rbi Bank",https://www.justdial.com/Mumbai/The-Lucky-General-Stores-Near-Rbi-Bank-Fort/022PNE05219_BZDET?xid=TXVtYmFpIEdlbmVyYWwgU3RvcmVzIENvbGFiYQ==,Colaba

Kirloskar Electric Company Limited In Mumbai Gpo Fort,,4.3,7 Votes,"9, State Bank Officers 1st Colony, SS Colony, Sv Nagar, Fort, Mumbai - 400001, In Mumbai Gpo",https://www.justdial.com/Mumbai/Kirloskar-Electric-Company-Limited-In-Mumbai-Gpo-Fort/022PXX22-XX22-110127153310-R1W5_BZDET?xid=TXVtYmFpIEdlbmVyYWwgU3RvcmVzIENvbGFiYQ==,Colaba

Rajat General Stores Near Reserve Bank Of India Opp Horniman Circle Fort,1.45 KM,3.8,6 Votes,"Shop No 2, Gool Mansion, 6,Homji Street, Fort, Mumbai - 400001, Near Reserve Bank Of India,Opp Horniman Circle",https://www.justdial.com/Mumbai/Rajat-General-Stores-Near-Reserve-Bank-Of-India-Opp-Horniman-Circle-Fort/022PXX22-XX22-090819201747-R5W2_BZDET?xid=TXVtYmFpIEdlbmVyYWwgU3RvcmVzIENvbGFiYQ==,Colaba

Dhedia Store,,3.9,7 Votes,Mumbai - 400001,https://www.justdial.com/Mumbai/Dhedia-Store/022P5415019_BZDET?xid=TXVtYmFpIEdlbmVyYWwgU3RvcmVzIENvbGFiYQ==,Colaba

Oxford Books General Store,,3.8,13 Votes,Mumbai - 400001,https://www.justdial.com/Mumbai/Oxford-Books-General-Store/022P5532938_BZDET?xid=TXVtYmFpIEdlbmVyYWwgU3RvcmVzIENvbGFiYQ==,Colaba

White Magic Near Sewri Bus Depot Sewri,1.34 KM,4.1,654 Votes,"BPT Plot No 2, Acharya Donde Marg, Sewri, Mumbai - 400015, Near Sewri Bus Depot",https://www.justdial.com/Mumbai/White-Magic-Near-Sewri-Bus-Depot-Sewri/022PXX22-XX22-160503105826-R5B1_BZDET?xid=TXVtYmFpIEdlbmVyYWwgU3RvcmVzIENvdHRvbiBHcmVlbg==,CottonGreen

Jai Maharashtra Super Market Near Abhudiya Coprative Bank Parel,1.34 KM,3.8,12 Votes,"Patel Wadi Shope No.15/16, Parel Village, Parel, Mumbai - 400012, Near Abhudiya Coprative Bank",https://www.justdial.com/Mumbai/Jai-Maharashtra-Super-Market-Near-Abhudiya-Coprative-Bank-Parel/022PXX22-XX22-180702162020-T5R1_BZDET?xid=TXVtYmFpIEdlbmVyYWwgU3RvcmVzIENvdHRvbiBHcmVlbg==,CottonGreen

National Medical General Stores Near Sewri Station Sewri,1.71 KM,4.0,9 Votes,"Shop No 3Transit D, Sewri Cross Road, Sewri, Mumbai - 400015, Near Sewri Station",https://www.justdial.com/Mumbai/National-Medical-General-Stores-Near-Sewri-Station-Sewri/022P1237572329C9W6R4_BZDET?xid=TXVtYmFpIEdlbmVyYWwgU3RvcmVzIENvdHRvbiBHcmVlbg==,CottonGreen

Atharva Medical And General Stores Near Bavla Masjid Lower Parel,1.65 KM,4.4,5 Votes,"Shop No 4, Bavla Masjid Building, N M Joshi Marg, Lower Parel, Mumbai - 400013, Near Bavla Masjid",https://www.justdial.com/Mumbai/Atharva-Medical-And-General-Stores-Near-Bavla-Masjid-Lower-Parel/022PXX22-XX22-121030145608-N7M4_BZDET?xid=TXVtYmFpIEdlbmVyYWwgU3RvcmVzIENvdHRvbiBHcmVlbg==,CottonGreen

Shraddha Medical General Store Behind Kem Hospital Gate No 07 Opposite Guru Rani Chowk Parel,1.43 KM,4.3,16 Votes,"649, S P Compound, Dr S S Rao Road, Parel, Mumbai - 400012, Behind Kem Hospital Gate No 07, Opposite Guru Rani Chowk",https://www.justdial.com/Mumbai/Shraddha-Medical-General-Store-Behind-Kem-Hospital-Gate-No-07-Opposite-Guru-Rani-Chowk-Parel/022PXX22-XX22-150217162445-I3D7_BZDET?xid=TXVtYmFpIEdlbmVyYWwgU3RvcmVzIENvdHRvbiBHcmVlbg==,CottonGreen

Sirocco Opposite Hindi Vidhay Bhavan Marine Lines,3.16 KM,4.4,45 Votes,"Shop No 9, Building No 82, Badrikehswar, F Road, Marine Lines, Mumbai - 400020, Opposite Hindi Vidhay Bhavan",https://www.justdial.com/Mumbai/Sirocco-Opposite-Hindi-Vidhay-Bhavan-Marine-Lines/022P1850133_BZDET?xid=TXVtYmFpIEdlbmVyYWwgU3RvcmVzIEN1ZmZlIFBhcmFkZSBDb2xhYmE=,CuffeParade

Lucky Provision Stores Crawford Market,3.88 KM,4.2,10 Votes,"Shop 21, Inside Crawford Market, Opp. Sitaram Building, Anna Saheb Daundkar Marg, Lucky Provision St, Crawford Market, Mumbai - 400001",https://www.justdial.com/Mumbai/Lucky-Provision-Stores-Crawford-Market/022PXX22-XX22-170208175928-Q4B8_BZDET?xid=TXVtYmFpIEdlbmVyYWwgU3RvcmVzIEN1ZmZlIFBhcmFkZSBDb2xhYmE=,CuffeParade

Asian Stores Near Dadar T T Circle Dadar East,0.57 KM,4.2,128 Votes,"807, Imperial Mahal, Khodadad Circle, Dr Ambedkar Road,, Dadar East, Mumbai - 400014, Near Dadar T T Circle",https://www.justdial.com/Mumbai/Asian-Stores-Near-Dadar-T-T-Circle-Dadar-East/022P1004456_BZDET?xid=TXVtYmFpIEdlbmVyYWwgU3RvcmVzIERhZGFy,Dadar

Manoj Medical General Stores Dadar West,0.94 KM,4.4,22 Votes,"13,Raghuraj Bhavan, Gokhale Road South, Dadar West, Mumbai - 400028",https://www.justdial.com/Mumbai/Manoj-Medical-General-Stores-Dadar-West/022P8125391_BZDET?xid=TXVtYmFpIEdlbmVyYWwgU3RvcmVzIERhZGFy,Dadar

Jain General Stores Near Wadala Telephone Exchange Dadar East,0.97 KM,4.3,34 Votes,"Plot No- 234/235, Naigaon Cross Road, Dadar East, Mumbai - 400014, Near Wadala Telephone Exchange",https://www.justdial.com/Mumbai/Jain-General-Stores-Near-Wadala-Telephone-Exchange-Dadar-East/022PXX22-XX22-000557081902-V7Q6_BZDET?xid=TXVtYmFpIEdlbmVyYWwgU3RvcmVzIERhZGFy,Dadar

Bharat Medico Star Mall Opposite Plaza Cinema Dadar West,0.39 KM,3.9,35 Votes,"Shop No 2 Star Mall, N C Kelkar Road, Dadar West, Mumbai - 400028, Opposite Plaza Cinema",https://www.justdial.com/Mumbai/Bharat-Medico-Star-Mall-Opposite-Plaza-Cinema-Dadar-West/022P1980686_BZDET?xid=TXVtYmFpIEdlbmVyYWwgU3RvcmVzIERhZGFy,Dadar

Swami Samarth General Store Near Ashish Industry Dadar West,1.19 KM,4.8,5 Votes,"11, Ganesh Bhuvan, Gokhale Road South, Dadar West, Mumbai - 400028, Near Ashish Industry",https://www.justdial.com/Mumbai/Swami-Samarth-General-Store-Near-Ashish-Industry-Dadar-West/022PXX22-XX22-140417105300-V9N9_BZDET?xid=TXVtYmFpIEdlbmVyYWwgU3RvcmVzIERhZGFy,Dadar

Ikon Bio Pharma Medical General Store Opposite Portuguese Church Dadar West,0.6 KM,4.5,49 Votes,"Shop No 11, Ground Floor, Jilani Manzil Building, S K Bole Road Junction, Dadar West, Mumbai - 400028, Opposite Portuguese Church",https://www.justdial.com/Mumbai/Ikon-Bio-Pharma-Medical-General-Store-Opposite-Portuguese-Church-Dadar-West/022PXX22-XX22-141206164035-T3X7_BZDET?xid=TXVtYmFpIEdlbmVyYWwgU3RvcmVzIERhZGFy,Dadar

Shree Swami Samartha Medical General Stores Near Hindu Colony Lane No 1 Dadar East,0.42 KM,4.2,30 Votes,"Shop No -05 Ground Floor Plot No 61 Shrikant Lodging, Sir Bhalchandra Road, Dadar East, Mumbai - 400014, Near Hindu Colony Lane No 1",https://www.justdial.com/Mumbai/Shree-Swami-Samartha-Medical-General-Stores-Near-Hindu-Colony-Lane-No-1-Dadar-East/022PXX22-XX22-120207060719-X7R5_BZDET?xid=TXVtYmFpIEdlbmVyYWwgU3RvcmVzIERhZGFy,Dadar

Arun Provision Stores Near Axis Bank Dadar West,0.51 KM,4.2,6 Votes,"Shop No.2, Popatlal Chawl, Ranade Road, Dadar West, Mumbai - 400028, Near Axis Bank",https://www.justdial.com/Mumbai/Arun-Provision-Stores-Near-Axis-Bank-Dadar-West/022P1980841_BZDET?xid=TXVtYmFpIEdlbmVyYWwgU3RvcmVzIERhZGFy,Dadar

Wellcare Medical And General Stores Near Ajanta Plywood Dadar West,0.52 KM,4.3,5 Votes,"Shop No 72,Kawali Wadi, Rao Bahadur S K Bole Marg, Dadar West, Mumbai - 400028, Near Ajanta Plywood",https://www.justdial.com/Mumbai/Wellcare-Medical-And-General-Stores-Near-Ajanta-Plywood-Dadar-West/022PXX22-XX22-121122181352-D3B2_BZDET?xid=TXVtYmFpIEdlbmVyYWwgU3RvcmVzIERhZGFy,Dadar

Shushrusha Medical And General Store Opposite HP Petrol Pump Dadar West,0.64 KM,3.9,37 Votes,"Shop No 784/785, Hendre Castle, Gokhale Road North, Dadar West, Mumbai - 400028, Opposite HP Petrol Pump",https://www.justdial.com/Mumbai/Shushrusha-Medical-And-General-Store-Opposite-HP-Petrol-Pump-Dadar-West/022P1974650_BZDET?xid=TXVtYmFpIEdlbmVyYWwgU3RvcmVzIERhZGFy,Dadar

Ashish Medical General Stores Shivaji Park Dadar West,0.77 KM,3.7,8 Votes,"Shop No 3/4, 54/64 Upasana Building, L J Road, Dadar West, Mumbai - 400028, Shivaji Park",https://www.justdial.com/Mumbai/Ashish-Medical-General-Stores-Shivaji-Park-Dadar-West/022P1980459_BZDET?xid=TXVtYmFpIEdlbmVyYWwgU3RvcmVzIERhZGFy,Dadar

Rambhia Cash N Carry Super Market Front State Bank Of India Near Railway Station Dadar West,0.72 KM,4.2,17 Votes,"Shop No 4/68, Kiran Building, Ranade Road, Dadar West, Mumbai - 400028, Front State Bank Of India, Near Railway Station",https://www.justdial.com/Mumbai/Rambhia-Cash-N-Carry-Super-Market-Front-State-Bank-Of-India-Near-Railway-Station-Dadar-West/022P1224364490Z1B5Y7_BZDET?xid=TXVtYmFpIEdlbmVyYWwgU3RvcmVzIERhZGFy,Dadar

Khimji Palan Co Opp portugese Church Dadar West,0.69 KM,4.0,25 Votes,"110 Ravji Sojpal Building, S K Bole Road, Dadar West, Mumbai - 400028, Opp.portugese Church",https://www.justdial.com/Mumbai/Khimji-Palan-Co-Opp-portugese-Church-Dadar-West/022P1980952_BZDET?xid=TXVtYmFpIEdlbmVyYWwgU3RvcmVzIERhZGFy,Dadar

Health Care Medical And General Store Near Portuguese Church Dadar West,0.7 KM,4.3,28 Votes,"Shop No.14, Raoji Sojpal Building, Gokhale Road North, Dadar West, Mumbai - 400028, Near Portuguese Church",https://www.justdial.com/Mumbai/Health-Care-Medical-And-General-Store-Near-Portuguese-Church-Dadar-West/022PK062062_BZDET?xid=TXVtYmFpIEdlbmVyYWwgU3RvcmVzIERhZGFy,Dadar

Adarsh Medical General Store Opposite Spring Mail Dadar East,1.32 KM,4.0,12 Votes,"Shop No 50, G Chawl No 5, Laxmi Co Operative Housing Society, G D Ambekar Road, Naigaon, Dadar East, Mumbai - 400014, Opposite Spring Mail",https://www.justdial.com/Mumbai/Adarsh-Medical-General-Store-Opposite-Spring-Mail-Dadar-East/022P1226851897P8G7A3_BZDET?xid=TXVtYmFpIEdlbmVyYWwgU3RvcmVzIERhZGFy,Dadar

Patel Stores Opposite Kabutar Khana Dadar West,0.22 KM,4.4,5 Votes,"Shop No.53/92, Kirtikar Market, 1st Lane, Dr Dsilva Road, Dadar West, Mumbai - 400028, Opposite Kabutar Khana",https://www.justdial.com/Mumbai/Patel-Stores-Opposite-Kabutar-Khana-Dadar-West/022PF008612_BZDET?xid=TXVtYmFpIEdlbmVyYWwgU3RvcmVzIERhZGFy,Dadar

Sadguru Medical General Store Near Dadar Railway Station Dadar East,0.29 KM,4.3,6 Votes,"Shop No-10 Gafoor Bldg, L N Road, Dadar East, Mumbai - 400014, Near Dadar Railway Station",https://www.justdial.com/Mumbai/Sadguru-Medical-General-Store-Near-Dadar-Railway-Station-Dadar-East/022PXX22-XX22-090708024501-S5E8_BZDET?xid=TXVtYmFpIEdlbmVyYWwgU3RvcmVzIERhZGFy,Dadar

Kalpesh Stores Near Plaza Cinema Dadar West,0.46 KM,3.8,6 Votes,"Shop No 1, Khandeko Building No 11, J K Sawant Marg, Dadar West, Mumbai - 400028, Near Plaza Cinema",https://www.justdial.com/Mumbai/Kalpesh-Stores-Near-Plaza-Cinema-Dadar-West/022P1980446_BZDET?xid=TXVtYmFpIEdlbmVyYWwgU3RvcmVzIERhZGFy,Dadar

Lee Medical General Store Opposite Shindewadi Dadar East,0.84 KM,4.1,14 Votes,"Shop No. 09, Mahavir Sukh Building, Dr Ambedkar Road, Dadar East, Mumbai - 400014, Opposite Shindewadi",https://www.justdial.com/Mumbai/Lee-Medical-General-Store-Opposite-Shindewadi-Dadar-East/022PXX22-XX22-110313084826-U1G7_BZDET?xid=TXVtYmFpIEdlbmVyYWwgU3RvcmVzIERhZGFy,Dadar

Smokers Corner Near Saraswat Bank Dadar West,0.17 KM,3.6,20 Votes,"Suryaji Niwas, Senapati Bapat Marg, Dadar West, Mumbai - 400028, Near Saraswat Bank",https://www.justdial.com/Mumbai/Smokers-Corner-Near-Saraswat-Bank-Dadar-West/022PXX22-XX22-160523120415-H7W6_BZDET?xid=TXVtYmFpIEdlbmVyYWwgU3RvcmVzIERhZGFy,Dadar

Pravin Stores Dadar West,0.23 KM,3.6,14 Votes,"32 Kirtikar Market, M C Jawle Marg, Dadar West, Mumbai - 400028",https://www.justdial.com/Mumbai/Pravin-Stores-Dadar-West/022P1980386_BZDET?xid=TXVtYmFpIEdlbmVyYWwgU3RvcmVzIERhZGFy,Dadar

A K Nagina General Store Dadar West,0.44 KM,4.0,6 Votes,"Kasaravadi, Tulsi Pipe Road, Dadar West, Mumbai - 400028",https://www.justdial.com/Mumbai/A-K-Nagina-General-Store-Dadar-West/022PXX22-XX22-190323080643-N6M7_BZDET?xid=TXVtYmFpIEdlbmVyYWwgU3RvcmVzIERhZGFy,Dadar

Sardarjees Stop And Shop Khodad Circle Dadar East,,4.1,16 Votes,"In Front Of 805 Tehm Terracce, Dr Ambedkar Rd, Dadar East, Mumbai - 400014, Khodad Circle",https://www.justdial.com/Mumbai/Sardarjees-Stop-And-Shop-Khodad-Circle-Dadar-East/022PXX22-XX22-170828160614-C1H9_BZDET?xid=TXVtYmFpIEdlbmVyYWwgU3RvcmVzIERhZGFy,Dadar

Gulshan Stores Near Dadar T T Dadar East,0.56 KM,4.3,20 Votes,"807 Imperial Mahal B Block, Dr Ambedkar Road, Dadar East, Mumbai - 400014, Near Dadar T T",https://www.justdial.com/Mumbai/Gulshan-Stores-Near-Dadar-T-T-Dadar-East/022P8128055_BZDET?xid=TXVtYmFpIEdlbmVyYWwgU3RvcmVzIERhZGFy,Dadar

Gogari Anna Bhandar Opposite Bhatladevi Temple Dahisar,0.38 KM,4.0,98 Votes,"Shop No-9/10, Mani Ben Chawl, Station Road, Dahisar, Mumbai - 400068, Opposite Bhatladevi Temple",https://www.justdial.com/Mumbai/Gogari-Anna-Bhandar-Opposite-Bhatladevi-Temple-Dahisar/022P1945836_BZDET?xid=TXVtYmFpIEdlbmVyYWwgU3RvcmVzIERhaGlzYXI=,Dahisar

Bhavani Medical General Stores Maruti Nagar Ashokvan Near Gokul Anand Hotel Dahisar,1.33 KM,4.2,19 Votes,"Shop No 7 Kesari Nandan BBuilding, Shiv Vallabh Road, Dahisar, Mumbai - 400068, Maruti Nagar, Ashokvan, Near Gokul Anand Hotel",https://www.justdial.com/Mumbai/Bhavani-Medical-General-Stores-Maruti-Nagar-Ashokvan-Near-Gokul-Anand-Hotel-Dahisar/022P1229037087U8A4N1_BZDET?xid=TXVtYmFpIEdlbmVyYWwgU3RvcmVzIERhaGlzYXI=,Dahisar

Jyoti Medico Opp BMC Market Dahisar,0.8 KM,3.9,12 Votes,"Shop No-13 A-2 Anand Nagar, CST Road, Dahisar, Mumbai - 400068, Opp BMC Market",https://www.justdial.com/Mumbai/Jyoti-Medico-Opp-BMC-Market-Dahisar/022PXX22-XX22-121128111512-A8Q1_BZDET?xid=TXVtYmFpIEdlbmVyYWwgU3RvcmVzIERhaGlzYXI=,Dahisar

Krishna Medical General Stores Kandar Pada Dahisar,0.93 KM,3.7,28 Votes,"Shop No 7, Radha Raman Apartment, Waman Rao Bhoir Road, Dahisar, Mumbai - 400068, Kandar Pada",https://www.justdial.com/Mumbai/Krishna-Medical-General-Stores-Kandar-Pada-Dahisar/022PXX22-XX22-120314024221-M3V5_BZDET?xid=TXVtYmFpIEdlbmVyYWwgU3RvcmVzIERhaGlzYXI=,Dahisar

Shri Purnima Super Market Near 298 Last Bus Stop Rawalpada Dahisar East,1.3 KM,4.0,90 Votes,"Shop No 1 & 2, Mandakini Building, Shiv Vallabh Cross Road, Rawalpada-Dahisar East, Mumbai - 400068, Near 298 Last Bus Stop",https://www.justdial.com/Mumbai/Shri-Purnima-Super-Market-Near-298-Last-Bus-Stop-Rawalpada-Dahisar-East/022PXX22-XX22-120410205550-N6Y4_BZDET?xid=TXVtYmFpIEdlbmVyYWwgU3RvcmVzIERhaGlzYXI=,Dahisar

Ankur Stores Opposite Vithal Temple Dahisar,0.44 KM,3.9,7 Votes,"Shop No. 01, Mantri Tower Bldg., L T Road, Dahisar, Mumbai - 400068, Opposite Vithal Temple",https://www.justdial.com/Mumbai/Ankur-Stores-Opposite-Vithal-Temple-Dahisar/022P1227724922Q1F8I3_BZDET?xid=TXVtYmFpIEdlbmVyYWwgU3RvcmVzIERhaGlzYXI=,Dahisar

Real Chemist Medical General Store Near JBCN International School Dahisar,0.47 KM,3.9,20 Votes,"Shop No 1, Shree Blue Diamond Co-op.Hsg.socity Ltd., L M Road, Dahisar, Mumbai - 400068, Near JBCN International School",https://www.justdial.com/Mumbai/Real-Chemist-Medical-General-Store-Near-JBCN-International-School-Dahisar/022PXX22-XX22-120314212821-T2D3_BZDET?xid=TXVtYmFpIEdlbmVyYWwgU3RvcmVzIERhaGlzYXI=,Dahisar

Shree Krishna Super Market Near Raj Medical Dahisar,0.69 KM,4.0,69 Votes,"Shop No 125,M.H.B Colony, Society No 22, S.N Dubey Road, Chunabhatti, Dahisar, Mumbai - 400068, Near Raj Medical",https://www.justdial.com/Mumbai/Shree-Krishna-Super-Market-Near-Raj-Medical-Dahisar/022PXX22-XX22-121206163411-R6T1_BZDET?xid=TXVtYmFpIEdlbmVyYWwgU3RvcmVzIERhaGlzYXI=,Dahisar

Yash Supermarket Opposite Garden Dahisar,1.22 KM,4.0,10 Votes,"Anand Nagar Complex Building Udhish Thir Shop 11/10, 1750 Shivaji Road, Dahisar, Mumbai - 400068, Opposite Garden",https://www.justdial.com/Mumbai/Yash-Supermarket-Opposite-Garden-Dahisar/022PXX22-XX22-090619203382-IAPP_BZDET?xid=TXVtYmFpIEdlbmVyYWwgU3RvcmVzIERhaGlzYXI=,Dahisar

SAI Medical General Stores Near Ravindra Hotel Dahisar,0.42 KM,4.3,23 Votes,"Shop No:- 1, SAI Mandir Co Op HSG Soc Ltd, S V Rd, Dahisar, Mumbai - 400068, Near Ravindra Hotel",https://www.justdial.com/Mumbai/SAI-Medical-General-Stores-Near-Ravindra-Hotel-Dahisar/022P1228929620E4Y5Q8_BZDET?xid=TXVtYmFpIEdlbmVyYWwgU3RvcmVzIERhaGlzYXI=,Dahisar

Gajanand Medical General Stores Near Sagun Hotel Navagaon Dahisar West,0.56 KM,4.5,6 Votes,"Shop No.4, Yellow Ribbon Chs Ltd, L M Road, Navagaon-Dahisar West, Mumbai - 400068, Near Sagun Hotel",https://www.justdial.com/Mumbai/Gajanand-Medical-General-Stores-Near-Sagun-Hotel-Navagaon-Dahisar-West/022PXX22-XX22-120301024041-N5K4_BZDET?xid=TXVtYmFpIEdlbmVyYWwgU3RvcmVzIERhaGlzYXI=,Dahisar

Momai Maa Super Market Near Rustamji Business School Mhatre Wadi Dahisar West,1.19 KM,3.7,9 Votes,"Shop No 4. SAI Amrut, J. Sawant Road, Mhatre Wadi-Dahisar West, Mumbai - 400068, Near Rustamji Business School",https://www.justdial.com/Mumbai/Momai-Maa-Super-Market-Near-Rustamji-Business-School-Mhatre-Wadi-Dahisar-West/022P1228771643L2Q2W8_BZDET?xid=TXVtYmFpIEdlbmVyYWwgU3RvcmVzIERhaGlzYXI=,Dahisar

Shiv Medical General Store Bus Stpo Of 297 Dahisar,1.25 KM,4.6,5 Votes,"Shop No 2,Kumar Chawl,Rawal Pada, S N Dubey Road, Dahisar, Mumbai - 400068, Bus Stpo Of 297",https://www.justdial.com/Mumbai/Shiv-Medical-General-Store-Bus-Stpo-Of-297-Dahisar/022PXX22-XX22-100531164408-B8F9_BZDET?xid=TXVtYmFpIEdlbmVyYWwgU3RvcmVzIERhaGlzYXI=,Dahisar

Hari Om Super Market Near Om Yogeshwar Apartment Kandar Pada Dahisar,1.09 KM,3.9,11 Votes,"Shop No 5, Ekta Vivek Building, Linking Road, Dahisar, Mumbai - 400068, Near Om Yogeshwar Apartment, Kandar Pada",https://www.justdial.com/Mumbai/Hari-Om-Super-Market-Near-Om-Yogeshwar-Apartment-Kandar-Pada-Dahisar/022PXX22-XX22-100506163734-G7I9_BZDET?xid=TXVtYmFpIEdlbmVyYWwgU3RvcmVzIERhaGlzYXI=,Dahisar

Ramkrishna Medical General Store Opposite Siddhi Hospital Near Nancy Colony Veer Savarkar Nagar Dahisar,1.27 KM,4.5,26 Votes,"Shop No 8, Datta Dham Building, Veer Savarkar Nagar, Dahisar, Mumbai - 400068, Opposite Siddhi Hospital, Near Nancy Colony, Veer Savarkar Nagar",https://www.justdial.com/Mumbai/Ramkrishna-Medical-General-Store-Opposite-Siddhi-Hospital-Near-Nancy-Colony-Veer-Savarkar-Nagar-Dahisar/022PXX22-XX22-120402194912-L1U6_BZDET?xid=TXVtYmFpIEdlbmVyYWwgU3RvcmVzIERhaGlzYXI=,Dahisar

Mangalore General Stores Opposite Muncipal School Dahisar,0.15 KM,3.9,23 Votes,"Shop No-5 Sangeeta Niwas, Hari Shankar Joshi Road, Dahisar, Mumbai - 400068, Opposite Muncipal School",https://www.justdial.com/Mumbai/Mangalore-General-Stores-Opposite-Muncipal-School-Dahisar/022PXX22-XX22-110119215515-W9J6_BZDET?xid=TXVtYmFpIEdlbmVyYWwgU3RvcmVzIERhaGlzYXI=,Dahisar

Prasad Super Market Opposite Oriental Bank Of Commerce Masquita Nagar Dahisar East,0.25 KM,3.8,9 Votes,"Shop No 4 Ketaki CHS Misquitta Nagar, Vidya Mandir Road, Masquita Nagar-Dahisar East, Mumbai - 400068, Opposite Oriental Bank Of Commerce",https://www.justdial.com/Mumbai/Prasad-Super-Market-Opposite-Oriental-Bank-Of-Commerce-Masquita-Nagar-Dahisar-East/022PXX22-XX22-101011102926-D7T5_BZDET?xid=TXVtYmFpIEdlbmVyYWwgU3RvcmVzIERhaGlzYXI=,Dahisar

Liberty Medical General Stores Opposite Canara Bank Dahisar,0.42 KM,4.1,6 Votes,"Shop No:- 1, N K Chawl, S V Rd, Dahisar, Mumbai - 400068, Opposite Canara Bank",https://www.justdial.com/Mumbai/Liberty-Medical-General-Stores-Opposite-Canara-Bank-Dahisar/022PXX22-XX22-120224231547-P5R1_BZDET?xid=TXVtYmFpIEdlbmVyYWwgU3RvcmVzIERhaGlzYXI=,Dahisar

Shakti Aanna Bhandar Near Dahisar Police Station Dahisar,0.67 KM,3.6,5 Votes,"C/10, Shiv Shakti Complex, S V Road, Dahisar, Mumbai - 400068, Near Dahisar Police Station",https://www.justdial.com/Mumbai/Shakti-Aanna-Bhandar-Near-Dahisar-Police-Station-Dahisar/022PXX22-XX22-120412021416-K4H1_BZDET?xid=TXVtYmFpIEdlbmVyYWwgU3RvcmVzIERhaGlzYXI=,Dahisar

Shiv Shakti Opp Krishna Tower Dahisar,0.84 KM,4.1,15 Votes,"Shop No 2-3, Ashapura Shopping Centre, Near Matru Chhaya School, Dahisar, Mumbai - 400068, Opp. Krishna Tower",https://www.justdial.com/Mumbai/Shiv-Shakti-Opp-Krishna-Tower-Dahisar/022PXX22-XX22-110126153810-C7J1_BZDET?xid=TXVtYmFpIEdlbmVyYWwgU3RvcmVzIERhaGlzYXI=,Dahisar

Raj Kirana Store Opposite to Garden Dahisar,1.24 KM,3.5,6 Votes,"Shop No. 8, Sindhu Bhuvan Apartment, Rawalpada, Dahisar, Mumbai - 400068, Opposite to Garden",https://www.justdial.com/Mumbai/Raj-Kirana-Store-Opposite-to-Garden-Dahisar/022PXX22-XX22-140325105458-L2G8_BZDET?xid=TXVtYmFpIEdlbmVyYWwgU3RvcmVzIERhaGlzYXI=,Dahisar

Janata Market Ashokvan Dahisar,1.31 KM,3.8,6 Votes,"Shop No 8, Kesari Nandan Building, Shiv Vallabh Road, Dahisar, Mumbai - 400068, Ashokvan",https://www.justdial.com/Mumbai/Janata-Market-Ashokvan-Dahisar/022PXX22-XX22-120202165318-F6V5_BZDET?xid=TXVtYmFpIEdlbmVyYWwgU3RvcmVzIERhaGlzYXI=,Dahisar

Brijesh Medical General Stores Opp Fish Market Dahisar,1.7 KM,4.0,7 Votes,"Sakharam Khandekar Chawl, Ketkipada, Dahisar, Mumbai - 400068, Opp Fish Market",https://www.justdial.com/Mumbai/Brijesh-Medical-General-Stores-Opp-Fish-Market-Dahisar/022PXX22-XX22-120417034142-W6G7_BZDET?xid=TXVtYmFpIEdlbmVyYWwgU3RvcmVzIERhaGlzYXI=,Dahisar

New Sancheti Chemist Opposite Railway Station Dahisar,0.11 KM,4.2,5 Votes,"Shop No,5, Nikita Building, Harishankar Joshi Marg, Dahisar, Mumbai - 400068, Opposite Railway Station",https://www.justdial.com/Mumbai/New-Sancheti-Chemist-Opposite-Railway-Station-Dahisar/022PXX22-XX22-130121110441-C9A3_BZDET?xid=TXVtYmFpIEdlbmVyYWwgU3RvcmVzIERhaGlzYXI=,Dahisar

Anantrai Harilal co Opposite Anant Wadi Bhuleshwar,0.82 KM,4.9,9 Votes,"8991, Fanas Wadi, A Merchant Road, Bhuleshwar, Mumbai - 400002, Opposite Anant Wadi",https://www.justdial.com/Mumbai/Anantrai-Harilal-co-Opposite-Anant-Wadi-Bhuleshwar/022PXX22-XX22-180901100934-Q3B4_BZDET?xid=TXVtYmFpIEdyb2NlcnkgU3RvcmVzIERob2JpIFRhbGFv,Dhobi_talao

Rahul Store Kalbadevi,0.84 KM,5.0,11 Votes,"91/Hh Koliwadi, Kalbadevi, Mumbai - 400002",https://www.justdial.com/Mumbai/Rahul-Store-Kalbadevi/022PXX22-XX22-180328034755-T1P5_BZDET?xid=TXVtYmFpIEdyb2NlcnkgU3RvcmVzIERob2JpIFRhbGFv,Dhobi_talao

Khimji Anand Company Opposite Chaniya House Gulal Wadi bhuleshwar,,4.2,5 Votes,"139 Kika Street, Gulal Wadi-bhuleshwar, Mumbai - 400002, Opposite Chaniya House",https://www.justdial.com/Mumbai/Khimji-Anand-Company-Opposite-Chaniya-House-Gulal-Wadi-bhuleshwar/022P1226177512N5B7S3_BZDET?xid=TXVtYmFpIEdyb2NlcnkgU3RvcmVzIERob2JpIFRhbGFv,Dhobi_talao

Satyam Enterprises Opposite Patwa Chambers Near Masjid Station East Dana Bandar,1.47 KM,4.3,59 Votes,"110 & 111, Clive Road,, Dana Bandar, Mumbai - 400009, Opposite Patwa Chambers, Near Masjid Station East",https://www.justdial.com/Mumbai/Satyam-Enterprises-Opposite-Patwa-Chambers-Near-Masjid-Station-East-Dana-Bandar/022PF014842_BZDET?xid=TXVtYmFpIEdyb2NlcnkgU3RvcmVzIERob2JpIFRhbGFv,Dhobi_talao

Naeem Masala Near Gol Deval Temple Null Bazar,1.48 KM,3.6,15 Votes,"Shop No 23 and 24, Mirza Ghalib Market, Matka Gali, Null Bazar, Mumbai - 400003, Near Gol Deval Temple",https://www.justdial.com/Mumbai/Naeem-Masala-Near-Gol-Deval-Temple-Null-Bazar/022PXX22-XX22-190621185122-K9T5_BZDET?xid=TXVtYmFpIEdyb2NlcnkgU3RvcmVzIERob2JpIFRhbGFv,Dhobi_talao

Kuvarji Khimraj Company Gol Dev Mandir Shiv Mandir Null Bazar,1.55 KM,4.2,44 Votes,"Shop No 132 134, S V P Road, Null Bazar, Mumbai - 400003, Gol Dev Mandir (Shiv Mandir)",https://www.justdial.com/Mumbai/Kuvarji-Khimraj-Company-Gol-Dev-Mandir-Shiv-Mandir-Null-Bazar/022PXX22-XX22-140221104703-D4P5_BZDET?xid=TXVtYmFpIEdyb2NlcnkgU3RvcmVzIERob2JpIFRhbGFv,Dhobi_talao

Sha Raga Ladha Company Near Madhavbaug Temple Cawasji Patel Tank,1.35 KM,4.2,98 Votes,"33, Sindhi Lane, Cawasji Patel Tank, Mumbai - 400004, Near Madhavbaug Temple",https://www.justdial.com/Mumbai/Sha-Raga-Ladha-Company-Near-Madhavbaug-Temple-Cawasji-Patel-Tank/022P8903122_BZDET?xid=TXVtYmFpIEdyb2NlcnkgU3RvcmVzIERob2JpIFRhbGFv,Dhobi_talao

Satyam Enterprise Masjid Bunder,,3.8,6 Votes,"Masjid Bunder, Mumbai - 400003",https://www.justdial.com/Mumbai/Satyam-Enterprise-Masjid-Bunder/022PXX22-XX22-151231164522-M3T2_BZDET?xid=TXVtYmFpIEdyb2NlcnkgU3RvcmVzIERob2JpIFRhbGFv,Dhobi_talao

Parshuram Traders Virmani Market Bhat Bazar Masjid Bunder,1.4 KM,4.1,20 Votes,"267/71, G-15, Narshi Nath Street, Masjid Bunder, Mumbai - 400003, Virmani Market, Bhat Bazar",https://www.justdial.com/Mumbai/Parshuram-Traders-Virmani-Market-Bhat-Bazar-Masjid-Bunder/022PXX22-XX22-120315225605-L3W3_BZDET?xid=TXVtYmFpIEdyb2NlcnkgU3RvcmVzIERob2JpIFRhbGFv,Dhobi_talao

E H Kathawala Company Bhat Bazar Masjid Bunder,1.39 KM,4.6,27 Votes,"262/70, Anant Niwas, Narshi Natha Street, Masjid Bunder, Mumbai - 400003, Bhat Bazar",https://www.justdial.com/Mumbai/E-H-Kathawala-Company-Bhat-Bazar-Masjid-Bunder/022PF012218_BZDET?xid=TXVtYmFpIEdyb2NlcnkgU3RvcmVzIERob2JpIFRhbGFv,Dhobi_talao

Virchand Khimji Co Opposite Two Tank Grant Road,1.95 KM,4.0,35 Votes,"144, Grant Road, Mumbai - 400007, Opposite Two Tank",https://www.justdial.com/Mumbai/Virchand-Khimji-Co-Opposite-Two-Tank-Grant-Road/022P4901828_BZDET?xid=TXVtYmFpIEdyb2NlcnkgU3RvcmVzIERob2JpIFRhbGFv,Dhobi_talao

Bhat Bazar,1.49 KM,3.8,155 Votes,"New Chinchbunder, Chinchbunder, Mandvi, Keshavji Naik Road, Mumbai - 400003",https://www.justdial.com/Mumbai/Bhat-Bazar/022PXX22-XX22-181018140145-D8N5_BZDET?xid=TXVtYmFpIEdyb2NlcnkgU3RvcmVzIERob2JpIFRhbGFv,Dhobi_talao

Rahat Medical General Stores Next to Metro Opticians Dongri,0.58 KM,4.3,6 Votes,"Shop No 17, Haroon Manzil, 155 Imamwada Road, Dongri, Mumbai - 400009, Next to Metro Opticians",https://www.justdial.com/Mumbai/Rahat-Medical-General-Stores-Next-to-Metro-Opticians-Dongri/022PXX22-XX22-130325142831-R1N8_BZDET?xid=TXVtYmFpIEdlbmVyYWwgU3RvcmVzIERvbmdyaQ==,Dongri

Shree Datta General Store Near Sandhurst Road Railway Station Sandhurst Road,0.11 KM,3.7,413 Votes,"Shop No 6 , Dongri Muncipal Market, Nowroji Hill Road No4, Sandhurst Road, Mumbai - 400009, Near Sandhurst Road Railway Station",https://www.justdial.com/Mumbai/Shree-Datta-General-Store-Near-Sandhurst-Road-Railway-Station-Sandhurst-Road/022PXX22-XX22-130313111745-N9T6_BZDET?xid=TXVtYmFpIEdlbmVyYWwgU3RvcmVzIERvbmdyaQ==,Dongri

Nazir Medico Near Sandhurst Road Dongri Muncipal Fish Market Dongri,0.12 KM,4.6,7 Votes,"Shop No 13, Nowroji Hill Road No 4, Dongri, Mumbai - 400009, Near Sandhurst Road, Dongri Muncipal Fish Market",https://www.justdial.com/Mumbai/Nazir-Medico-Near-Sandhurst-Road-Dongri-Muncipal-Fish-Market-Dongri/022PXX22-XX22-130306113157-A2W7_BZDET?xid=TXVtYmFpIEdlbmVyYWwgU3RvcmVzIERvbmdyaQ==,Dongri

Shree Datta General Store Dongri,0.13 KM,3.7,413 Votes,"Shop No 6,Dongi Municipal Market, Nauroji Hill Road No 4, Dongri, Mumbai - 400009",https://www.justdial.com/Mumbai/Shree-Datta-General-Store-Dongri/022PXX22-XX22-190807175313-E8Q7_BZDET?xid=TXVtYmFpIEdlbmVyYWwgU3RvcmVzIERvbmdyaQ==,Dongri

Prince Medical General Stores Opp Dongri BMC Market Dongri,0.16 KM,4.7,10 Votes,"Shop No.3, 73/75 Nawab Mansion Bldg., Dr Meisheri Road, Dongri, Mumbai - 400009, Opp Dongri BMC Market",https://www.justdial.com/Mumbai/Prince-Medical-General-Stores-Opp-Dongri-BMC-Market-Dongri/022PXX22-XX22-111221181905-X4G9_BZDET?xid=TXVtYmFpIEdlbmVyYWwgU3RvcmVzIERvbmdyaQ==,Dongri

Getwell Soon Chemist General Stores Near Noor Baug Circle Sandhurst Road,0.25 KM,4.1,7 Votes,"Shop No 2, Amir Building, Jail Road, Sandhurst Road, Mumbai - 400009, Near Noor Baug Circle",https://www.justdial.com/Mumbai/Getwell-Soon-Chemist-General-Stores-Near-Noor-Baug-Circle-Sandhurst-Road/022PXX22-XX22-120303025417-U5E5_BZDET?xid=TXVtYmFpIEdlbmVyYWwgU3RvcmVzIERvbmdyaQ==,Dongri

New Plaza Medical General Stores Opp Dena bank Noor Baug Umerkhadi,0.33 KM,5.0,6 Votes,"Shop No 1, Pragati Building, S.C. Marg, Noor Baug-Umerkhadi, Mumbai - 400009, opp. Dena bank",https://www.justdial.com/Mumbai/New-Plaza-Medical-General-Stores-Opp-Dena-bank-Noor-Baug-Umerkhadi/022PXX22-XX22-130102193359-W1G5_BZDET?xid=TXVtYmFpIEdlbmVyYWwgU3RvcmVzIERvbmdyaQ==,Dongri

Food Spot Bussines Park Ghatkopar East,0.19 KM,4.1,75 Votes,"Shop No 18, Kamdar Shopping Apartment, Tilak Road, Ghatkopar East, Mumbai - 400077, Bussines Park",https://www.justdial.com/Mumbai/Food-Spot-Bussines-Park-Ghatkopar-East/022PXX22-XX22-161130160219-Q7H7_BZDET?xid=TXVtYmFpIEdlbmVyYWwgU3RvcmVzIEdoYXRrb3Bhcg==,Ghatkopar

Shah Arjan Virji Company Jalaram Nagar Opp Gandhi Market Ghatkopar East,0.19 KM,4.1,59 Votes,"1/4 Jalaram Nagar, M G Road, Ghatkopar East, Mumbai - 400077, Jalaram Nagar Opp. Gandhi Market",https://www.justdial.com/Mumbai/Shah-Arjan-Virji-Company-Jalaram-Nagar-Opp-Gandhi-Market-Ghatkopar-East/022PXX22-XX22-000087686197-M1K5_BZDET?xid=TXVtYmFpIEdlbmVyYWwgU3RvcmVzIEdoYXRrb3Bhcg==,Ghatkopar