Matunga Sahakari Bhandar Ltd Matunga East,0.09 KM,3.7,6 Votes,"Matunga, Mumbai, Bhandarkar Road, Matunga East, Mumbai - 400019",https://www.justdial.com/Mumbai/Matunga-Sahakari-Bhandar-Ltd-Matunga-East/022PXX22-XX22-140524163002-S8V2_BZDET?xid=TXVtYmFpIEdlbmVyYWwgU3RvcmVzIE1hdHVuZ2EgRWFzdA==,Matunga East

Shree Jagdish Medical General Stores Near Bridge Matunga East,0.17 KM,4.2,5 Votes,"Shop No 3, Kacchi House Building, Bhandarkar Road, Matunga East, Mumbai - 400019, Near Bridge",https://www.justdial.com/Mumbai/Shree-Jagdish-Medical-General-Stores-Near-Bridge-Matunga-East/022PXX22-XX22-000792950059-R5R8_BZDET?xid=TXVtYmFpIEdlbmVyYWwgU3RvcmVzIE1hdHVuZ2EgRWFzdA==,Matunga East

Ganesh Grain Store Near State Bank Of Mysore Matunga East,0.84 KM,4.0,8 Votes,"Plot No 31, Shop No 2/3, Timber Terrace Building, Bhaudaji Road, Matunga East, Mumbai - 400019, Near State Bank Of Mysore",https://www.justdial.com/Mumbai/Ganesh-Grain-Store-Near-State-Bank-Of-Mysore-Matunga-East/022P5591049_BZDET?xid=TXVtYmFpIEdlbmVyYWwgU3RvcmVzIE1hdHVuZ2EgRWFzdA==,Matunga East

Jagdish Medical General Stores Near Sunder Bhavan Hotel Matunga East,0.17 KM,5.0,5 Votes,"Shop No 4, Kachi House, Bhandakar Road, Matunga East, Mumbai - 400019, Near Sunder Bhavan Hotel",https://www.justdial.com/Mumbai/Jagdish-Medical-General-Stores-Near-Sunder-Bhavan-Hotel-Matunga-East/022P1002805_BZDET?xid=TXVtYmFpIEdlbmVyYWwgU3RvcmVzIE1hdHVuZ2EgRWFzdA==,Matunga East

Tej Leela Opp Rambag Holl Matunga East,0.33 KM,3.7,7 Votes,"404 Laxmi Narayanwadi, Laxminarayan Lane, Matunga East, Mumbai - 400019, Opp Rambag Holl",https://www.justdial.com/Mumbai/Tej-Leela-Opp-Rambag-Holl-Matunga-East/022PXX22-XX22-150922111706-P6U3_BZDET?xid=TXVtYmFpIEdlbmVyYWwgU3RvcmVzIE1hdHVuZ2EgRWFzdA==,Matunga East

Monarch Medico Opp Maheshwari Udhyan Matunga East,0.35 KM,4.1,55 Votes,"Circle House, Dr. B A Road, Matunga East, Mumbai - 400019, Opp Maheshwari Udhyan",https://www.justdial.com/Mumbai/Monarch-Medico-Opp-Maheshwari-Udhyan-Matunga-East/022P5424161_BZDET?xid=TXVtYmFpIEdlbmVyYWwgU3RvcmVzIE1hdHVuZ2EgRWFzdA==,Matunga East

Rakesh Medical General Stores Near Sies High School Matunga East,0.73 KM,4.0,17 Votes,"Shop No 7, Modi Minar, Kas Road, Matunga East, Mumbai - 400019, Near Sies High School",https://www.justdial.com/Mumbai/Rakesh-Medical-General-Stores-Near-Sies-High-School-Matunga-East/022P6105311_BZDET?xid=TXVtYmFpIEdlbmVyYWwgU3RvcmVzIE1hdHVuZ2EgRWFzdA==,Matunga East

Janta Supreme Punjabi Atta Samaj Mandir Hall Sion Koliwada,1.36 KM,4.3,15 Votes,"Sardar Nagar No 3,, Hemant Manjrekar Marg, Sion Koliwada, Mumbai - 400022, Samaj Mandir Hall",https://www.justdial.com/Mumbai/Janta-Supreme-Punjabi-Atta-Samaj-Mandir-Hall-Sion-Koliwada/022PF004110_BZDET?xid=TXVtYmFpIEdlbmVyYWwgU3RvcmVzIE1hdHVuZ2EgRWFzdA==,Matunga East

Shriram Variety Stores Opposite Manjrekar Market Sion Koliwada,1.74 KM,4.4,6 Votes,"Shop No.D-2, Building No.1, Jaishankar Yagnik Road, Sion Koliwada, Mumbai - 400022, Opposite Manjrekar Market",https://www.justdial.com/Mumbai/Shriram-Variety-Stores-Opposite-Manjrekar-Market-Sion-Koliwada/022PXX22-XX22-160823174141-U2Y5_BZDET?xid=TXVtYmFpIEdlbmVyYWwgU3RvcmVzIE1hdHVuZ2EgRWFzdA==,Matunga East

Modern Distributor Medical General Store Near Dominoz Pizza Sion,1.54 KM,4.2,53 Votes,"56/3 Shop No:3, Jain Indralaya Near Sabri Hotel, Sion, Mumbai - 400022, Near Dominoz Pizza",https://www.justdial.com/Mumbai/Modern-Distributor-Medical-General-Store-Near-Dominoz-Pizza-Sion/022PXX22-XX22-000901572857-U8U5_BZDET?xid=TXVtYmFpIEdlbmVyYWwgU3RvcmVzIE1hdHVuZ2EgRWFzdA==,Matunga East

Laxmi Medical General Store Opposite Gandhi Market Near King Circle Station Sion,0.9 KM,4.3,18 Votes,"Shop No.4 Plot No 262, Dr Ambedkar Road, Sion, Mumbai - 400022, Opposite Gandhi Market, Near King Circle Station",https://www.justdial.com/Mumbai/Laxmi-Medical-General-Store-Opposite-Gandhi-Market-Near-King-Circle-Station-Sion/022P1235773954H8L2A2_BZDET?xid=TXVtYmFpIEdlbmVyYWwgU3RvcmVzIE1hdHVuZ2EgRWFzdA==,Matunga East

Satnam Atta Stores Near Gtb Nagar Sion Koliwada,1.44 KM,4.5,37 Votes,"Shop No 6 & 7, Guru Arjun Niwas, Sion Koliwada, Mumbai - 400022, Near Gtb Nagar",https://www.justdial.com/Mumbai/Satnam-Atta-Stores-Near-Gtb-Nagar-Sion-Koliwada/022PK001061_BZDET?xid=TXVtYmFpIEdlbmVyYWwgU3RvcmVzIE1hdHVuZ2EgRWFzdA==,Matunga East

Khosla Stores Near Hazara Hotel Sion Koliwada,1.42 KM,3.6,6 Votes,"Bldg No 1, Shop No 27, Sion Koliwada, Mumbai - 400022, Near Hazara Hotel",https://www.justdial.com/Mumbai/Khosla-Stores-Near-Hazara-Hotel-Sion-Koliwada/022PWE00601_BZDET?xid=TXVtYmFpIEdlbmVyYWwgU3RvcmVzIE1hdHVuZ2EgRWFzdA==,Matunga East

Meghdoot General Stores Opposite Shanmukhanand Hall Sion East Sion,1.76 KM,3.7,8 Votes,"Shop No. 2 & 3 Plot No. 283 Meghdoot Building, Sion, Mumbai - 400022, Opposite Shanmukhanand Hall Sion (East)",https://www.justdial.com/Mumbai/Meghdoot-General-Stores-Opposite-Shanmukhanand-Hall-Sion-East-Sion/022PXX22-XX22-161118220739-S2D3_BZDET?xid=TXVtYmFpIEdlbmVyYWwgU3RvcmVzIE1hdHVuZ2EgRWFzdA==,Matunga East

National Medical Surgical And General Store Near Triwari Sweets Sion,1.16 KM,4.5,10 Votes,"Shop No: 5, New Nand Deep CHS Ltd., Sulochana Shetty Road, Sion, Mumbai - 400022, Near Triwari Sweets",https://www.justdial.com/Mumbai/National-Medical-Surgical-And-General-Store-Near-Triwari-Sweets-Sion/022PXX22-XX22-161026223001-W4L8_BZDET?xid=TXVtYmFpIEdlbmVyYWwgU3RvcmVzIE1hdHVuZ2EgRWFzdA==,Matunga East

J P Stores Kumbharwada Dharavi,1.38 KM,4.3,5 Votes,"Shop No 129, 90 Feet Road, Dharavi, Mumbai - 400017, Kumbharwada",https://www.justdial.com/Mumbai/J-P-Stores-Kumbharwada-Dharavi/022P1235662862E3L6Z2_BZDET?xid=TXVtYmFpIEdlbmVyYWwgU3RvcmVzIE1hdHVuZ2EgRWFzdA==,Matunga East

Milan Variety Store Near SIES College Sion,1.69 KM,3.9,9 Votes,"Plot No 112, Shop No 4, Shanti Sadan, Vallabdas Marg, Sion, Mumbai - 400022, Near SIES College",https://www.justdial.com/Mumbai/Milan-Variety-Store-Near-SIES-College-Sion/022PXX22-XX22-121001163737-A2Z3_BZDET?xid=TXVtYmFpIEdlbmVyYWwgU3RvcmVzIE1hdHVuZ2EgRWFzdA==,Matunga East

Om Medical And General Store Near City Light Cinema Matunga West,0.33 KM,4.0,17 Votes,"4 Dinath Terrace, 189, Lady Jamshetjee Road, Matunga West, Mumbai - 400016, Near City Light Cinema",https://www.justdial.com/Mumbai/Om-Medical-And-General-Store-Near-City-Light-Cinema-Matunga-West/022PXX22-XX22-001222689036-C4X3_BZDET?xid=TXVtYmFpIEdlbmVyYWwgU3RvcmVzIE1hdHVuZ2EgV2VzdA==,Matunga West

Om Vijay Pani Puri Bhel Puri Chana Bandhar Shivshena Bhavan Mahim,0.53 KM,3.8,8 Votes,"Shop No.5b, Shivaji Park, Kasaravadi, Lady Jamshedji Road, Mahim, Mumbai - 400016, Shivshena Bhavan",https://www.justdial.com/Mumbai/Om-Vijay-Pani-Puri-Bhel-Puri-Chana-Bandhar-Shivshena-Bhavan-Mahim/022PXX22-XX22-171219222908-U2R4_BZDET?xid=TXVtYmFpIEdlbmVyYWwgU3RvcmVzIE1hdHVuZ2EgV2VzdA==,Matunga West

Lubna Trading Company Mira Road Mira Road,0.64 KM,4.3,7 Votes,"Shop No. 10, Meghdoot Cooperative Society Limited, Haidery Chowk, Naya Nagar, Mira Bhayandar, Lodha Road, Mira Road, Thane - 401107, Mira Road",https://www.justdial.com/Mumbai/Lubna-Trading-Company-Mira-Road-Mira-Road/022PXX22-XX22-190814001115-U6M5_BZDET?xid=TXVtYmFpIEdlbmVyYWwgU3RvcmVzIE1pcmEgQmhheWFuZGFyIFJvYWQgTWlyYSBSb2Fk,Mira-Bhayandar

Mahadev Provision Stores Near S K Stone Poonam Garden Mira Road,0.78 KM,3.7,11 Votes,"Shop No 10, Arena Building 2, Mira Bhayandar Road Back, Poonam Garden-Mira Road, Thane - 401107, Near S.K. Stone",https://www.justdial.com/Mumbai/Mahadev-Provision-Stores-Near-S-K-Stone-Poonam-Garden-Mira-Road/022PXX22-XX22-120225025831-V7T8_BZDET?xid=TXVtYmFpIEdlbmVyYWwgU3RvcmVzIE1pcmEgQmhheWFuZGFyIFJvYWQgTWlyYSBSb2Fk,Mira-Bhayandar

Navjivan Medical General Stores Near Ideal Park Mira Road,1 KM,4.2,7 Votes,"Shop No. 6, Om Sadanand Apartment, Mira Bhayandar Rd, P K Road, Mira Road, Thane - 401107, Near Ideal Park",https://www.justdial.com/Mumbai/Navjivan-Medical-General-Stores-Near-Ideal-Park-Mira-Road/022P1230560454N4D4D7_BZDET?xid=TXVtYmFpIEdlbmVyYWwgU3RvcmVzIE1pcmEgQmhheWFuZGFyIFJvYWQgTWlyYSBSb2Fk,Mira-Bhayandar

Vikas General Store Opp Blue Dart Mira Road,1.5 KM,3.7,5 Votes,"Shop No-29,Harias Dream Park, Mira Bhayandar Road, Mira Road, Thane - 401107, Opp-Blue Dart",https://www.justdial.com/Mumbai/Vikas-General-Store-Opp-Blue-Dart-Mira-Road/022PXX22-XX22-160928112403-S4U9_BZDET?xid=TXVtYmFpIEdlbmVyYWwgU3RvcmVzIE1pcmEgQmhheWFuZGFyIFJvYWQgTWlyYSBSb2Fk,Mira-Bhayandar

Pooja General Store Near Sanghvi Nagar Mira Road,1.61 KM,4.3,6 Votes,"Shop No-36,Sankesh Building, Mira Bhayandar Road, Mira Road, Thane - 401107, Near Sanghvi Nagar",https://www.justdial.com/Mumbai/Pooja-General-Store-Near-Sanghvi-Nagar-Mira-Road/022PXX22-XX22-121112152320-I9D6_BZDET?xid=TXVtYmFpIEdlbmVyYWwgU3RvcmVzIE1pcmEgQmhheWFuZGFyIFJvYWQgTWlyYSBSb2Fk,Mira-Bhayandar

Navjyoti Medical General Stores Haria Dream Park Mira Road,1.7 KM,4.5,12 Votes,"Shop No 11,Reetu Pradise, Mira Bhayandar Road, Mira Road, Thane - 401107, Haria Dream Park",https://www.justdial.com/Mumbai/Navjyoti-Medical-General-Stores-Haria-Dream-Park-Mira-Road/022PXX22-XX22-120314234040-K6J1_BZDET?xid=TXVtYmFpIEdlbmVyYWwgU3RvcmVzIE1pcmEgQmhheWFuZGFyIFJvYWQgTWlyYSBSb2Fk,Mira-Bhayandar

Market Point Near Kanakia Police Chauki Beverly Park mira Road,0.58 KM,3.8,314 Votes,"Shop No.8.9 &10, Saroji Enclave, Kanakia Road, Beverly Park-mira Road, Thane - 401107, Near Kanakia Police Chauki",https://www.justdial.com/Mumbai/Market-Point-Near-Kanakia-Police-Chauki-Beverly-Park-mira-Road/022PXX22-XX22-130125111722-M5H6_BZDET?xid=TXVtYmFpIEdlbmVyYWwgU3RvcmVzIE1pcmEgQmhheWFuZGFyIFJvYWQgTWlyYSBSb2Fk,Mira-Bhayandar

Sanjay Medical General Stores Sector 5 Near Jain Temple Mira Road,0.98 KM,4.5,154 Votes,"B-28, Madhukar Building, Shop No 3/4, Shanti Nagar, Mira Road, Thane - 401107, Sector 5, Near Jain Temple",https://www.justdial.com/Mumbai/Sanjay-Medical-General-Stores-Sector-5-Near-Jain-Temple-Mira-Road/022P1230584237Y9D2M3_BZDET?xid=TXVtYmFpIEdlbmVyYWwgU3RvcmVzIE1pcmEgQmhheWFuZGFyIFJvYWQgTWlyYSBSb2Fk,Mira-Bhayandar

Deepak Stationery General Store Opp St Xavier School Mira Road,1.42 KM,3.9,24 Votes,"Shop No 4, Rashmi Enclave, C Building, Shanti Park Road, Mira Road, Thane - 401107, Opp St Xavier School",https://www.justdial.com/Mumbai/Deepak-Stationery-General-Store-Opp-St-Xavier-School-Mira-Road/022PXX22-XX22-000038543666-B0D4_BZDET?xid=TXVtYmFpIEdlbmVyYWwgU3RvcmVzIE1pcmEgQmhheWFuZGFyIFJvYWQgTWlyYSBSb2Fk,Mira-Bhayandar

The Family Mart Opposite Poonam Estate Mira Road,1.88 KM,4.3,24 Votes,"Cluster 2, Shop No.33, 34, 35, Building No.7,8,9, Mira Road, Thane - 401107, Opposite Poonam Estate",https://www.justdial.com/Mumbai/The-Family-Mart-Opposite-Poonam-Estate-Mira-Road/022PXX22-XX22-190813191815-V2Z4_BZDET?xid=TXVtYmFpIEdlbmVyYWwgU3RvcmVzIE1pcmEgQmhheWFuZGFyIFJvYWQgTWlyYSBSb2Fk,Mira-Bhayandar

Sneha General Stores Opposite Sector 6 Near Jain Mandir Sector No 5 Shanti Nagar mira Road,0.98 KM,3.9,52 Votes,"B/28, Shop No 6, Shanti Nagar-mira Road, Thane - 401107, Opposite Sector 6, Near Jain Mandir, Sector No 5",https://www.justdial.com/Mumbai/Sneha-General-Stores-Opposite-Sector-6-Near-Jain-Mandir-Sector-No-5-Shanti-Nagar-mira-Road/022P1204058_BZDET?xid=TXVtYmFpIEdlbmVyYWwgU3RvcmVzIE1pcmEgQmhheWFuZGFyIFJvYWQgTWlyYSBSb2Fk,Mira-Bhayandar

Navya Medical General Store Opposite Wockhardt Hospital Naya Nagar Mira Road,0.58 KM,3.8,16 Votes,"Shop No 20 , Asmita Lords Plaza, Rassaz Road, Mira Road, Thane - 401107, Opposite Wockhardt Hospital, Naya Nagar",https://www.justdial.com/Mumbai/Navya-Medical-General-Store-Opposite-Wockhardt-Hospital-Naya-Nagar-Mira-Road/022PXX22-XX22-120222225356-N3T9_BZDET?xid=TXVtYmFpIEdlbmVyYWwgU3RvcmVzIE1pcmEgQmhheWFuZGFyIFJvYWQgTWlyYSBSb2Fk,Mira-Bhayandar

Ganga Supermarket Jahangir Complex Opposite J K Bank Silver Park mira Road,1.25 KM,4.0,6 Votes,"Shop No 16/17, Ganga Shopping Centre, Silver Park-mira Road, Thane - 401107, Jahangir Complex, Opposite J & K Bank",https://www.justdial.com/Mumbai/Ganga-Supermarket-Jahangir-Complex-Opposite-J-K-Bank-Silver-Park-mira-Road/022P5652851_BZDET?xid=TXVtYmFpIEdlbmVyYWwgU3RvcmVzIE1pcmEgQmhheWFuZGFyIFJvYWQgTWlyYSBSb2Fk,Mira-Bhayandar

Amardeep General Store Near ICICI Bank Sector 5 Mira Road,1.77 KM,4.0,149 Votes,"Shop No 7/8, Surya Shopping Centre, Shrusti Complex, Mira Road, Thane - 401107, Near ICICI Bank, Sector 5",https://www.justdial.com/Mumbai/Amardeep-General-Store-Near-ICICI-Bank-Sector-5-Mira-Road/022P8700533_BZDET?xid=TXVtYmFpIEdlbmVyYWwgU3RvcmVzIE1pcmEgQmhheWFuZGFyIFJvYWQgTWlyYSBSb2Fk,Mira-Bhayandar

Kanhaiya General Store Near Jain Mandir Sector No 5 Mira Road,0.94 KM,3.5,5 Votes,"Shop No 5, Building No B/2, Shanti Nagar, Mira Road, Thane - 401107, Near Jain Mandir, Sector No 5",https://www.justdial.com/Mumbai/Kanhaiya-General-Store-Near-Jain-Mandir-Sector-No-5-Mira-Road/022PXX22-XX22-091104308324-IAPP_BZDET?xid=TXVtYmFpIEdlbmVyYWwgU3RvcmVzIE1pcmEgQmhheWFuZGFyIFJvYWQgTWlyYSBSb2Fk,Mira-Bhayandar

Khetlaji Trading Co Opp Sector 2 Mira Road,1.28 KM,4.1,8 Votes,"Shop No 1,2,3 , Building No B-13,Shanti Nagar, Sector-10, Mira Road, Thane - 401107, Opp. Sector-2",https://www.justdial.com/Mumbai/Khetlaji-Trading-Co-Opp-Sector-2-Mira-Road/022PXX22-XX22-120224234636-Z6K5_BZDET?xid=TXVtYmFpIEdlbmVyYWwgU3RvcmVzIE1pcmEgQmhheWFuZGFyIFJvYWQgTWlyYSBSb2Fk,Mira-Bhayandar

Parmar Medical General Stores Near Indra Hospital Shanti Nagar Sector No 9 Mira Road,1.63 KM,4.3,36 Votes,"Shop No 10/11, Building No B12, Mira Road, Thane - 401107, Near Indra Hospital Shanti Nagar Sector No 9,",https://www.justdial.com/Mumbai/Parmar-Medical-General-Stores-Near-Indra-Hospital-Shanti-Nagar-Sector-No-9-Mira-Road/022P1233381799H6R8F5_BZDET?xid=TXVtYmFpIEdlbmVyYWwgU3RvcmVzIE1pcmEgQmhheWFuZGFyIFJvYWQgTWlyYSBSb2Fk,Mira-Bhayandar

Regal Medical General Store Opposite Cinemax Theater Mira Road,0.96 KM,4.1,12 Votes,"Shop No 6, Building No A-7, Eden Rose Shopping Centre, Kanakia Space, Beverly Park, Mira Road, Thane - 401107, Opposite Cinemax Theater",https://www.justdial.com/Mumbai/Regal-Medical-General-Store-Opposite-Cinemax-Theater-Mira-Road/022PXX22-XX22-130426170856-O6K1_BZDET?xid=TXVtYmFpIEdlbmVyYWwgU3RvcmVzIE1pcmEgQmhheWFuZGFyIFJvYWQgTWlyYSBSb2Fk,Mira-Bhayandar

Master Bakery General Store Near Parivar Hotel Poonam Sagar Complex Mira Road,1.95 KM,4.4,51 Votes,"Uphar 2, Shop No 5, Asmita Building, Mira Road, Thane - 401107, Near Parivar Hotel & Poonam Sagar Complex",https://www.justdial.com/Mumbai/Master-Bakery-General-Store-Near-Parivar-Hotel-Poonam-Sagar-Complex-Mira-Road/022PXX22-XX22-130103145041-K5A4_BZDET?xid=TXVtYmFpIEdlbmVyYWwgU3RvcmVzIE1pcmEgQmhheWFuZGFyIFJvYWQgTWlyYSBSb2Fk,Mira-Bhayandar

Rehan Medical General Stores Near Narendra Park Naya Nagar Mira Road,0.86 KM,4.2,15 Votes,"Shop No 7, Milap Apartment, Lodha Road, Mira Road, Thane - 401107, Near Narendra Park, Naya Nagar",https://www.justdial.com/Mumbai/Rehan-Medical-General-Stores-Near-Narendra-Park-Naya-Nagar-Mira-Road/022PXX22-XX22-100917095407-F2R5_BZDET?xid=TXVtYmFpIEdlbmVyYWwgU3RvcmVzIE1pcmEgQmhheWFuZGFyIFJvYWQgTWlyYSBSb2Fk,Mira-Bhayandar

Monica Trading Company Nr Latif Park Mira Road,0.86 KM,3.8,5 Votes,"Shop No 5, Solitaire III, Building No 13, Poonam Garden, Mira Road, Thane - 401107, Nr. Latif Park",https://www.justdial.com/Mumbai/Monica-Trading-Company-Nr-Latif-Park-Mira-Road/022PXX22-XX22-101207172644-W4I1_BZDET?xid=TXVtYmFpIEdlbmVyYWwgU3RvcmVzIE1pcmEgQmhheWFuZGFyIFJvYWQgTWlyYSBSb2Fk,Mira-Bhayandar

Suman Medical General Stores Beverly Park Opp Cinemax Mira Road,0.88 KM,3.7,50 Votes,"Shop No 9, Eden Rose Shopping Centre, Kanakia Road, Mira Road, Thane - 401107, Beverly Park, Opp Cinemax",https://www.justdial.com/Mumbai/Suman-Medical-General-Stores-Beverly-Park-Opp-Cinemax-Mira-Road/022PXX22-XX22-120620232830-N8R8_BZDET?xid=TXVtYmFpIEdlbmVyYWwgU3RvcmVzIE1pcmEgQmhheWFuZGFyIFJvYWQgTWlyYSBSb2Fk,Mira-Bhayandar

Shraddha Medical General Store Near HDFC Bank Shanti Park mira Road,1.13 KM,4.2,12 Votes,"Shop No. 4/5, Jangid Apartment, Shanti Park-mira Road, Thane - 401107, Near HDFC Bank",https://www.justdial.com/Mumbai/Shraddha-Medical-General-Store-Near-HDFC-Bank-Shanti-Park-mira-Road/022PXX22-XX22-110121113847-Y8E5_BZDET?xid=TXVtYmFpIEdlbmVyYWwgU3RvcmVzIE1pcmEgQmhheWFuZGFyIFJvYWQgTWlyYSBSb2Fk,Mira-Bhayandar

New Apna Super Bazar Sector 5 Near Surya Shopping Centre Mira Road,1.61 KM,3.6,119 Votes,"Shop No 1, Shrushti Complex, Mira Road, Thane - 401107, Sector 5, Near Surya Shopping Centre",https://www.justdial.com/Mumbai/New-Apna-Super-Bazar-Sector-5-Near-Surya-Shopping-Centre-Mira-Road/022P1204056_BZDET?xid=TXVtYmFpIEdlbmVyYWwgU3RvcmVzIE1pcmEgQmhheWFuZGFyIFJvYWQgTWlyYSBSb2Fk,Mira-Bhayandar

Sai Medical General store Near Saraswat Bank Poonam Sagar Complex mira Road,1.67 KM,4.0,12 Votes,"Shop No 9, Olympia Building, Poonam Sagar Complex-mira Road, Thane - 401107, Near Saraswat Bank",https://www.justdial.com/Mumbai/Sai-Medical-General-store-Near-Saraswat-Bank-Poonam-Sagar-Complex-mira-Road/022PXX22-XX22-170801174303-W6M7_BZDET?xid=TXVtYmFpIEdlbmVyYWwgU3RvcmVzIE1pcmEgQmhheWFuZGFyIFJvYWQgTWlyYSBSb2Fk,Mira-Bhayandar

Rehmat Medical and General Store Near Ten Villa Masjid Mira Road,0.71 KM,4.5,9 Votes,"Shop No 4, Heena Avenue, Near Naya Nagar, Mira Road, Thane - 401107, Near Ten Villa Masjid",https://www.justdial.com/Mumbai/Rehmat-Medical-and-General-Store-Near-Ten-Villa-Masjid-Mira-Road/022PXX22-XX22-121213130216-P5W6_BZDET?xid=TXVtYmFpIEdlbmVyYWwgU3RvcmVzIE1pcmEgQmhheWFuZGFyIFJvYWQgTWlyYSBSb2Fk,Mira-Bhayandar

Prabhat Medical General Stores Lodha Road Mira Road,0.93 KM,4.6,14 Votes,"S-10, Chandresh Abhinandan , Lodha Complex, 60 Feet Road, Mira Road, Thane - 401107, Lodha Road",https://www.justdial.com/Mumbai/Prabhat-Medical-General-Stores-Lodha-Road-Mira-Road/022PXX22-XX22-120229000130-Z9B9_BZDET?xid=TXVtYmFpIEdlbmVyYWwgU3RvcmVzIE1pcmEgQmhheWFuZGFyIFJvYWQgTWlyYSBSb2Fk,Mira-Bhayandar

Gokul Chemist Near St Thomas Church Mira Road,0.94 KM,4.2,6 Votes,"Shop No 3, New Narmada Tower, Mira Road, Thane - 401107, Near St Thomas Church",https://www.justdial.com/Mumbai/Gokul-Chemist-Near-St-Thomas-Church-Mira-Road/022PXX22-XX22-110203101920-D4D7_BZDET?xid=TXVtYmFpIEdlbmVyYWwgU3RvcmVzIE1pcmEgQmhheWFuZGFyIFJvYWQgTWlyYSBSb2Fk,Mira-Bhayandar

Mira Soap Oil Center Near Jain Temple Mira Road,0.96 KM,3.6,5 Votes,"Shop No 7, Sector 6, Shanti Nagar, Mira Road, Thane - 401107, Near Jain Temple",https://www.justdial.com/Mumbai/Mira-Soap-Oil-Center-Near-Jain-Temple-Mira-Road/022P2725657_BZDET?xid=TXVtYmFpIEdlbmVyYWwgU3RvcmVzIE1pcmEgQmhheWFuZGFyIFJvYWQgTWlyYSBSb2Fk,Mira-Bhayandar

Mira Medical General Store Mira Road,1.18 KM,4.3,6 Votes,"Shop No.8, Vasant Heights Bldg ., Opp. Poonam Complex, Station Road, Mira Road, Thane - 401107",https://www.justdial.com/Mumbai/Mira-Medical-General-Store-Mira-Road/022PXX22-XX22-101231094758-K6V1_BZDET?xid=TXVtYmFpIEdlbmVyYWwgU3RvcmVzIE1pcmEgQmhheWFuZGFyIFJvYWQgTWlyYSBSb2Fk,Mira-Bhayandar

Balaji Stores Near Jangid Circle Opposite Dairy Don Near Apple Chemist Silver Park mira Road,1.25 KM,4.1,41 Votes,"Shop No 13/14, Ganaga Jangid Complex, Silver Park-mira Road, Thane - 401107, Near Jangid Circle, Opposite Dairy Don, Near Apple Chemist",https://www.justdial.com/Mumbai/Balaji-Stores-Near-Jangid-Circle-Opposite-Dairy-Don-Near-Apple-Chemist-Silver-Park-mira-Road/022PXX22-XX22-130614220004-R1S8_BZDET?xid=TXVtYmFpIEdlbmVyYWwgU3RvcmVzIE1pcmEgQmhheWFuZGFyIFJvYWQgTWlyYSBSb2Fk,Mira-Bhayandar

Gurukrupa Traders Opp Sector 3 Mira Road,1.26 KM,4.2,34 Votes,"Shop No. 16, Bldg. No. A-3, Sector 7, Shanti Nagar, Mira Road, Thane - 401107, Opp. Sector-3",https://www.justdial.com/Mumbai/Gurukrupa-Traders-Opp-Sector-3-Mira-Road/022PXX22-XX22-101229132035-L2K2_BZDET?xid=TXVtYmFpIEdlbmVyYWwgU3RvcmVzIE1pcmEgQmhheWFuZGFyIFJvYWQgTWlyYSBSb2Fk,Mira-Bhayandar

Nagrik Stores Opposite Railway Station Mulund West,0.68 KM,4.2,132 Votes,"Shop No 10, Sai Leela Building, Station Road, Mulund West, Mumbai - 400080, Opposite Railway Station",https://www.justdial.com/Mumbai/Nagrik-Stores-Opposite-Railway-Station-Mulund-West/022PXX22-XX22-130207101920-M7Z1_BZDET?xid=TXVtYmFpIEdlbmVyYWwgU3RvcmVzIE11bHVuZA==,Mulund

Aadhiganesh Stores Vijay Nagar Mulund West,0.56 KM,4.4,120 Votes,"J N Road, Mulund West, Mumbai - 400080, Vijay Nagar",https://www.justdial.com/Mumbai/Aadhiganesh-Stores-Vijay-Nagar-Mulund-West/022P650552_BZDET?xid=TXVtYmFpIEdlbmVyYWwgU3RvcmVzIE11bHVuZA==,Mulund

Rashmi Traders Near Ambaji Dham Temple Mulund West,0.62 KM,4.3,90 Votes,"Shop No 1/2, Vasant Niwas, M G Road, Mulund West, Mumbai - 400080, Near Ambaji Dham Temple",https://www.justdial.com/Mumbai/Rashmi-Traders-Near-Ambaji-Dham-Temple-Mulund-West/022P1227649316D7Z4P4_BZDET?xid=TXVtYmFpIEdlbmVyYWwgU3RvcmVzIE11bHVuZA==,Mulund

Metro Medical General Store Opposite Jain Mandir Sarvodaya Nagar Mulund West,1.02 KM,4.1,46 Votes,"Shop No 1, Suparshav Building, Nahur Road, Mulund West, Mumbai - 400080, Opposite Jain Mandir, Sarvodaya Nagar",https://www.justdial.com/Mumbai/Metro-Medical-General-Store-Opposite-Jain-Mandir-Sarvodaya-Nagar-Mulund-West/022P1236955308M3I9T1_BZDET?xid=TXVtYmFpIEdlbmVyYWwgU3RvcmVzIE11bHVuZA==,Mulund

Sargam Grainl Stores Opp Andhra Bank Mulund West,0.56 KM,4.2,28 Votes,"1, Matru Krupa, M G Rd, Mulund West, Mumbai - 400080, Opp Andhra Bank",https://www.justdial.com/Mumbai/Sargam-Grainl-Stores-Opp-Andhra-Bank-Mulund-West/022P1224608437P8K2K3_BZDET?xid=TXVtYmFpIEdlbmVyYWwgU3RvcmVzIE11bHVuZA==,Mulund

Low Price Department Near Jai Ganesh Talkies Mulund East,0.85 KM,4.2,58 Votes,"Shop No.4 & 5, Kishor Building, Gokhle Road, Mulund East, Mumbai - 400081, Near Jai Ganesh Talkies",https://www.justdial.com/Mumbai/Low-Price-Department-Near-Jai-Ganesh-Talkies-Mulund-East/022PXX22-XX22-140522165247-R9T6_BZDET?xid=TXVtYmFpIEdlbmVyYWwgU3RvcmVzIE11bHVuZA==,Mulund

Dilip General Stores Near Mehul Cinema Gala Nagar Mulund West,0.69 KM,4.6,41 Votes,"Shop No - 14, Gala Nagar, Pandit Jawaharlal Nehru Road, Mulund West, Mumbai - 400080, Near Mehul Cinema, Gala Nagar",https://www.justdial.com/Mumbai/Dilip-General-Stores-Near-Mehul-Cinema-Gala-Nagar-Mulund-West/022PXX22-XX22-001129938418-Z2J8_BZDET?xid=TXVtYmFpIEdlbmVyYWwgU3RvcmVzIE11bHVuZA==,Mulund

Jeevandeep Medical General Stores Tambe Ngr Mulund West,0.86 KM,3.9,8 Votes,"Shop No 1, Sushila Apt, S N Rd, Mulund West, Mumbai - 400080, Tambe Ngr",https://www.justdial.com/Mumbai/Jeevandeep-Medical-General-Stores-Tambe-Ngr-Mulund-West/022P1100828_BZDET?xid=TXVtYmFpIEdlbmVyYWwgU3RvcmVzIE11bHVuZA==,Mulund

Shenoys Mangalore Stores Nr Paanch Rasta Mulund West,0.41 KM,4.2,35 Votes,"Anex Lalan Bldg, P K Road, Mulund West, Mumbai - 400080, Nr Paanch Rasta",https://www.justdial.com/Mumbai/Shenoys-Mangalore-Stores-Nr-Paanch-Rasta-Mulund-West/022P1227647643D2N6T5_BZDET?xid=TXVtYmFpIEdlbmVyYWwgU3RvcmVzIE11bHVuZA==,Mulund

Mahavir Medical General Stores Near to Marathi Vidyalaya Mulund East,1.42 KM,4.4,10 Votes,"Shop no.1,Nilesh Bldg, Vidyalala Marg, Mulund East, Mumbai - 400081, Near to Marathi Vidyalaya",https://www.justdial.com/Mumbai/Mahavir-Medical-General-Stores-Near-to-Marathi-Vidyalaya-Mulund-East/022PXX22-XX22-110119135241-B6N9_BZDET?xid=TXVtYmFpIEdlbmVyYWwgU3RvcmVzIE11bHVuZA==,Mulund

Nidhi Medical General Stores Near State Bank Of India Mulund West,1.59 KM,4.3,22 Votes,"Shop No 7, Manisha Heights, Mulund West, Mumbai - 400080, Near State Bank Of India",https://www.justdial.com/Mumbai/Nidhi-Medical-General-Stores-Near-State-Bank-Of-India-Mulund-West/022P1237715477H7V7A4_BZDET?xid=TXVtYmFpIEdlbmVyYWwgU3RvcmVzIE11bHVuZA==,Mulund

Oskar Super Market Bhaji Market Mulund West,0.46 KM,4.2,92 Votes,"Gaurav Plaza, Shop Number 3,4,5, R R T Road, Mulund West, Mumbai - 400080, Bhaji Market",https://www.justdial.com/Mumbai/Oskar-Super-Market-Bhaji-Market-Mulund-West/022PXX22-XX22-160111170819-P8A3_BZDET?xid=TXVtYmFpIEdlbmVyYWwgU3RvcmVzIE11bHVuZA==,Mulund

Vardhaman Medical General Stores Opposite Dena Bank Mulund West,0.53 KM,4.6,5 Votes,"Shop No 11, Shankar Smruti Building, Mahatma Gandhi Road, Mulund West, Mumbai - 400080, Opposite Dena Bank",https://www.justdial.com/Mumbai/Vardhaman-Medical-General-Stores-Opposite-Dena-Bank-Mulund-West/022PXX22-XX22-101118170809-K3N3_BZDET?xid=TXVtYmFpIEdlbmVyYWwgU3RvcmVzIE11bHVuZA==,Mulund

Arihant Foods Sarvodaya Nagar Opposite Jain Mandir Mulund West,0.96 KM,4.2,37 Votes,"Sambhav Apartments, Shop No 2, Jain Mandir Road, Mulund West, Mumbai - 400080, Sarvodaya Nagar, Opposite Jain Mandir",https://www.justdial.com/Mumbai/Arihant-Foods-Sarvodaya-Nagar-Opposite-Jain-Mandir-Mulund-West/022PXX22-XX22-090602230444-J6K8_BZDET?xid=TXVtYmFpIEdlbmVyYWwgU3RvcmVzIE11bHVuZA==,Mulund

Parshva Foods Sarvodaya Nagar Near Jain Mandir Mulund West,1 KM,3.9,24 Votes,"Shop No.F/4,mitradham Chs., Servoday Nagar,near Car ACCESSARIES Shop,before I.c.i.c.i.bank Mulund We, Jain Mandir Marg, Near Car Accessaries Shop., Mulund West, Mumbai - 400080, Sarvodaya Nagar, Near Jain Mandir",https://www.justdial.com/Mumbai/Parshva-Foods-Sarvodaya-Nagar-Near-Jain-Mandir-Mulund-West/022PXX22-XX22-180901033706-I2K8_BZDET?xid=TXVtYmFpIEdlbmVyYWwgU3RvcmVzIE11bHVuZA==,Mulund

Sarvodaya Foods Opp Jain Temple Mulund West,1.03 KM,3.8,9 Votes,"Shop No-8,Suparshav Aptm, Sarvodaya Nagar, Mulund West, Mumbai - 400080, Opp Jain Temple",https://www.justdial.com/Mumbai/Sarvodaya-Foods-Opp-Jain-Temple-Mulund-West/022PXX22-XX22-110228142113-N2S3_BZDET?xid=TXVtYmFpIEdlbmVyYWwgU3RvcmVzIE11bHVuZA==,Mulund

Gala Stores Mulund East,1.28 KM,4.6,9 Votes,"Shop No 7, Shanti Sadan Wing C, 90 Feet Road, Mulund East, Mumbai - 400081",https://www.justdial.com/Mumbai/Gala-Stores-Mulund-East/022PXX22-XX22-120711234445-U3K8_BZDET?xid=TXVtYmFpIEdlbmVyYWwgU3RvcmVzIE11bHVuZA==,Mulund

Vora Medical Vasant Garden Sapana Nagari Mulund West,1.33 KM,4.1,39 Votes,"Shop No 10, Silver Oaks Building, L.b.s road, Mulund West, Mumbai - 400080, Vasant Garden, Sapana Nagari",https://www.justdial.com/Mumbai/Vora-Medical-Vasant-Garden-Sapana-Nagari-Mulund-West/022P1224608609E8E7L5_BZDET?xid=TXVtYmFpIEdlbmVyYWwgU3RvcmVzIE11bHVuZA==,Mulund

Madhu Medicine Shoppy Chemist And General Store Near Hanuman Chowk and Bank Of India Mulund East,1.12 KM,3.9,32 Votes,"Shop No 1, Samadhan Co Operative Housing Society, L T Extention Road, Mulund East, Mumbai - 400081, Near Hanuman Chowk and Bank Of India",https://www.justdial.com/Mumbai/Madhu-Medicine-Shoppy-Chemist-And-General-Store-Near-Hanuman-Chowk-and-Bank-Of-India-Mulund-East/022PXX22-XX22-110111143157-F6V4_BZDET?xid=TXVtYmFpIEdlbmVyYWwgU3RvcmVzIE11bHVuZA==,Mulund

Siddhivinayak Super Market Geeta Collection Mulund West,0.52 KM,3.7,15 Votes,"Shop No 13 Koteshwar Ashish, Jain Mandir Marg, Mulund West, Mumbai - 400080, Geeta Collection",https://www.justdial.com/Mumbai/Siddhivinayak-Super-Market-Geeta-Collection-Mulund-West/022PXX22-XX22-161203133306-V8B3_BZDET?xid=TXVtYmFpIEdlbmVyYWwgU3RvcmVzIE11bHVuZA==,Mulund

Shiv Shakti Medical General Store Opp Municipal Hospital Mulund West,0.73 KM,4.0,11 Votes,"119-A, Kadam Pada, Dr R P Road, Mulund West, Mumbai - 400080, Opp Municipal Hospital",https://www.justdial.com/Mumbai/Shiv-Shakti-Medical-General-Store-Opp-Municipal-Hospital-Mulund-West/022P1312553_BZDET?xid=TXVtYmFpIEdlbmVyYWwgU3RvcmVzIE11bHVuZA==,Mulund

All In One Behind Jain Mandir Mulund West,0.98 KM,3.9,7 Votes,"Shop No S5/a,roop Pooja Apartment, Jain Mandir Marg,sarvodaya Nagar, Mulund West, Mumbai - 400080, Behind Jain Mandir",https://www.justdial.com/Mumbai/All-In-One-Behind-Jain-Mandir-Mulund-West/022PXX22-XX22-130319140129-G9Y1_BZDET?xid=TXVtYmFpIEdlbmVyYWwgU3RvcmVzIE11bHVuZA==,Mulund

Kirtida Book Centre General Stores Near Deshmukh Garden Mulund East,1.01 KM,4.3,35 Votes,"Shop No 12/A, Ashoka Apartment, Mahatma Phule Marg, Mulund East, Mumbai - 400081, Near Deshmukh Garden",https://www.justdial.com/Mumbai/Kirtida-Book-Centre-General-Stores-Near-Deshmukh-Garden-Mulund-East/022P1237914288S9C3A7_BZDET?xid=TXVtYmFpIEdlbmVyYWwgU3RvcmVzIE11bHVuZA==,Mulund

Kamdhenu Super Shoppy Near Station Mulund East,1.02 KM,4.1,19 Votes,"Shop No-10, Satnam Apartment, L T Road, Mulund East, Mumbai - 400081, Near Station",https://www.justdial.com/Mumbai/Kamdhenu-Super-Shoppy-Near-Station-Mulund-East/022PXX22-XX22-120718213112-S6V3_BZDET?xid=TXVtYmFpIEdlbmVyYWwgU3RvcmVzIE11bHVuZA==,Mulund

Swastik Medical General Stores Opposite to Hanunam Temple Mulund East,1.12 KM,4.2,16 Votes,"Shop No 5, MAA Durga CHS, Navghar Road, Mulund East, Mumbai - 400081, Opposite to Hanunam Temple",https://www.justdial.com/Mumbai/Swastik-Medical-General-Stores-Opposite-to-Hanunam-Temple-Mulund-East/022P1238259367Q9J4N4_BZDET?xid=TXVtYmFpIEdlbmVyYWwgU3RvcmVzIE11bHVuZA==,Mulund

Shenoy Book Depot General Stores Near Allahabad Bank Mulund East,1.2 KM,4.2,32 Votes,"Shop No 4 Prne Kutter Building, Navghar Road, Mulund East, Mumbai - 400081, Near Allahabad Bank",https://www.justdial.com/Mumbai/Shenoy-Book-Depot-General-Stores-Near-Allahabad-Bank-Mulund-East/022PXX22-XX22-110112142809-R9U9_BZDET?xid=TXVtYmFpIEdlbmVyYWwgU3RvcmVzIE11bHVuZA==,Mulund

Paras General Store Near Hira Nagar Mulund West,1.27 KM,4.5,12 Votes,"Shop No 3, Gurukrupa Nagar, Hira Nagar, Goregaon Mulund Link Road, Mulund West, Mumbai - 400080, Near Hira Nagar",https://www.justdial.com/Mumbai/Paras-General-Store-Near-Hira-Nagar-Mulund-West/022PXX22-XX22-181127121433-R4I5_BZDET?xid=TXVtYmFpIEdlbmVyYWwgU3RvcmVzIE11bHVuZA==,Mulund

Shah Mithalal Opposite Nirmal Life Style Mulund West,1.32 KM,3.9,8 Votes,"Aziz Compound, LBS Road, Mulund West, Mumbai - 400080, Opposite Nirmal Life Style",https://www.justdial.com/Mumbai/Shah-Mithalal-Opposite-Nirmal-Life-Style-Mulund-West/022PXX22-XX22-090821044738-Y6X2_BZDET?xid=TXVtYmFpIEdlbmVyYWwgU3RvcmVzIE11bHVuZA==,Mulund

Shree Sai Medical General Stores Near Saidham Hospital Mulund East,1.33 KM,3.9,9 Votes,"Shop No 1, Ambika Plaza, 90 Feet Road, Mulund East, Mumbai - 400081, Near Saidham Hospital",https://www.justdial.com/Mumbai/Shree-Sai-Medical-General-Stores-Near-Saidham-Hospital-Mulund-East/022PXX22-XX22-110120184241-B7A1_BZDET?xid=TXVtYmFpIEdlbmVyYWwgU3RvcmVzIE11bHVuZA==,Mulund

Savala Medical General Store Opposite Vishvabharti Hotel Mulund West,1.55 KM,3.7,5 Votes,"Shop no 31 Bodke Bldg, M G Road, Mulund West, Mumbai - 400080, Opposite Vishvabharti Hotel",https://www.justdial.com/Mumbai/Savala-Medical-General-Store-Opposite-Vishvabharti-Hotel-Mulund-West/022PXX22-XX22-000171352412-Y3A8_BZDET?xid=TXVtYmFpIEdlbmVyYWwgU3RvcmVzIE11bHVuZA==,Mulund

Medimart Chemist And Druggist Near Ashirvad Hospital Mulund Colony mulund West,1.8 KM,3.9,5 Votes,"Shop No 17 E/5, Highland Park, Gurugobind Singh Road, Mulund Colony-mulund West, Mumbai - 400082, Near Ashirvad Hospital",https://www.justdial.com/Mumbai/Medimart-Chemist-And-Druggist-Near-Ashirvad-Hospital-Mulund-Colony-mulund-West/022P1237581934H7Q3P4_BZDET?xid=TXVtYmFpIEdlbmVyYWwgU3RvcmVzIE11bHVuZA==,Mulund

Parass General Stores Opposite Shraddha Hospital Mulund West,0.12 KM,3.9,18 Votes,"Shop No-A-10, Mirani Nagar, Opposite Urban Supermarket, Ganesh Gavde Road, Mulund West, Mumbai - 400080, Opposite Shraddha Hospital",https://www.justdial.com/Mumbai/Parass-General-Stores-Opposite-Shraddha-Hospital-Mulund-West/022P1930670_BZDET?xid=TXVtYmFpIEdlbmVyYWwgU3RvcmVzIE11bHVuZA==,Mulund

New Bharat Medical General Stores Opposite Keshav Pada Mulund West,0.19 KM,3.9,6 Votes,"Shop No. 2, Ashirwad Building, Near Dr. Yogesh Shah, P K Road, Mulund West, Mumbai - 400080, Opposite Keshav Pada",https://www.justdial.com/Mumbai/New-Bharat-Medical-General-Stores-Opposite-Keshav-Pada-Mulund-West/022P1237707935P7S8Q7_BZDET?xid=TXVtYmFpIEdlbmVyYWwgU3RvcmVzIE11bHVuZA==,Mulund

Jaiswal food fruits centre Mulund West,0.25 KM,4.2,5 Votes,"Shop No.17 Koteshwar Plaza, India Nivas Jn Road, Mulund West, Mumbai - 400080",https://www.justdial.com/Mumbai/Jaiswal-food-fruits-centre-Mulund-West/022PXX22-XX22-170601210723-X5J7_BZDET?xid=TXVtYmFpIEdlbmVyYWwgU3RvcmVzIE11bHVuZA==,Mulund

Kamaths Mangalore Stores Opposite Antarishk Tower Mulund West,0.33 KM,4.6,86 Votes,"Shree Rameshwar Apartment, Murar Road, Mulund West, Mumbai - 400080, Opposite Antarishk Tower",https://www.justdial.com/Mumbai/Kamaths-Mangalore-Stores-Opposite-Antarishk-Tower-Mulund-West/022PXX22-XX22-140804132225-S1I4_BZDET?xid=TXVtYmFpIEdlbmVyYWwgU3RvcmVzIE11bHVuZA==,Mulund

Maharashtra Bakery General Store Ramnagar Mulund West,0.38 KM,4.0,7 Votes,"Shop No 1, Goshala Road, Mulund West, Mumbai - 400080, Ramnagar",https://www.justdial.com/Mumbai/Maharashtra-Bakery-General-Store-Ramnagar-Mulund-West/022PXX22-XX22-101129145917-J5N1_BZDET?xid=TXVtYmFpIEdlbmVyYWwgU3RvcmVzIE11bHVuZA==,Mulund

Shree Medical General Stores Near Vijay Nagar Mulund West,0.38 KM,4.0,6 Votes,"Shop No.4, Mahadeo Niwas, Junction Of SL Road & Rhb Road, Mulund West, Mumbai - 400080, Near Vijay Nagar",https://www.justdial.com/Mumbai/Shree-Medical-General-Stores-Near-Vijay-Nagar-Mulund-West/022PXX22-XX22-120216195004-L8M4_BZDET?xid=TXVtYmFpIEdlbmVyYWwgU3RvcmVzIE11bHVuZA==,Mulund

Sagar Provision General Store Near Ramgad Mulund West,0.43 KM,3.8,13 Votes,"Shop No.107, Goshala Road, Goshala Roadpurushottam Kheraj Road, Mulund West, Mumbai - 400080, Near Ramgad",https://www.justdial.com/Mumbai/Sagar-Provision-General-Store-Near-Ramgad-Mulund-West/022PXX22-XX22-170602171605-B4Y6_BZDET?xid=TXVtYmFpIEdlbmVyYWwgU3RvcmVzIE11bHVuZA==,Mulund

Janta Grain Stores Opposite Javerat Jewellers Mulund West,0.45 KM,3.8,13 Votes,"12, Damji Kheraj Biulding, Ganesh Gawade Road, Mulund West, Mumbai - 400080, Opposite Javerat Jewellers",https://www.justdial.com/Mumbai/Janta-Grain-Stores-Opposite-Javerat-Jewellers-Mulund-West/022PXX22-XX22-181222170426-T6F1_BZDET?xid=TXVtYmFpIEdlbmVyYWwgU3RvcmVzIE11bHVuZA==,Mulund

Hirji Umarshi Co Near Bharat Bank Mulund West,0.46 KM,5.0,5 Votes,"Gala No. 1, Padam Bhavan, J N Road, Mulund West, Mumbai - 400080, Near Bharat Bank",https://www.justdial.com/Mumbai/Hirji-Umarshi-Co-Near-Bharat-Bank-Mulund-West/022PXX22-XX22-180104194143-R9M6_BZDET?xid=TXVtYmFpIEdlbmVyYWwgU3RvcmVzIE11bHVuZA==,Mulund

Hiralal Dwarkadas Company General Store Mulund West,0.49 KM,5.0,8 Votes,"Vidya Vihar, Mulund, Marg, Margroad, Mulund West, Mumbai - 400080",https://www.justdial.com/Mumbai/Hiralal-Dwarkadas-Company-General-Store-Mulund-West/022PXX22-XX22-181127115839-V6G9_BZDET?xid=TXVtYmFpIEdlbmVyYWwgU3RvcmVzIE11bHVuZA==,Mulund

Rinku Medical And General Store Near Bus Depot Mulund West,0.51 KM,4.0,18 Votes,"Shop No 10, Bps Plaza, Devi Dayal Road, Mulund West, Mumbai - 400080, Near Bus Depot",https://www.justdial.com/Mumbai/Rinku-Medical-And-General-Store-Near-Bus-Depot-Mulund-West/022P8125351_BZDET?xid=TXVtYmFpIEdlbmVyYWwgU3RvcmVzIE11bHVuZA==,Mulund

New Mayur General Stores Opposite Vbs Plaza Mulund West,0.52 KM,3.8,11 Votes,"Shop No.6, Ambe Smruti Building, Devi Dayal Road, Mulund West, Mumbai - 400080, Opposite Vbs Plaza",https://www.justdial.com/Mumbai/New-Mayur-General-Stores-Opposite-Vbs-Plaza-Mulund-West/022P1092974_BZDET?xid=TXVtYmFpIEdlbmVyYWwgU3RvcmVzIE11bHVuZA==,Mulund

Oswal General Stores Mulund West,0.55 KM,4.6,6 Votes,"Oswal House, Mulund, . S. L. Road, Mulund West, Mumbai - 400080",https://www.justdial.com/Mumbai/Oswal-General-Stores-Mulund-West/022PXX22-XX22-200626111634-B4L6_BZDET?xid=TXVtYmFpIEdlbmVyYWwgU3RvcmVzIE11bHVuZA==,Mulund

Lal Chand Gupta General Store Mulund West,0.58 KM,5.0,7 Votes,"Shanti Nagar, Goshala Road, Mulund West, Mumbai - 400080",https://www.justdial.com/Mumbai/Lal-Chand-Gupta-General-Store-Mulund-West/022PXX22-XX22-180411183030-U6T4_BZDET?xid=TXVtYmFpIEdlbmVyYWwgU3RvcmVzIE11bHVuZA==,Mulund

Kapil General Store Near to HDFC Bank Mehul Talkies Mulund West,0.6 KM,4.2,6 Votes,"Shop No 3 Meera Shyam Building, Gaushala Road, Mulund West, Mumbai - 400080, Near to HDFC Bank & Mehul Talkies",https://www.justdial.com/Mumbai/Kapil-General-Store-Near-to-HDFC-Bank-Mehul-Talkies-Mulund-West/022P1236337666I4R2Q6_BZDET?xid=TXVtYmFpIEdlbmVyYWwgU3RvcmVzIE11bHVuZA==,Mulund

WonderMart SuperMarket Opp Salvation Army Mumbai Central,0.7 KM,4.4,5 Votes,"Shop no.8/B Fanuswala bldg ..grd floor, Sankli Street, Mumbai Central, Mumbai - 400008, Opp.Salvation Army",https://www.justdial.com/Mumbai/WonderMart-SuperMarket-Opp-Salvation-Army-Mumbai-Central/022PXX22-XX22-160413174247-D2Y7_BZDET?xid=TXVtYmFpIEdyb2NlcnkgU3RvcmVzIE11bWJhaSBDZW50cmFs,Mumbai Central

General Store Hajira Big Masjid Madanpura Mumbai Central,0.76 KM,3.6,5 Votes,"Shope No 2 167 Isa, Molana Azad Road, Madanpura-Mumbai Central, Mumbai - 400008, Big Masjid",https://www.justdial.com/Mumbai/General-Store-Hajira-Big-Masjid-Madanpura-Mumbai-Central/022PXX22-XX22-170810154441-Y2G8_BZDET?xid=TXVtYmFpIEdyb2NlcnkgU3RvcmVzIE11bWJhaSBDZW50cmFs,Mumbai Central

Merchant Store Mumbai Central,0.87 KM,3.6,7 Votes,"Kamathipura, Shop No 5 Bapty Road, Shop No 5 Bapty Road1 Lane, Mumbai Central, Mumbai - 400008",https://www.justdial.com/Mumbai/Merchant-Store-Mumbai-Central/022PXX22-XX22-180327214341-I6T5_BZDET?xid=TXVtYmFpIEdyb2NlcnkgU3RvcmVzIE11bWJhaSBDZW50cmFs,Mumbai Central

Kwik 7 Oasis Mahalaxmi,1.05 KM,4.1,287 Votes,"Suite No 4, Capricon Centre, Vivarea Complex, Sane Guruji Marg, Mahalaxmi, Mumbai - 400011",https://www.justdial.com/Mumbai/Kwik-7-Oasis-Mahalaxmi/022PXX22-XX22-160304094808-V4M3_BZDET?xid=TXVtYmFpIEdyb2NlcnkgU3RvcmVzIE11bWJhaSBDZW50cmFs,Mumbai Central

Kgn Mini Mart Opposite St Agnes High School Byculla,1.06 KM,4.4,5 Votes,"41/49 B Shop No 10 Habib Park, Mirza Galib Road, Byculla, Mumbai - 400027, Opposite St Agnes High School",https://www.justdial.com/Mumbai/Kgn-Mini-Mart-Opposite-St-Agnes-High-School-Byculla/022PXX22-XX22-181229042831-N2S5_BZDET?xid=TXVtYmFpIEdyb2NlcnkgU3RvcmVzIE11bWJhaSBDZW50cmFs,Mumbai Central

Urmila Provision Stores Jacob Circle Mahalaxmi,1.37 KM,3.6,13 Votes,"Sai krupa Shop No 5, K.K. Marg, Mahalaxmi, Mumbai - 400011, Jacob Circle",https://www.justdial.com/Mumbai/Urmila-Provision-Stores-Jacob-Circle-Mahalaxmi/022P1976156_BZDET?xid=TXVtYmFpIEdyb2NlcnkgU3RvcmVzIE11bWJhaSBDZW50cmFs,Mumbai Central

Ajit Grain General Store Near St Pius Shopping Centre Mulund West,1.32 KM,4.4,7 Votes,"Shop 2, Nahur Road,, Mulund West, Mumbai - 400080, Near St. Pius Shopping Centre",https://www.justdial.com/Mumbai/Ajit-Grain-General-Store-Near-St-Pius-Shopping-Centre-Mulund-West/022PXX22-XX22-140609130637-G4N1_BZDET?xid=TXVtYmFpIEdlbmVyYWwgU3RvcmVzIE5haHVy,Nahur

Durga General Medical Store Opposite St Pius Chruch Near Model Co Operative Bank Ltd Mulund West,1.33 KM,4.5,23 Votes,"Shop No. 6, St Pius Shopping Centre, M M M Nahur Road, Mulund West, Mumbai - 400080, Opposite St Pius Chruch, Near Model Co Operative Bank Ltd",https://www.justdial.com/Mumbai/Durga-General-Medical-Store-Opposite-St-Pius-Chruch-Near-Model-Co-Operative-Bank-Ltd-Mulund-West/022P1237043516Q8I5L5_BZDET?xid=TXVtYmFpIEdlbmVyYWwgU3RvcmVzIE5haHVy,Nahur

Om Sai Ashish Provision And General Store Mulund West,1.11 KM,5.0,6 Votes,"Indira Nagar, Pandit Jawaharlal Nehru Road, Mulund West, Mumbai - 400080",https://www.justdial.com/Mumbai/Om-Sai-Ashish-Provision-And-General-Store-Mulund-West/022PXX22-XX22-181204032907-J6Q8_BZDET?xid=TXVtYmFpIEdlbmVyYWwgU3RvcmVzIE5haHVy,Nahur

Patanjali Chikitsalaya Shree Om Enterprises Near Bhandup Station Bhandup West,1.41 KM,4.1,65 Votes,"Shop No L 168, Ground Floor (Dreams Mall), L B S Marg, Bhandup West, Mumbai - 400078, Near Bhandup Station",https://www.justdial.com/Mumbai/Patanjali-Chikitsalaya-Shree-Om-Enterprises-Near-Bhandup-Station-Bhandup-West/022PXX22-XX22-130928001641-U3Q9_BZDET?xid=TXVtYmFpIEdlbmVyYWwgU3RvcmVzIE5haHVy,Nahur

Anand Medical General Stores Near Kasturi College Bhandup West,1.58 KM,3.9,17 Votes,"Shop No 6,Guru Ramdas Nagar, Bhandup Village Road, Bhandup West, Mumbai - 400078, Near Kasturi College",https://www.justdial.com/Mumbai/Anand-Medical-General-Stores-Near-Kasturi-College-Bhandup-West/022PXX22-XX22-000827908435-V3E6_BZDET?xid=TXVtYmFpIEdlbmVyYWwgU3RvcmVzIE5haHVy,Nahur

Swastik Medical General Stores Opposite Maharashtra Bank Bhandup West,1.02 KM,4.3,26 Votes,"Shop No 1, Badwaik Hospital, L B S Marg, Bhandup West, Mumbai - 400078, Opposite Maharashtra Bank",https://www.justdial.com/Mumbai/Swastik-Medical-General-Stores-Opposite-Maharashtra-Bank-Bhandup-West/022P1219514294W4D7S6_BZDET?xid=TXVtYmFpIEdlbmVyYWwgU3RvcmVzIE5haHVy,Nahur

Janta Medical General Store Opposite Bhatiya Hospital Bhandup West,0.71 KM,4.1,14 Votes,"Shop No 6,Jain Estate, Village Road, Bhandup West, Mumbai - 400078, Opposite Bhatiya Hospital",https://www.justdial.com/Mumbai/Janta-Medical-General-Store-Opposite-Bhatiya-Hospital-Bhandup-West/022PXX22-XX22-131022003500-E3F3_BZDET?xid=TXVtYmFpIEdlbmVyYWwgU3RvcmVzIE5haHVy,Nahur

Shree Bhavani Medical General Stores Near Veer Savarkar Road Bhandup East,0.64 KM,3.8,6 Votes,"Shop No.9, Sanjay Apartment, Uday Shree Road, Bhandup East, Mumbai - 400042, Near Veer Savarkar Road",https://www.justdial.com/Mumbai/Shree-Bhavani-Medical-General-Stores-Near-Veer-Savarkar-Road-Bhandup-East/022P8125365_BZDET?xid=TXVtYmFpIEdlbmVyYWwgU3RvcmVzIE5haHVy,Nahur

Bhavika Medical General Stores Bhandup East,0.63 KM,3.6,6 Votes,"Shop No.2, Prakash Vaibhav, Juveker Marg, Bhandup East, Mumbai - 400042",https://www.justdial.com/Mumbai/Bhavika-Medical-General-Stores-Bhandup-East/022P1237497367J3S9H1_BZDET?xid=TXVtYmFpIEdlbmVyYWwgU3RvcmVzIE5haHVy,Nahur

Shri Krishna Medical General Store Opp D Bazar Bhandup West,0.8 KM,3.9,25 Votes,"15, Manbai Keshavaji Wadi, Bhandup Village Road, Bhandup West, Mumbai - 400078, Opp. D Bazar",https://www.justdial.com/Mumbai/Shri-Krishna-Medical-General-Store-Opp-D-Bazar-Bhandup-West/022PXX22-XX22-121210190549-F1G1_BZDET?xid=TXVtYmFpIEdlbmVyYWwgU3RvcmVzIE5haHVy,Nahur

Sahakari Bhandar Opposite to GPO Near Bus Depot Next to Sassoon Dock Colaba,1.63 KM,3.9,1532 Votes,"Shop No 21, Colaba Chamber, Shahid Bhagat Singh Marg, Colaba, Mumbai - 400005, Opposite to GPO, Near Bus Depot, Next to Sassoon Dock",https://www.justdial.com/Mumbai/Sahakari-Bhandar-Opposite-to-GPO-Near-Bus-Depot-Next-to-Sassoon-Dock-Colaba/022P4001125_BZDET?xid=TXVtYmFpIEdyb2NlcnkgU3RvcmVzIE5hcmltYW4gUG9pbnQ=,Nariman_Point

King Plaza Supermarket Medical Near World Trade Center Cuffe Parade colaba,1.3 KM,4.0,188 Votes,"Shop No F/3, Maker Arcade Shopping Centre, Gs Somani Marg, Cuffe Parade-colaba, Mumbai - 400005, Near World Trade Center",https://www.justdial.com/Mumbai/King-Plaza-Supermarket-Medical-Near-World-Trade-Center-Cuffe-Parade-colaba/022PXX22-XX22-000848274093-B2T2_BZDET?xid=TXVtYmFpIEdyb2NlcnkgU3RvcmVzIE5hcmltYW4gUG9pbnQ=,Nariman_Point

Shiv Plaza Super Market Opposite HDFC Bank Colaba,1.31 KM,4.1,163 Votes,"Shop No 1/2 Arsiwala Building,59/61, Wode House Road, Colaba, Mumbai - 400005, Opposite HDFC Bank",https://www.justdial.com/Mumbai/Shiv-Plaza-Super-Market-Opposite-HDFC-Bank-Colaba/022PXX22-XX22-170228163739-F5K1_BZDET?xid=TXVtYmFpIEdyb2NlcnkgU3RvcmVzIE5hcmltYW4gUG9pbnQ=,Nariman_Point

Welcome Stores Opposite Indu Clinic Colaba,1.27 KM,3.9,59 Votes,"Shop No 9, New 57/A, Arsiwala Building, Wodehouse Road, Colaba, Mumbai - 400005, Opposite Indu Clinic",https://www.justdial.com/Mumbai/Welcome-Stores-Opposite-Indu-Clinic-Colaba/022PXX22-XX22-100512172447-B1T6_BZDET?xid=TXVtYmFpIEdyb2NlcnkgU3RvcmVzIE5hcmltYW4gUG9pbnQ=,Nariman_Point

Mahavir Provision Stores Colaba Market Colaba,1.33 KM,3.5,13 Votes,"Shalimar Shopping Centre, Lala Nigam Road, Colaba, Mumbai - 400005, Colaba Market",https://www.justdial.com/Mumbai/Mahavir-Provision-Stores-Colaba-Market-Colaba/022PXX22-XX22-120309195235-D5N7_BZDET?xid=TXVtYmFpIEdyb2NlcnkgU3RvcmVzIE5hcmltYW4gUG9pbnQ=,Nariman_Point

Britannia Grain Stores Opposite Baptist Church Near Colaba Post Office Colaba,1.84 KM,4.0,19 Votes,"Shop No 4, Daulat Building, Shahid Bhagat Singh Road,Colaba, Colaba, Mumbai - 400005, Opposite Baptist Church, Near Colaba Post Office",https://www.justdial.com/Mumbai/Britannia-Grain-Stores-Opposite-Baptist-Church-Near-Colaba-Post-Office-Colaba/022P1224354303C9R7A8_BZDET?xid=TXVtYmFpIEdyb2NlcnkgU3RvcmVzIE5hcmltYW4gUG9pbnQ=,Nariman_Point

Shivam Super Bazar Gaourishankar Mithaiwala Parel,1.75 KM,3.8,12 Votes,"1, Poonawala Building, Jagannath Bhatankar Marg, Parel, Mumbai - 400012, Gaourishankar Mithaiwala",https://www.justdial.com/Mumbai/Shivam-Super-Bazar-Gaourishankar-Mithaiwala-Parel/022P8127638_BZDET?xid=TXVtYmFpIEdlbmVyYWwgU3RvcmVzIFBhcmVs,Parel

Kavita Medical General Stores Opp Nadkarni Hospital Parel,1.31 KM,4.1,7 Votes,"10 B, Nirmala Niwas, Aai MAI Merwanji Lane, Parel, Mumbai - 400012, Opp Nadkarni Hospital",https://www.justdial.com/Mumbai/Kavita-Medical-General-Stores-Opp-Nadkarni-Hospital-Parel/022P1237474357F3S4J6_BZDET?xid=TXVtYmFpIEdlbmVyYWwgU3RvcmVzIFBhcmVs,Parel

Shree Nandi Oil Centre Near Damodar Hall Parel,1.31 KM,3.9,5 Votes,"Mankeshwar Building No 2, Dr Ambedkar Road, Parel, Mumbai - 400012, Near Damodar Hall",https://www.justdial.com/Mumbai/Shree-Nandi-Oil-Centre-Near-Damodar-Hall-Parel/022PXX22-XX22-120208015613-T4I3_BZDET?xid=TXVtYmFpIEdlbmVyYWwgU3RvcmVzIFBhcmVs,Parel

Raju General Stores Near Mirchi Galli Ganesh Nagar Parel,0.58 KM,4.4,7 Votes,"Shop No 1, 2, C.J Shah Market, Parel, Mumbai - 400012, Near Mirchi Galli, Ganesh Nagar",https://www.justdial.com/Mumbai/Raju-General-Stores-Near-Mirchi-Galli-Ganesh-Nagar-Parel/022P1965142_BZDET?xid=TXVtYmFpIEdlbmVyYWwgU3RvcmVzIFBhcmVs,Parel

Navin Grain Store Lal Baug,0.65 KM,4.4,7 Votes,"Shop Number 28/B , Sofi Mahal Biulding, Parel, Dr Ss Rao Marg, Lal Baug, Mumbai - 400012",https://www.justdial.com/Mumbai/Navin-Grain-Store-Lal-Baug/022PXX22-XX22-181203212636-G1S7_BZDET?xid=TXVtYmFpIEdlbmVyYWwgU3RvcmVzIFBhcmVs,Parel

Ashirwad Bakery General Stores Near Dena Bank Opposite Cyclone Krishna Nagar Parel,1.47 KM,4.9,7 Votes,"Shop No 414, Dr Ambedkar Road, Parel, Mumbai - 400012, Near Dena Bank, Opposite Cyclone, Krishna Nagar",https://www.justdial.com/Mumbai/Ashirwad-Bakery-General-Stores-Near-Dena-Bank-Opposite-Cyclone-Krishna-Nagar-Parel/022PXX22-XX22-141014143158-L4Y8_BZDET?xid=TXVtYmFpIEdlbmVyYWwgU3RvcmVzIFBhcmVs,Parel

Cheap Best NEAR NATURAL ICE CREAN Powai,1.25 KM,4.3,6 Votes,"EDEN 2, Adi Shankaracharya Road, Powai, Mumbai - 400076, NEAR NATURAL ICE CREAN",https://www.justdial.com/Mumbai/Cheap-Best-NEAR-NATURAL-ICE-CREAN-Powai/022PXX22-XX22-190111181013-R7D6_BZDET?xid=TXVtYmFpIEdlbmVyYWwgU3RvcmVzIFBvd2Fp,Powai

Super Janta Store OppositeVijay Vihar Building Hiranandani powai,1.03 KM,4.1,10 Votes,"Shop No 48 Prathmesh Galaxy, Hiranandani-powai, Mumbai - 400076, OppositeVijay Vihar Building",https://www.justdial.com/Mumbai/Super-Janta-Store-OppositeVijay-Vihar-Building-Hiranandani-powai/022PXX22-XX22-190102115401-T1F5_BZDET?xid=TXVtYmFpIEdlbmVyYWwgU3RvcmVzIFBvd2Fp,Powai

Mamaji Medical General Store Near Hirananadani Gardens Powai,1.16 KM,4.1,157 Votes,"Shop No 22, Galleria, Central Avenue Road, Powai, Mumbai - 400076, Near Hirananadani Gardens",https://www.justdial.com/Mumbai/Mamaji-Medical-General-Store-Near-Hirananadani-Gardens-Powai/022PXX22-XX22-110912161739-A8H7_BZDET?xid=TXVtYmFpIEdlbmVyYWwgU3RvcmVzIFBvd2Fp,Powai

Ashwin Medical And General Store Near Hiranandani Garden Near S M Shetty College Powai,1.37 KM,4.0,58 Votes,"Shop No 10, Daffodil Building, Central Avenue Road, Powai, Mumbai - 400076, Near Hiranandani Garden, Near S M Shetty College",https://www.justdial.com/Mumbai/Ashwin-Medical-And-General-Store-Near-Hiranandani-Garden-Near-S-M-Shetty-College-Powai/022PXX22-XX22-101114130325-D8C2_BZDET?xid=TXVtYmFpIEdlbmVyYWwgU3RvcmVzIFBvd2Fp,Powai

Supreme Medical General Store Hiranandani Gardens Powai,1.36 KM,4.0,180 Votes,"Shop No 3, Cypres Building, Central Avenue Road, Powai, Mumbai - 400076, Hiranandani Gardens",https://www.justdial.com/Mumbai/Supreme-Medical-General-Store-Hiranandani-Gardens-Powai/022P5499231_BZDET?xid=TXVtYmFpIEdlbmVyYWwgU3RvcmVzIFBvd2Fp,Powai

Mamajis Medical General Store Near Lake Home And HDFC Bank Powai,1.51 KM,4.1,74 Votes,"Shop No 21, C Wing, Lake Primrose, Phase 4, Chandivali Farm Road, Powai, Mumbai - 400076, Near Lake Home And HDFC Bank",https://www.justdial.com/Mumbai/Mamajis-Medical-General-Store-Near-Lake-Home-And-HDFC-Bank-Powai/022PXX22-XX22-140731230852-Y9N5_BZDET?xid=TXVtYmFpIEdlbmVyYWwgU3RvcmVzIFBvd2Fp,Powai

Apna Ghar General Store Hiranandani Powai,1.14 KM,3.5,6 Votes,"Shop No 50, Galleria Mall, Powai, Mumbai - 400076, Hiranandani",https://www.justdial.com/Mumbai/Apna-Ghar-General-Store-Hiranandani-Powai/022PXX22-XX22-130227143400-B6L3_BZDET?xid=TXVtYmFpIEdlbmVyYWwgU3RvcmVzIFBvd2Fp,Powai

Inna Medical General Store Opposite L T Gate No 7 Powai,1.48 KM,4.2,13 Votes,"Shop No 10, Tristar Co Operative Housing Society, Shristi Complex, Saki Vihar Road, Powai, Mumbai - 400076, Opposite L T Gate No 7,",https://www.justdial.com/Mumbai/Inna-Medical-General-Store-Opposite-L-T-Gate-No-7-Powai/022PXX22-XX22-140912122618-Q1I6_BZDET?xid=TXVtYmFpIEdlbmVyYWwgU3RvcmVzIFBvd2Fp,Powai

In Time General Store Near S N Shetty School Powai,1.35 KM,3.5,11 Votes,"Shop No 13, Panchavati Building, Chandivali Farm Road, Powai, Mumbai - 400076, Near S N Shetty School",https://www.justdial.com/Mumbai/In-Time-General-Store-Near-S-N-Shetty-School-Powai/022PXX22-XX22-091003105401-S3I3_BZDET?xid=TXVtYmFpIEdlbmVyYWwgU3RvcmVzIFBvd2Fp,Powai

Shivam Grain Stores Near Ganesh Mandir Powai,0.75 KM,4.2,7 Votes,"Shop No-8, Friends Co...Op Society, Shri Ganesh Nagar,Panch kutir, Powai, Mumbai - 400076, Near Ganesh Mandir",https://www.justdial.com/Mumbai/Shivam-Grain-Stores-Near-Ganesh-Mandir-Powai/022PXX22-XX22-130307152016-L2N4_BZDET?xid=TXVtYmFpIEdlbmVyYWwgU3RvcmVzIFBvd2Fp,Powai

Disha Stationery Near Iit Area Powai,0.94 KM,4.4,20 Votes,"Students' Residential Zone, Powai, Mumbai - 400076, Near Iit Area",https://www.justdial.com/Mumbai/Disha-Stationery-Near-Iit-Area-Powai/022PXX22-XX22-180411173538-H9U2_BZDET?xid=TXVtYmFpIEdlbmVyYWwgU3RvcmVzIFBvd2Fp,Powai

Aaijee Super Market Near Powai Police Station Powai,0.97 KM,3.9,8 Votes,"Shop No B-3, Rambaug Road, Powai, Mumbai - 400076, Near Powai Police Station",https://www.justdial.com/Mumbai/Aaijee-Super-Market-Near-Powai-Police-Station-Powai/022PXX22-XX22-130701120213-E6R7_BZDET?xid=TXVtYmFpIEdlbmVyYWwgU3RvcmVzIFBvd2Fp,Powai

Maharashtra Store Mhada Colony Powai,,3.5,6 Votes,"Shop No 5 Building No 11 Cost Guard Building, Powai, Mumbai - 400076, Mhada Colony",https://www.justdial.com/Mumbai/Maharashtra-Store-Mhada-Colony-Powai/022PK058073_BZDET?xid=TXVtYmFpIEdlbmVyYWwgU3RvcmVzIFBvd2Fp,Powai

Apna Ghar General Store Powai,1.15 KM,3.5,6 Votes,"Wingc, Hiranandani Garden, Panchkutir Ganesh Nagar, Powai, Powai, Mumbai - 400076",https://www.justdial.com/Mumbai/Apna-Ghar-General-Store-Powai/022PXX22-XX22-200109223712-U4J3_BZDET?xid=TXVtYmFpIEdlbmVyYWwgU3RvcmVzIFBvd2Fp,Powai

Dhun Enterprises Hostel 16 Students Residential Zone Iit Area Powai,1.54 KM,4.2,80 Votes,"Powai, Mumbai - 400076, Hostel 16, Students Residential Zone, Iit Area",https://www.justdial.com/Mumbai/Dhun-Enterprises-Hostel-16-Students-Residential-Zone-Iit-Area-Powai/022PXX22-XX22-180901074636-K4J2_BZDET?xid=TXVtYmFpIEdlbmVyYWwgU3RvcmVzIFBvd2Fp,Powai

Saket General Stores Gandhi Nagar Powai,1.85 KM,4.5,6 Votes,"Shop No-17, Sun City Complex, Mercury Plaza, Adi Shankaracharya Road, Powai, Mumbai - 400076, Gandhi Nagar",https://www.justdial.com/Mumbai/Saket-General-Stores-Gandhi-Nagar-Powai/022PXX22-XX22-140606140056-S2B8_BZDET?xid=TXVtYmFpIEdlbmVyYWwgU3RvcmVzIFBvd2Fp,Powai

Earth Nine Ridhi Sidhi Chemists Near Siddhi Vinayak Temple Prabhadevi,0.33 KM,4.1,69 Votes,"Shop No 9, Manoj Co Operative Housing Soceity, A Wing, Shankar Ghanekar Marg, Prabhadevi, Mumbai - 400025, Near Siddhi Vinayak Temple",https://www.justdial.com/Mumbai/Earth-Nine-Ridhi-Sidhi-Chemists-Near-Siddhi-Vinayak-Temple-Prabhadevi/022PF018064_BZDET?xid=TXVtYmFpIEdlbmVyYWwgU3RvcmVzIFByYWJoYWRldmk=,Prabhadevi

Good Morning Store Near Dainik Samna Press Sumer Trinity Vertical Prabhadevi,0.37 KM,4.1,43 Votes,"Shop No 7 and 8, Sarvodaya Building, New Prabhadevi Road, Prabhadevi, Mumbai - 400025, Near Dainik Samna Press & Sumer Trinity Vertical",https://www.justdial.com/Mumbai/Good-Morning-Store-Near-Dainik-Samna-Press-Sumer-Trinity-Vertical-Prabhadevi/022PXX22-XX22-100225183926-R9F9_BZDET?xid=TXVtYmFpIEdlbmVyYWwgU3RvcmVzIFByYWJoYWRldmk=,Prabhadevi

Anagha Medical General Store Near Prabhadevi Temple Near Skoda Showroom Marathi Udyog Bhavan Prabhadevi,0.57 KM,4.2,43 Votes,"Shop No 4, Krypton Tower, Prabhadevi Road, Prabhadevi, Mumbai - 400025, Near Prabhadevi Temple, Near Skoda Showroom,Marathi Udyog Bhavan",https://www.justdial.com/Mumbai/Anagha-Medical-General-Store-Near-Prabhadevi-Temple-Near-Skoda-Showroom-Marathi-Udyog-Bhavan-Prabhadevi/022PXX22-XX22-130119095101-M2G4_BZDET?xid=TXVtYmFpIEdlbmVyYWwgU3RvcmVzIFByYWJoYWRldmk=,Prabhadevi

National Chemist Medical General Store Opposite Darbar Hotel Prabhadevi,0.22 KM,3.8,18 Votes,"Shop No.6, Laxmi Narayan Co Operative Housing Society, Sayani Road, Prabhadevi, Mumbai - 400025, Opposite Darbar Hotel",https://www.justdial.com/Mumbai/National-Chemist-Medical-General-Store-Opposite-Darbar-Hotel-Prabhadevi/022PXX22-XX22-121123163956-P5G5_BZDET?xid=TXVtYmFpIEdlbmVyYWwgU3RvcmVzIFByYWJoYWRldmk=,Prabhadevi

Manish Supermarket Near Samna Press Prabhadevi,0.37 KM,4.0,31 Votes,"Shop.no1,2,Suryoday Society, New Prabhadevi Rd, Prabhadevi, Mumbai - 400025, Near Samna Press",https://www.justdial.com/Mumbai/Manish-Supermarket-Near-Samna-Press-Prabhadevi/022PXX22-XX22-160222220730-R3N7_BZDET?xid=TXVtYmFpIEdlbmVyYWwgU3RvcmVzIFByYWJoYWRldmk=,Prabhadevi

Shree Siddhanath Medical General Store Near Prabhadevi Road MMRDA Colony Prabhadevi,1.07 KM,4.8,30 Votes,"Shop No 8, Sukhsagar Co-operative Society, Rajabhau Desai Marg, Prabhadevi, Mumbai - 400025, Near Prabhadevi Road & MMRDA Colony",https://www.justdial.com/Mumbai/Shree-Siddhanath-Medical-General-Store-Near-Prabhadevi-Road-MMRDA-Colony-Prabhadevi/022PXX22-XX22-130823133650-M9V5_BZDET?xid=TXVtYmFpIEdlbmVyYWwgU3RvcmVzIFByYWJoYWRldmk=,Prabhadevi

Shree Siddhivinayak Chemist General Stores Near Nagusayji Wadi Opposite Samna Press Prabhadevi,0.42 KM,3.9,16 Votes,"Shop No 38-A, New Prabhadevi Road, Prabhadevi, Mumbai - 400025, Near Nagusayji Wadi, Opposite Samna Press",https://www.justdial.com/Mumbai/Shree-Siddhivinayak-Chemist-General-Stores-Near-Nagusayji-Wadi-Opposite-Samna-Press-Prabhadevi/022P1219815241L9P2X3_BZDET?xid=TXVtYmFpIEdlbmVyYWwgU3RvcmVzIFByYWJoYWRldmk=,Prabhadevi

Suryodaya Foods Saamna Press Prabhadevi,0.37 KM,4.7,6 Votes,"Shop.no3,4,suryodaya Building, New Prabhadevi Rd, Prabhadevi, Mumbai - 400025, Saamna Press",https://www.justdial.com/Mumbai/Suryodaya-Foods-Saamna-Press-Prabhadevi/022PXX22-XX22-160222215209-H2N7_BZDET?xid=TXVtYmFpIEdlbmVyYWwgU3RvcmVzIFByYWJoYWRldmk=,Prabhadevi

Sanjivani Medical General Stores Opp Samna Press Prabhadevi,0.42 KM,4.6,6 Votes,"38/D Nagusayajiwadi, New Prabhadevi Road, Prabhadevi, Mumbai - 400025, Opp Samna Press",https://www.justdial.com/Mumbai/Sanjivani-Medical-General-Stores-Opp-Samna-Press-Prabhadevi/022P1235670941G5N7G5_BZDET?xid=TXVtYmFpIEdlbmVyYWwgU3RvcmVzIFByYWJoYWRldmk=,Prabhadevi

Prabhadevi General Store Opp Marathe Udyog Bhavan Prabhadevi,0.51 KM,3.8,10 Votes,"Ground Floor, Amay Society, New Prabhadevi Road, Prabhadevi, Mumbai - 400025, Opp Marathe Udyog Bhavan",https://www.justdial.com/Mumbai/Prabhadevi-General-Store-Opp-Marathe-Udyog-Bhavan-Prabhadevi/022PXX22-XX22-150602171215-Z4U1_BZDET?xid=TXVtYmFpIEdlbmVyYWwgU3RvcmVzIFByYWJoYWRldmk=,Prabhadevi

M K General Stores Near Holly Cross Church Prabhadevi,0.62 KM,5.0,6 Votes,"Shop No. 8, HCS 831, Sita Sadan Building, Tulai Pipe Road, S V Marg, Prabhadevi, Mumbai - 400013, Near Holly Cross Church",https://www.justdial.com/Mumbai/M-K-General-Stores-Near-Holly-Cross-Church-Prabhadevi/022PXX22-XX22-150627134028-H1E1_BZDET?xid=TXVtYmFpIEdlbmVyYWwgU3RvcmVzIFByYWJoYWRldmk=,Prabhadevi

Mhatre Bakery And General Stores Beside Kismat Cinema Prabhadevi Chowk Veer Sawarkar Marg Prabhadevi,0.67 KM,4.3,5 Votes,"Irani Chawl, Prabhadevi, Mumbai - 400025, Beside Kismat Cinema, Prabhadevi Chowk, Veer Sawarkar Marg",https://www.justdial.com/Mumbai/Mhatre-Bakery-And-General-Stores-Beside-Kismat-Cinema-Prabhadevi-Chowk-Veer-Sawarkar-Marg-Prabhadevi/022PXX22-XX22-171009163235-B6Y5_BZDET?xid=TXVtYmFpIEdlbmVyYWwgU3RvcmVzIFByYWJoYWRldmk=,Prabhadevi

Ravindra Store Opposite Kismat Talkies Prabhadevi,0.7 KM,3.8,5 Votes,"Century Bazaar, Svs Road, Prabhadevi, Mumbai - 400025, Opposite Kismat Talkies",https://www.justdial.com/Mumbai/Ravindra-Store-Opposite-Kismat-Talkies-Prabhadevi/022PXX22-XX22-181203233538-N3V3_BZDET?xid=TXVtYmFpIEdlbmVyYWwgU3RvcmVzIFByYWJoYWRldmk=,Prabhadevi

Laxmi Chemist Medical General stores Near Creative Industrial Estate Santacruz East,1.32 KM,4.0,63 Votes,"Shop No 02, Golden View Apartment, Road No 2, Santacruz East, Mumbai - 400098, Near Creative Industrial Estate",https://www.justdial.com/Mumbai/Laxmi-Chemist-Medical-General-stores-Near-Creative-Industrial-Estate-Santacruz-East/022PXX22-XX22-110730165157-B2B6_BZDET?xid=TXVtYmFpIEdlbmVyYWwgU3RvcmVzIFNhbnRhY3J1eg==,Santacruz

Chheda Stores Near Girnar Tea Shop Santacruz West,1.38 KM,4.1,265 Votes,"Shop No. 6, Ground Floor, Ardeshir Mansion, 1st Hasnabad Lane, Santacruz West, Mumbai - 400054, Near Girnar Tea Shop",https://www.justdial.com/Mumbai/Chheda-Stores-Near-Girnar-Tea-Shop-Santacruz-West/022P1003050_BZDET?xid=TXVtYmFpIEdlbmVyYWwgU3RvcmVzIFNhbnRhY3J1eg==,Santacruz

Noble Chemist And General Store Santacruz West,1.72 KM,4.0,18 Votes,"Smt B.C.J General Hospital, S.V Road, Santacruz West, Mumbai - 400054",https://www.justdial.com/Mumbai/Noble-Chemist-And-General-Store-Santacruz-West/022PXX22-XX22-170906234306-H6P5_BZDET?xid=TXVtYmFpIEdlbmVyYWwgU3RvcmVzIFNhbnRhY3J1eg==,Santacruz

City Medico Near Canara Bank Santacruz East,1.15 KM,4.4,46 Votes,"SHOP No.14 - F/3, Roy Nagar,kalina, Santacruz East, Mumbai - 400029, Near Canara Bank",https://www.justdial.com/Mumbai/City-Medico-Near-Canara-Bank-Santacruz-East/022P1006564_BZDET?xid=TXVtYmFpIEdlbmVyYWwgU3RvcmVzIFNhbnRhY3J1eg==,Santacruz

Sadru Medical And General Stores Near Freindship Showroom Santacruz West,1.39 KM,4.1,19 Votes,"Shop No - 3, Nagree Building, Railway Station Road, Santacruz West, Mumbai - 400054, Near Freindship Showroom",https://www.justdial.com/Mumbai/Sadru-Medical-And-General-Stores-Near-Freindship-Showroom-Santacruz-West/022P1005429_BZDET?xid=TXVtYmFpIEdlbmVyYWwgU3RvcmVzIFNhbnRhY3J1eg==,Santacruz

Shivam Chemist And General Store Near Vakola Masjid Vakola santacruz East,0.39 KM,4.5,13 Votes,"Shop No- 8, Basera Apartment, Saint Anthony Street, Vakola-santacruz East, Mumbai - 400055, Near Vakola Masjid",https://www.justdial.com/Mumbai/Shivam-Chemist-And-General-Store-Near-Vakola-Masjid-Vakola-santacruz-East/022PXX22-XX22-130216142550-E6L5_BZDET?xid=TXVtYmFpIEdlbmVyYWwgU3RvcmVzIFNhbnRhY3J1eg==,Santacruz

Rupali Medical General Stores Near Jama Masjid Santacruz East,1.22 KM,4.1,14 Votes,"Shop No - 04, M S Naidu Chawl, Kolivery Village Road, Kalina, Santacruz East, Mumbai - 400098, Near Jama Masjid",https://www.justdial.com/Mumbai/Rupali-Medical-General-Stores-Near-Jama-Masjid-Santacruz-East/022PXX22-XX22-130508163159-Z9Q8_BZDET?xid=TXVtYmFpIEdlbmVyYWwgU3RvcmVzIFNhbnRhY3J1eg==,Santacruz

Mahesh General Stores Near Podhar school Santacruz West,1.86 KM,4.3,5 Votes,"Shop No.5, Saraswati Sadan, Saraswati Road, Santacruz West, Mumbai - 400054, Near Podhar school",https://www.justdial.com/Mumbai/Mahesh-General-Stores-Near-Podhar-school-Santacruz-West/022P1001996_BZDET?xid=TXVtYmFpIEdlbmVyYWwgU3RvcmVzIFNhbnRhY3J1eg==,Santacruz

Laxmi General Stores Near Ram Krishna Mission Santacruz West,1.97 KM,3.6,37 Votes,"Shop No 11, Marble Arch Building, Central Avenue Road, Santacruz West, Mumbai - 400054, Near Ram Krishna Mission",https://www.justdial.com/Mumbai/Laxmi-General-Stores-Near-Ram-Krishna-Mission-Santacruz-West/022PXX22-XX22-100424145928-H8X7_BZDET?xid=TXVtYmFpIEdlbmVyYWwgU3RvcmVzIFNhbnRhY3J1eg==,Santacruz

Abhar Medical General Store Near Gokul Ice Cream Santacruz West,1.96 KM,4.3,34 Votes,"2 Ajay Apartment, Saraswati Road, Santacruz West, Mumbai - 400054, Near Gokul Ice Cream",https://www.justdial.com/Mumbai/Abhar-Medical-General-Store-Near-Gokul-Ice-Cream-Santacruz-West/022PXX22-XX22-000938875009-D4T5_BZDET?xid=TXVtYmFpIEdlbmVyYWwgU3RvcmVzIFNhbnRhY3J1eg==,Santacruz

Haria Society Store Near Vakola Masjid Santacruz East,0.04 KM,4.3,9 Votes,"Good Lock House, Vakola Market, Nehru Road, Nehru Road, Santacruz East, Mumbai - 400055, Near Vakola Masjid",https://www.justdial.com/Mumbai/Haria-Society-Store-Near-Vakola-Masjid-Santacruz-East/022PXX22-XX22-161118142216-M9M3_BZDET?xid=TXVtYmFpIEdlbmVyYWwgU3RvcmVzIFNhbnRhY3J1eg==,Santacruz

Venus Cake Shop General Stores Opposite Bhatia Medical St Anthony Church Miranda House Santacruz East,0.29 KM,4.3,6 Votes,"Shop No 03,Rahul Agency ,St. Anthony Road, Santacruz East, Mumbai - 400055, Opposite Bhatia Medical, St. Anthony Church, Miranda House",https://www.justdial.com/Mumbai/Venus-Cake-Shop-General-Stores-Opposite-Bhatia-Medical-St-Anthony-Church-Miranda-House-Santacruz-East/022PXX22-XX22-151119094651-J9S5_BZDET?xid=TXVtYmFpIEdlbmVyYWwgU3RvcmVzIFNhbnRhY3J1eg==,Santacruz

Zalani Stores Near Santacruz Station Santacruz West,1.39 KM,3.6,28 Votes,"Shop No 5, Husani Chawl, 1st Hasnabad Lane, Santacruz West, Mumbai - 400054, Near Santacruz Station",https://www.justdial.com/Mumbai/Zalani-Stores-Near-Santacruz-Station-Santacruz-West/022P1929798_BZDET?xid=TXVtYmFpIEdlbmVyYWwgU3RvcmVzIFNhbnRhY3J1eg==,Santacruz

Elite Medical General Stores Opp Right Col Hotel Santacruz East,1.39 KM,4.5,16 Votes,"8/B, Lovely Home Co-Opreative Housing Society, Kalina Road, Santacruz East, Mumbai - 400029, Opp Right Col Hotel",https://www.justdial.com/Mumbai/Elite-Medical-General-Stores-Opp-Right-Col-Hotel-Santacruz-East/022PXX22-XX22-140702163438-G3Z2_BZDET?xid=TXVtYmFpIEdlbmVyYWwgU3RvcmVzIFNhbnRhY3J1eg==,Santacruz

Nilesh General Stores Vakola Bridge Shivaji Nagar Santacruz East,0.5 KM,4.0,21 Votes,"Shop No 5, Prisadel Building, Santacruz East, Mumbai - 400055, Vakola Bridge, Shivaji Nagar",https://www.justdial.com/Mumbai/Nilesh-General-Stores-Vakola-Bridge-Shivaji-Nagar-Santacruz-East/022PK002910_BZDET?xid=TXVtYmFpIEdlbmVyYWwgU3RvcmVzIFNhbnRhY3J1eg==,Santacruz

Shree rajeshwar medical general store Near Express Highway Santacruz East,0.95 KM,4.1,7 Votes,"Shop No- B-27, Hanuman Tekdi, Hanuman Mandir, Santacruz East, Mumbai - 400055, Near Express Highway",https://www.justdial.com/Mumbai/Shree-rajeshwar-medical-general-store-Near-Express-Highway-Santacruz-East/022PXX22-XX22-150416121223-R2F4_BZDET?xid=TXVtYmFpIEdlbmVyYWwgU3RvcmVzIFNhbnRhY3J1eg==,Santacruz

Dr Amar Dhandhukia Prabhat Colony Santacruz West,1.26 KM,4.6,5 Votes,"Ratanai Chawl, Yogendra Marg, Santacruz West, Mumbai - 400054, Prabhat Colony",https://www.justdial.com/Mumbai/Dr-Amar-Dhandhukia-Prabhat-Colony-Santacruz-West/022PXX22-XX22-140710144903-Q1A7_BZDET?xid=TXVtYmFpIEdlbmVyYWwgU3RvcmVzIFNhbnRhY3J1eg==,Santacruz

Amar Deep General Stores Opposite to Sndt Collage Santacruz West,,4.0,16 Votes,"Rithu Raj Apartment, Shop No-15,, Juhu Road, Santacruz West, Mumbai - 400054, Opposite to Sndt Collage",https://www.justdial.com/Mumbai/Amar-Deep-General-Stores-Opposite-to-Sndt-Collage-Santacruz-West/022P1224370289K7L5N7_BZDET?xid=TXVtYmFpIEdlbmVyYWwgU3RvcmVzIFNhbnRhY3J1eg==,Santacruz

Mehul Medico General Stores Opposite SVC Co Operative Bank Ltd Santacruz East,0.06 KM,3.8,14 Votes,"Shop No-6, Air View Building, Nehru Road, Santacruz East, Mumbai - 400055, Opposite SVC Co-Operative Bank Ltd",https://www.justdial.com/Mumbai/Mehul-Medico-General-Stores-Opposite-SVC-Co-Operative-Bank-Ltd-Santacruz-East/022P1236034847S1E8M6_BZDET?xid=TXVtYmFpIEdlbmVyYWwgU3RvcmVzIFNhbnRhY3J1eg==,Santacruz

Surya Book General Store Near SVC Bank Vakola Pipe Line Santacruz East,0.08 KM,4.5,19 Votes,"Shop No 11, Air View Building, Nehru Road, Santacruz East, Mumbai - 400055, Near SVC Bank, Vakola Pipe Line",https://www.justdial.com/Mumbai/Surya-Book-General-Store-Near-SVC-Bank-Vakola-Pipe-Line-Santacruz-East/022PXX22-XX22-150831130102-H7V6_BZDET?xid=TXVtYmFpIEdlbmVyYWwgU3RvcmVzIFNhbnRhY3J1eg==,Santacruz

Ibrahim Valibhai Western Express Highway Santacruz East,0.11 KM,4.4,7 Votes,"Shop No. 2, Service Road, Santacruz East, Mumbai - 400055, Western Express Highway",https://www.justdial.com/Mumbai/Ibrahim-Valibhai-Western-Express-Highway-Santacruz-East/022PXX22-XX22-130110145327-N6R7_BZDET?xid=TXVtYmFpIEdlbmVyYWwgU3RvcmVzIFNhbnRhY3J1eg==,Santacruz

Bhatia General Stores Khira Nagar Santacruz West,0.22 KM,4.8,5 Votes,"""church View Apts., Behind Vakola, Church,"", Khira Nagar-Santacruz West, Mumbai - 400054",https://www.justdial.com/Mumbai/Bhatia-General-Stores-Khira-Nagar-Santacruz-West/022P1203003_BZDET?xid=TXVtYmFpIEdlbmVyYWwgU3RvcmVzIFNhbnRhY3J1eg==,Santacruz

Bipin Provision Store Vakola Masjid Vakola Village Santacruz East,0.25 KM,3.8,5 Votes,"147 Rita Vila, Santacruz East, Mumbai - 400055, Vakola Masjid Vakola Village",https://www.justdial.com/Mumbai/Bipin-Provision-Store-Vakola-Masjid-Vakola-Village-Santacruz-East/022PXX22-XX22-140104235647-Y2K4_BZDET?xid=TXVtYmFpIEdlbmVyYWwgU3RvcmVzIFNhbnRhY3J1eg==,Santacruz

Vijay General Store Near Mathuradas Colony Santacruz East,0.26 KM,3.6,17 Votes,"Krishna Building, Shop No 4, St Anthony Road, Santacruz East, Mumbai - 400098, Near Mathuradas Colony",https://www.justdial.com/Mumbai/Vijay-General-Store-Near-Mathuradas-Colony-Santacruz-East/022P1235502324S1W6R6_BZDET?xid=TXVtYmFpIEdlbmVyYWwgU3RvcmVzIFNhbnRhY3J1eg==,Santacruz

Kapole Stores Opposite Punjab National Bank Sion Cirlce Sion,0.2 KM,4.3,74 Votes,"Shop No 12/13, Building No 29 B, Mira Mansion, Sion, Sion, Mumbai - 400022, Opposite Punjab National Bank, Sion Cirlce",https://www.justdial.com/Mumbai/Kapole-Stores-Opposite-Punjab-National-Bank-Sion-Cirlce-Sion/022P1000120_BZDET?xid=TXVtYmFpIEdlbmVyYWwgU3RvcmVzIFNpb24=,Sion

Maharashtra Medical And General Store Opposite Shiv Sena Office MHB Colony Sion Koliwada,0.69 KM,4.0,22 Votes,"Shop No 18/947, Pratiksha Nagar Road, Sion Koliwada, Mumbai - 400022, Opposite Shiv Sena Office, MHB Colony",https://www.justdial.com/Mumbai/Maharashtra-Medical-And-General-Store-Opposite-Shiv-Sena-Office-MHB-Colony-Sion-Koliwada/022P8018612_BZDET?xid=TXVtYmFpIEdlbmVyYWwgU3RvcmVzIFNpb24=,Sion

Hardev General Stores Opposite R DEV Studio V N Purav Marg Chunabhatti Sion,,4.3,8 Votes,"Sion, Mumbai - 400022, Opposite R DEV Studio, V.N.Purav Marg,Chunabhatti",https://www.justdial.com/Mumbai/Hardev-General-Stores-Opposite-R-DEV-Studio-V-N-Purav-Marg-Chunabhatti-Sion/022PXX22-XX22-110103105502-N4J1_BZDET?xid=TXVtYmFpIEdlbmVyYWwgU3RvcmVzIFNpb24=,Sion

Pramanik General Stores Sion Koliwada Sion Koliwada,0.93 KM,4.0,7 Votes,"M A Road, Sion Koliwada, Mumbai - 400022, Sion Koliwada",https://www.justdial.com/Mumbai/Pramanik-General-Stores-Sion-Koliwada-Sion-Koliwada/022PXX22-XX22-120322125349-F5Q1_BZDET?xid=TXVtYmFpIEdlbmVyYWwgU3RvcmVzIFNpb24=,Sion

Sion Medico Opposite Sion Hospital Gate No 7 Sion,1.17 KM,4.1,13 Votes,"Plot No 270, Shop No 5, Sion Nandadham Bldg, Sion Cemetry Road, Sulochana Shetty Marg, Sion, Mumbai - 400022, Opposite Sion Hospital Gate No 7",https://www.justdial.com/Mumbai/Sion-Medico-Opposite-Sion-Hospital-Gate-No-7-Sion/022PXX22-XX22-110214180424-Q4B2_BZDET?xid=TXVtYmFpIEdlbmVyYWwgU3RvcmVzIFNpb24=,Sion

Kavita Medical General Store Near Gtb Station Sion Koliwada,0.69 KM,4.4,25 Votes,"8/396, Mhb Building, Flank Road, Sion Koliwada, Mumbai - 400022, Near Gtb Station",https://www.justdial.com/Mumbai/Kavita-Medical-General-Store-Near-Gtb-Station-Sion-Koliwada/022P1229663721B6P5Z7_BZDET?xid=TXVtYmFpIEdlbmVyYWwgU3RvcmVzIFNpb24=,Sion

Vijay General Stores Near Sadhana School Sion,0.03 KM,3.5,12 Votes,"37, A Kailash Cottage, Swami Shri Vallabh Marg, Sion, Mumbai - 400022, Near Sadhana School",https://www.justdial.com/Mumbai/Vijay-General-Stores-Near-Sadhana-School-Sion/022PXX22-XX22-000313965443-V4S2_BZDET?xid=TXVtYmFpIEdlbmVyYWwgU3RvcmVzIFNpb24=,Sion

Nagrik Store Near Swami Samarth Medical Pratiksha Nagar sion,0.7 KM,4.8,5 Votes,"Shop No 1/2, Building No.T/8, Pratiksha Nagar-sion, Mumbai - 400022, Near Swami Samarth Medical",https://www.justdial.com/Mumbai/Nagrik-Store-Near-Swami-Samarth-Medical-Pratiksha-Nagar-sion/022P8013154_BZDET?xid=TXVtYmFpIEdlbmVyYWwgU3RvcmVzIFNpb24=,Sion

Ganesh Provision Stores Near Union Bank Opposite Murlidhar Temple Sion,0.76 KM,4.2,21 Votes,"Shop No 4/5, Plot No 192, Guru Prasad, Tamil Sangam Road, Sion, Mumbai - 400022, Near Union Bank, Opposite Murlidhar Temple",https://www.justdial.com/Mumbai/Ganesh-Provision-Stores-Near-Union-Bank-Opposite-Murlidhar-Temple-Sion/022PXX22-XX22-001032208204-O3D4_BZDET?xid=TXVtYmFpIEdlbmVyYWwgU3RvcmVzIFNpb24=,Sion

Sunny Kirana General Stores Near Hari Mandir GTB Nagar Sion Koliwada,1.12 KM,4.0,6 Votes,"Shop No-15, K Basin Road, Sion Koliwada, Mumbai - 400022, Near Hari Mandir, GTB Nagar",https://www.justdial.com/Mumbai/Sunny-Kirana-General-Stores-Near-Hari-Mandir-GTB-Nagar-Sion-Koliwada/022PXX22-XX22-130225143101-L6U1_BZDET?xid=TXVtYmFpIEdlbmVyYWwgU3RvcmVzIFNpb24=,Sion

Shreeji Electronic Near Chunnabhatti Sion,1.44 KM,3.9,22 Votes,"Shop No 64, Ganga Vihar Apartment, Trimurti Road, Sion, Mumbai - 400022, Near Chunnabhatti",https://www.justdial.com/Mumbai/Shreeji-Electronic-Near-Chunnabhatti-Sion/022P1224605293F5Z9Y9_BZDET?xid=TXVtYmFpIEdlbmVyYWwgU3RvcmVzIFNpb24=,Sion

Janta Stores Near Sion Fish Market Sion,0.18 KM,3.5,21 Votes,"Shop No 5/6, Eastern Express Highway, Sion, Mumbai - 400022, Near Sion Fish Market",https://www.justdial.com/Mumbai/Janta-Stores-Near-Sion-Fish-Market-Sion/022P1000172_BZDET?xid=TXVtYmFpIEdlbmVyYWwgU3RvcmVzIFNpb24=,Sion

Premji Ratanshi Grain Provision Merchants Behind Gurukrupa Hotel Sion,0.27 KM,4.0,5 Votes,"40/9, Guru Krupa Building, Road No 24, Sion, Mumbai - 400022, Behind Gurukrupa Hotel",https://www.justdial.com/Mumbai/Premji-Ratanshi-Grain-Provision-Merchants-Behind-Gurukrupa-Hotel-Sion/022P8903147_BZDET?xid=TXVtYmFpIEdlbmVyYWwgU3RvcmVzIFNpb24=,Sion

Guru Kripa General Stores Opposite D S High School Sion,0.39 KM,4.2,17 Votes,"10 A/2, Sindhi Colony, Road No 24, Sion, Mumbai - 400022, Opposite D S High School",https://www.justdial.com/Mumbai/Guru-Kripa-General-Stores-Opposite-D-S-High-School-Sion/022PXX22-XX22-120218034147-R5Y2_BZDET?xid=TXVtYmFpIEdlbmVyYWwgU3RvcmVzIFNpb24=,Sion

Shri Swami Samarth Medical General Stores Pratiksha Nagar Sion,0.69 KM,3.8,14 Votes,"Shop No 1, Bldg No T-7, Sion, Mumbai - 400022, Pratiksha Nagar",https://www.justdial.com/Mumbai/Shri-Swami-Samarth-Medical-General-Stores-Pratiksha-Nagar-Sion/022P1235757120J8U1C4_BZDET?xid=TXVtYmFpIEdlbmVyYWwgU3RvcmVzIFNpb24=,Sion

Gupta Kirana General Store Near Rashtravadi Congress Shaka Sion,0.73 KM,4.4,12 Votes,"Shop No 17/18, L/4, D-Wing,Ashvath C.H.S Ltd, Pratiksha Nagar, Sion, Mumbai - 400022, Near Rashtravadi Congress Shaka",https://www.justdial.com/Mumbai/Gupta-Kirana-General-Store-Near-Rashtravadi-Congress-Shaka-Sion/022PXX22-XX22-121027122633-Q7R2_BZDET?xid=TXVtYmFpIEdlbmVyYWwgU3RvcmVzIFNpb24=,Sion

New Town Store Opp gtb Nagar Near Railway Station Sion,0.86 KM,4.6,5 Votes,"Plot No-230,Patel Building, GTB Nagar, KoliwadaMumbai, Station Road, Sion, Mumbai - 400022, Opp.gtb Nagar,Near Railway Station",https://www.justdial.com/Mumbai/New-Town-Store-Opp-gtb-Nagar-Near-Railway-Station-Sion/022PXX22-XX22-090505170428-IAPP_BZDET?xid=TXVtYmFpIEdlbmVyYWwgU3RvcmVzIFNpb24=,Sion

Sachin Kirana Store Sion,0.87 KM,4.3,9 Votes,"7985, Prem Nagar, Naik Nagar, Dharavi, Mumbai, Maharashtra 400022, Prem Nagar, Naik Nagar, Dharav, Naik Nagar Road, Naik Nagar Road Prem Nagar Road, Sion, Mumbai - 400022",https://www.justdial.com/Mumbai/Sachin-Kirana-Store-Sion/022PXX22-XX22-180328050055-D6P5_BZDET?xid=TXVtYmFpIEdlbmVyYWwgU3RvcmVzIFNpb24=,Sion

Ratan Supermarket Near Gaondevi Mandir Kopri Colony Thane East,0.33 KM,4.1,26 Votes,"Shop No 52, C, Sant Tukaram Road, Kopri Colony-Thane East, Thane - 400603, Near Gaondevi Mandir",https://www.justdial.com/Mumbai/Ratan-Supermarket-Near-Gaondevi-Mandir-Kopri-Colony-Thane-East/022P1238165878N6U8X9_BZDET?xid=TXVtYmFpIEdlbmVyYWwgU3RvcmVzIFRoYW5l,Thane

Vishal Super Market Opposite Sant Tukaram Ground Kopri Thane East,0.26 KM,3.7,15 Votes,"Shop No-02, Gautam Aracade, Raut Road, Kopri-Thane East, Thane - 400603, Opposite Sant Tukaram Ground",https://www.justdial.com/Mumbai/Vishal-Super-Market-Opposite-Sant-Tukaram-Ground-Kopri-Thane-East/022PXX22-XX22-140218182956-Q3A2_BZDET?xid=TXVtYmFpIEdlbmVyYWwgU3RvcmVzIFRoYW5l,Thane

Khushalani Stores Opposite Building No 22 Kopri Thane East,0.6 KM,4.0,20 Votes,"Sarvanand Appartment , Plot No 10, Kopri, Thane East, Thane - 400603, Opposite Building No 22 ,Kopri",https://www.justdial.com/Mumbai/Khushalani-Stores-Opposite-Building-No-22-Kopri-Thane-East/022PK005033_BZDET?xid=TXVtYmFpIEdlbmVyYWwgU3RvcmVzIFRoYW5l,Thane

New Thana Traders Near Thane Market Jambli Naka Thane West,,3.9,5 Votes,"Shop No 1, Bohri Building, Devidas Road, Thane West, Thane - 400601, Near Thane Market,Jambli Naka",https://www.justdial.com/Mumbai/New-Thana-Traders-Near-Thane-Market-Jambli-Naka-Thane-West/022P1237699255K7C6E8_BZDET?xid=TXVtYmFpIEdlbmVyYWwgU3RvcmVzIFRoYW5l,Thane

Niti General Store Near Thane Bharat Sahakari Bank Thane West,0.87 KM,3.7,11 Votes,"Kaustubh Chs, Baji Prabhu Deshpande Road, Thane West, Thane - 400601, Near Thane Bharat Sahakari Bank",https://www.justdial.com/Mumbai/Niti-General-Store-Near-Thane-Bharat-Sahakari-Bank-Thane-West/022PXX22-XX22-130430152842-V7G9_BZDET?xid=TXVtYmFpIEdlbmVyYWwgU3RvcmVzIFRoYW5l,Thane

Krishna Medical General Store Near Bhanushali Hospital Shivaji Path Thane West,0.37 KM,4.0,27 Votes,"Shop No 3, Solanki Sadan, Station Road, Thane West, Thane - 400601, Near Bhanushali Hospital, Shivaji Path",https://www.justdial.com/Mumbai/Krishna-Medical-General-Store-Near-Bhanushali-Hospital-Shivaji-Path-Thane-West/022P1238021194I3Z2X3_BZDET?xid=TXVtYmFpIEdlbmVyYWwgU3RvcmVzIFRoYW5l,Thane

Sharda Medical General Store Opposite Thane Janta Sahakari Bank Singh Nagar Thane West,2 KM,4.1,14 Votes,"Shop No.01 Singh Nagar, Kopat Road, Thane West, Thane - 400601, Opposite Thane Janta Sahakari Bank, Singh Nagar",https://www.justdial.com/Mumbai/Sharda-Medical-General-Store-Opposite-Thane-Janta-Sahakari-Bank-Singh-Nagar-Thane-West/022PF004691_BZDET?xid=TXVtYmFpIEdlbmVyYWwgU3RvcmVzIFRoYW5l,Thane

Vijay Medical General Stores Lokmanya Ngr Thane West,,3.8,10 Votes,"Shop No 1 Prabhat Soc, Thane West, Thane - 400601, Lokmanya Ngr",https://www.justdial.com/Mumbai/Vijay-Medical-General-Stores-Lokmanya-Ngr-Thane-West/022P5631610_BZDET?xid=TXVtYmFpIEdlbmVyYWwgU3RvcmVzIFRoYW5l,Thane

Kanchan Medical General Stores Near Peda Maruti Mandir Thane West,1.1 KM,3.6,8 Votes,"Shop No.1, Tijadeep Apartment., T.M. ROAD, KHARKAR ALI, Thane West, Thane - 400601, Near Peda Maruti Mandir",https://www.justdial.com/Mumbai/Kanchan-Medical-General-Stores-Near-Peda-Maruti-Mandir-Thane-West/022PXX22-XX22-160614143735-U3K3_BZDET?xid=TXVtYmFpIEdlbmVyYWwgU3RvcmVzIFRoYW5l,Thane

Satguru Medical And General Store Near Prem Nagar Thane East,0.32 KM,4.3,14 Votes,"Shop No 02, Sainath Darshan, Kopri Colony Road, Thane East, Thane - 400603, Near Prem Nagar",https://www.justdial.com/Mumbai/Satguru-Medical-And-General-Store-Near-Prem-Nagar-Thane-East/022PXX22-XX22-130225143832-J9G8_BZDET?xid=TXVtYmFpIEdlbmVyYWwgU3RvcmVzIFRoYW5l,Thane

Janata General Stores Near Jain Traders Thane West,0.39 KM,4.5,24 Votes,"Gala No4, Suryadarshan Building, Ram Maruti Nagar Road, Thane West, Thane - 400601, Near Jain Traders",https://www.justdial.com/Mumbai/Janata-General-Stores-Near-Jain-Traders-Thane-West/022P1955976_BZDET?xid=TXVtYmFpIEdlbmVyYWwgU3RvcmVzIFRoYW5l,Thane

Afzan Kirana General Store Noor Majjid Trombay,2.92 KM,4.6,7 Votes,"G Sector ,O Line, Shop No 03, Chita Camp, Trombay, Mumbai - 400088, Noor Majjid",https://www.justdial.com/Mumbai/Afzan-Kirana-General-Store-Noor-Majjid-Trombay/022PXX22-XX22-160801174211-K7F2_BZDET?xid=TXVtYmFpIEdlbmVyYWwgU3RvcmVzIFRyb21iYXk=,Trombay

Tawakkal General Store Deonar,3.01 KM,3.8,5 Votes,"Deonar, Mumbai - 400088",https://www.justdial.com/Mumbai/Tawakkal-General-Store-Deonar/022PXX22-XX22-180412175200-I6S1_BZDET?xid=TXVtYmFpIEdlbmVyYWwgU3RvcmVzIFRyb21iYXk=,Trombay

Barnam Medical General Stores C Sector C Line Near Janta Hotel Cheeta Camp,3.04 KM,4.7,9 Votes,"Shop No 20, Cheeta Camp, Mumbai - 400088, C Sector, C Line , Near Janta Hotel",https://www.justdial.com/Mumbai/Barnam-Medical-General-Stores-C-Sector-C-Line-Near-Janta-Hotel-Cheeta-Camp/022PXX22-XX22-110119204547-R1F8_BZDET?xid=TXVtYmFpIEdlbmVyYWwgU3RvcmVzIFRyb21iYXk=,Trombay

Paras General Stores Near Bank Of Baroda Chembur East,2.75 KM,4.1,122 Votes,"Shop No 12,13, Fair Lawn Society, Sion Trombay Road, Chembur East, Mumbai - 400071, Near Bank Of Baroda",https://www.justdial.com/Mumbai/Paras-General-Stores-Near-Bank-Of-Baroda-Chembur-East/022P1224606763L8V8V3_BZDET?xid=TXVtYmFpIEdlbmVyYWwgU3RvcmVzIFRyb21iYXk=,Trombay

Manilal Traders Vikhroli East,0.37 KM,3.9,13 Votes,"Shop No.1, Opposite Building No.8, Tagore Nagar, Station Road, Vikhroli East, Mumbai - 400083",https://www.justdial.com/Mumbai/Manilal-Traders-Vikhroli-East/022PXX22-XX22-120315015953-V9C7_BZDET?xid=TXVtYmFpIEdlbmVyYWwgU3RvcmVzIFZpa2hyb2xp,Vikhroli

Lata Books General Stores Near Station Vikhroli East,0.38 KM,4.1,270 Votes,"Station Road, Ganesh Marg, Vikhroli East, Mumbai - 400083, Near Station",https://www.justdial.com/Mumbai/Lata-Books-General-Stores-Near-Station-Vikhroli-East/022P1940338_BZDET?xid=TXVtYmFpIEdlbmVyYWwgU3RvcmVzIFZpa2hyb2xp,Vikhroli

Noble Medical General Stores Hariyali Village Vikhroli East,0.62 KM,4.2,13 Votes,"Shop No 6, Shiv Shankar Chawl, Vikhroli East, Mumbai - 400083, Hariyali Village",https://www.justdial.com/Mumbai/Noble-Medical-General-Stores-Hariyali-Village-Vikhroli-East/022P1237473980J2R6P2_BZDET?xid=TXVtYmFpIEdlbmVyYWwgU3RvcmVzIFZpa2hyb2xp,Vikhroli

Annu Medical and General Stores Near Mahatma Phule Hospital Kannamwar Nagar No 2 Vikhroli East,1.35 KM,4.5,10 Votes,"Shop No 121-1/1, Janta Market Road, Vikhroli East, Mumbai - 400083, Near Mahatma Phule Hospital, Kannamwar Nagar No 2",https://www.justdial.com/Mumbai/Annu-Medical-and-General-Stores-Near-Mahatma-Phule-Hospital-Kannamwar-Nagar-No-2-Vikhroli-East/022P1238088293F6U8T5_BZDET?xid=TXVtYmFpIEdlbmVyYWwgU3RvcmVzIFZpa2hyb2xp,Vikhroli

Shree Sagar Medical General Stores Near Shankar Mandir Park Site Vikhroli West,1.66 KM,4.2,5 Votes,"Shop No 350/2 Ground Floor, Anand Gadh, Park Site-Vikhroli West, Mumbai - 400079, Near Shankar Mandir",https://www.justdial.com/Mumbai/Shree-Sagar-Medical-General-Stores-Near-Shankar-Mandir-Park-Site-Vikhroli-West/022P1226675807B3Q9M6_BZDET?xid=TXVtYmFpIEdlbmVyYWwgU3RvcmVzIFZpa2hyb2xp,Vikhroli

Prajapati Provision Stores Bharat Nagar Vikhroli East,0.31 KM,4.1,5 Votes,"Shop No 12, Station Road, Vikhroli East, Mumbai - 400083, Bharat Nagar",https://www.justdial.com/Mumbai/Prajapati-Provision-Stores-Bharat-Nagar-Vikhroli-East/022PXX22-XX22-150801201225-V6J9_BZDET?xid=TXVtYmFpIEdlbmVyYWwgU3RvcmVzIFZpa2hyb2xp,Vikhroli

Ramji Govindji Company Near Aakershan Hotel Vikhroli West,0.39 KM,3.8,6 Votes,"Palival Bhavan, Station Road, Vikhroli West, Mumbai - 400079, Near Aakershan Hotel",https://www.justdial.com/Mumbai/Ramji-Govindji-Company-Near-Aakershan-Hotel-Vikhroli-West/022P1928231_BZDET?xid=TXVtYmFpIEdlbmVyYWwgU3RvcmVzIFZpa2hyb2xp,Vikhroli

Variety General Store Near Railway Station Vikhroli West,0.39 KM,3.6,6 Votes,"Shop No. 7 Paras Sadan, Station Road, Vikhroli West, Mumbai - 400083, Near Railway Station",https://www.justdial.com/Mumbai/Variety-General-Store-Near-Railway-Station-Vikhroli-West/022PXX22-XX22-160413154011-M2W2_BZDET?xid=TXVtYmFpIEdlbmVyYWwgU3RvcmVzIFZpa2hyb2xp,Vikhroli

Metro Chemist General Stores Near Kannamwar Nagar No 1 Vikhroli East,0.7 KM,3.9,7 Votes,"Shop No.2, Gajanan Maharaj Chowk, Vikhroli East, Mumbai - 400083, Near Kannamwar Nagar No.1",https://www.justdial.com/Mumbai/Metro-Chemist-General-Stores-Near-Kannamwar-Nagar-No-1-Vikhroli-East/022P1238088489H1L4Y6_BZDET?xid=TXVtYmFpIEdlbmVyYWwgU3RvcmVzIFZpa2hyb2xp,Vikhroli

Paras Grain Store Near Parksite Opposite Building No 14 and Police Chowki Vikhroli West,1.75 KM,4.1,11 Votes,"Road No 1, Vikhroli West, Mumbai - 400079, Near Parksite,Opposite Building No 14 and Police Chowki",https://www.justdial.com/Mumbai/Paras-Grain-Store-Near-Parksite-Opposite-Building-No-14-and-Police-Chowki-Vikhroli-West/022P1927227_BZDET?xid=TXVtYmFpIEdlbmVyYWwgU3RvcmVzIFZpa2hyb2xp,Vikhroli

Daksh Super Market Behind Bus Depot Near Icici Bank Vikhroli East,0.19 KM,4.1,21 Votes,"Shop No.4/5,Sai Ashish Building, Station Road, Vikhroli East, Mumbai - 400083, Behind Bus Depot,Near Icici Bank",https://www.justdial.com/Mumbai/Daksh-Super-Market-Behind-Bus-Depot-Near-Icici-Bank-Vikhroli-East/022PF008952_BZDET?xid=TXVtYmFpIEdlbmVyYWwgU3RvcmVzIFZpa2hyb2xp,Vikhroli

Rhutu General Stores Vikhroli East,0.42 KM,4.4,10 Votes,"Shop No.1, Hariyali Village, Tagore Nagar, Vikhroli (e), Station Road, Vikhroli East, Mumbai - 400083",https://www.justdial.com/Mumbai/Rhutu-General-Stores-Vikhroli-East/022PXX22-XX22-161118234402-Y3C4_BZDET?xid=TXVtYmFpIEdlbmVyYWwgU3RvcmVzIFZpa2hyb2xp,Vikhroli

Noble Chemist Near Dominos Pizza Vile Parle East,0.63 KM,4.0,92 Votes,"Shop No 05, Gujrati Society, Nehru Road, Vile Parle East, Mumbai - 400057, Near Dominos Pizza",https://www.justdial.com/Mumbai/Noble-Chemist-Near-Dominos-Pizza-Vile-Parle-East/022PXX22-XX22-141105184017-P3J7_BZDET?xid=TXVtYmFpIEdlbmVyYWwgU3RvcmVzIFZpbGUgUGFybGUgRWFzdA==,VileParleEast

Ambika Medical General Store Near Buddha High School Vile Parle East,1.24 KM,4.4,37 Votes,"Shop No 4, Jeevan Dhara Society, Shahaji Raje Marg, Vile Parle East, Mumbai - 400057, Near Buddha High School",https://www.justdial.com/Mumbai/Ambika-Medical-General-Store-Near-Buddha-High-School-Vile-Parle-East/022PXX22-XX22-120616162214-U9H7_BZDET?xid=TXVtYmFpIEdlbmVyYWwgU3RvcmVzIFZpbGUgUGFybGUgRWFzdA==,VileParleEast

Krishna Medical General Store Madarasi Ram Mandir Vile Parle East,0.81 KM,4.2,11 Votes,"Shop No 2, Sai Niwas, Subhash Road, Vile Parle East, Mumbai - 400057, Madarasi Ram Mandir",https://www.justdial.com/Mumbai/Krishna-Medical-General-Store-Madarasi-Ram-Mandir-Vile-Parle-East/022PXX22-XX22-151105154346-V8E1_BZDET?xid=TXVtYmFpIEdlbmVyYWwgU3RvcmVzIFZpbGUgUGFybGUgRWFzdA==,VileParleEast

Choudhary Medical Stores Near Dutt Temple Vile Parle East,0.51 KM,3.9,6 Votes,"Shop no.4, Hanuman Road, Vile Parle East, Mumbai - 400057, Near Dutt Temple",https://www.justdial.com/Mumbai/Choudhary-Medical-Stores-Near-Dutt-Temple-Vile-Parle-East/022P8013435_BZDET?xid=TXVtYmFpIEdlbmVyYWwgU3RvcmVzIFZpbGUgUGFybGUgRWFzdA==,VileParleEast

Shri Laxmi Narayan Graha Vastu Bhandar Behd Shiv Leela Hotel Vile Parle East,0.79 KM,3.9,11 Votes,"Shop -2,Narayan Nagar, Hanuman Cross Road 1, Vile Parle East, Mumbai - 400057, Behd Shiv Leela Hotel",https://www.justdial.com/Mumbai/Shri-Laxmi-Narayan-Graha-Vastu-Bhandar-Behd-Shiv-Leela-Hotel-Vile-Parle-East/022P1225781699I5J6I9_BZDET?xid=TXVtYmFpIEdlbmVyYWwgU3RvcmVzIFZpbGUgUGFybGUgRWFzdA==,VileParleEast

New Parle General Stores Main road Vile Parle East,0.96 KM,4.6,5 Votes,"Shop no.3, Vraj Bhawan, Tejpal Scheme Road, Vile Parle East, Mumbai - 400057, Main road",https://www.justdial.com/Mumbai/New-Parle-General-Stores-Main-road-Vile-Parle-East/022PXX22-XX22-160421184247-X9X9_BZDET?xid=TXVtYmFpIEdlbmVyYWwgU3RvcmVzIFZpbGUgUGFybGUgRWFzdA==,VileParleEast

Shinde Brother Vile Parle East,0.99 KM,3.8,40 Votes,"Shop No 2, Akshay Apartment, Subhash Road, Vile Parle East, Mumbai - 400057",https://www.justdial.com/Mumbai/Shinde-Brother-Vile-Parle-East/022P8017728_BZDET?xid=TXVtYmFpIEdlbmVyYWwgU3RvcmVzIFZpbGUgUGFybGUgRWFzdA==,VileParleEast

Neha Provision General Stores Near Sai Mandir Vile Parle East,1.25 KM,3.8,94 Votes,"Moti Niwas ,Shop No. 1 & 2, Shradhanand Road, Vile Parle East, Mumbai - 400057, Near Sai Mandir",https://www.justdial.com/Mumbai/Neha-Provision-General-Stores-Near-Sai-Mandir-Vile-Parle-East/022PXX22-XX22-120411193554-E9U1_BZDET?xid=TXVtYmFpIEdlbmVyYWwgU3RvcmVzIFZpbGUgUGFybGUgRWFzdA==,VileParleEast

V M Stores Vile Parle East,0.14 KM,4.2,11 Votes,"B/125, Shree Sambhaji Nagar, Vile Parle East, Mumbai - 400099",https://www.justdial.com/Mumbai/V-M-Stores-Vile-Parle-East/022PXX22-XX22-181214211333-I7D1_BZDET?xid=TXVtYmFpIEdlbmVyYWwgU3RvcmVzIFZpbGUgUGFybGUgRWFzdA==,VileParleEast

Honesty General Stores Opposite P T Colony Bamanwada Vile Parle East,0.49 KM,4.8,6 Votes,"A-G Dalima Chawl, M C Chagla Road, Vile Parle East, Mumbai - 400099, Opposite P & T Colony, Bamanwada",https://www.justdial.com/Mumbai/Honesty-General-Stores-Opposite-P-T-Colony-Bamanwada-Vile-Parle-East/022PXX22-XX22-180104143004-J1U1_BZDET?xid=TXVtYmFpIEdlbmVyYWwgU3RvcmVzIFZpbGUgUGFybGUgRWFzdA==,VileParleEast

Pramanik Super Stores Near New Airport Colony Baman Wada Vile Parle East,0.5 KM,4.5,6 Votes,"Anthony Cottage, M C Chagla Road, Vile Parle East, Mumbai - 400057, Near New Airport Colony, Baman Wada",https://www.justdial.com/Mumbai/Pramanik-Super-Stores-Near-New-Airport-Colony-Baman-Wada-Vile-Parle-East/022PXX22-XX22-180102171004-H4P3_BZDET?xid=TXVtYmFpIEdlbmVyYWwgU3RvcmVzIFZpbGUgUGFybGUgRWFzdA==,VileParleEast

Jayant General Stores Vile Parle East,0.52 KM,3.5,10 Votes,"136 B, Ambe Bhuvan, Hanuman Road, Vile Parle East, Mumbai - 400057",https://www.justdial.com/Mumbai/Jayant-General-Stores-Vile-Parle-East/022P1204453_BZDET?xid=TXVtYmFpIEdlbmVyYWwgU3RvcmVzIFZpbGUgUGFybGUgRWFzdA==,VileParleEast

Four Care Medical General Store Near Utkarsh Mandal Vile Parle East,0.54 KM,4.3,8 Votes,"Vishnu Krupa Building, Mahant Road, Vile Parle East, Mumbai - 400057, Near Utkarsh Mandal",https://www.justdial.com/Mumbai/Four-Care-Medical-General-Store-Near-Utkarsh-Mandal-Vile-Parle-East/022PXX22-XX22-121107180325-A9X9_BZDET?xid=TXVtYmFpIEdlbmVyYWwgU3RvcmVzIFZpbGUgUGFybGUgRWFzdA==,VileParleEast

Daina Cold Drink PT Colony Vile Parle East,0.7 KM,4.5,34 Votes,"P. and T. Colony, Sahar Road, P&T Colony-Vile Parle East, Mumbai - 400099",https://www.justdial.com/Mumbai/Daina-Cold-Drink-PT-Colony-Vile-Parle-East/022PXX22-XX22-180719131522-A8Q9_BZDET?xid=TXVtYmFpIEdlbmVyYWwgU3RvcmVzIFZpbGUgUGFybGUgRWFzdA==,VileParleEast

Ashish General Store And Organic Too Savla Niwas Vile Parle East,0.87 KM,4.9,12 Votes,"Shop No. 6 Savla Niwas Building, Malviya Road, Vile Parle East, Mumbai - 400057, Savla Niwas",https://www.justdial.com/Mumbai/Ashish-General-Store-And-Organic-Too-Savla-Niwas-Vile-Parle-East/022PXX22-XX22-171230165021-E4F7_BZDET?xid=TXVtYmFpIEdlbmVyYWwgU3RvcmVzIFZpbGUgUGFybGUgRWFzdA==,VileParleEast

Chirag Book Centre And General Stores Opposite Tilak High School Vile Parle East,0.93 KM,4.3,23 Votes,"Plot No. 57, Narshing Asram, Hanuman Road, Vile Parle East, Mumbai - 400057, Opposite Tilak High School",https://www.justdial.com/Mumbai/Chirag-Book-Centre-And-General-Stores-Opposite-Tilak-High-School-Vile-Parle-East/022P1924537_BZDET?xid=TXVtYmFpIEdlbmVyYWwgU3RvcmVzIFZpbGUgUGFybGUgRWFzdA==,VileParleEast

Farm Taza Near Hanuman Mandir Vile Parle East,1 KM,4.0,7 Votes,"Shop No. 2 and 3, Bhagwati Niwas CHSL, P M Road, Vile Parle East, Mumbai - 400057, Near Hanuman Mandir",https://www.justdial.com/Mumbai/Farm-Taza-Near-Hanuman-Mandir-Vile-Parle-East/022PXX22-XX22-170710160828-W1L6_BZDET?xid=TXVtYmFpIEdlbmVyYWwgU3RvcmVzIFZpbGUgUGFybGUgRWFzdA==,VileParleEast

Nagrik Suvidha Near Shiva Sagar Hotel Vile Parle East,1.05 KM,4.3,20 Votes,"71, Swagat, Nehru Road, Vile Parle East, Mumbai - 400057, Near Shiva Sagar Hotel",https://www.justdial.com/Mumbai/Nagrik-Suvidha-Near-Shiva-Sagar-Hotel-Vile-Parle-East/022PXX22-XX22-110325221757-V1Z1_BZDET?xid=TXVtYmFpIEdlbmVyYWwgU3RvcmVzIFZpbGUgUGFybGUgRWFzdA==,VileParleEast

Parle General Stores Vile Parle West Vile Parle West,0.17 KM,4.2,6 Votes,"Namdar Building,D J Road,, Vile Parle West, Mumbai - 400056, Vile Parle West",https://www.justdial.com/Mumbai/Parle-General-Stores-Vile-Parle-West-Vile-Parle-West/022PXX22-XX22-120322140336-U9P3_BZDET?xid=TXVtYmFpIEdlbmVyYWwgU3RvcmVzIFZpbGUgUGFybGUgV2VzdA==,VileParleWest

Shivam Medical Store Near Rashmi Gas Agencies Vile Parle West,0.27 KM,3.5,6 Votes,"Shop No-2,Yamunashree, B-Wing, Bajaj Road, Vile Parle West, Mumbai - 400056, Near Rashmi Gas Agencies",https://www.justdial.com/Mumbai/Shivam-Medical-Store-Near-Rashmi-Gas-Agencies-Vile-Parle-West/022PXX22-XX22-130112122255-Y5H2_BZDET?xid=TXVtYmFpIEdlbmVyYWwgU3RvcmVzIFZpbGUgUGFybGUgV2VzdA==,VileParleWest

Gemini Medical General Store Near Mithibai College Vile Parle West,0.55 KM,3.8,8 Votes,"Shop No 1, Vijaylaxmi Chawl, V M Road, Vile Parle West, Mumbai - 400056, Near Mithibai College",https://www.justdial.com/Mumbai/Gemini-Medical-General-Store-Near-Mithibai-College-Vile-Parle-West/022PXX22-XX22-110115171518-V9M5_BZDET?xid=TXVtYmFpIEdlbmVyYWwgU3RvcmVzIFZpbGUgUGFybGUgV2VzdA==,VileParleWest

S K Shah Kirana Store Near Ganesh Farsan Vile Parle West,0.6 KM,4.3,7 Votes,"Shop No 1, 49/31 Gayatri, Dadabhai Road, Vile Parle West, Mumbai - 400056, Near Ganesh Farsan",https://www.justdial.com/Mumbai/S-K-Shah-Kirana-Store-Near-Ganesh-Farsan-Vile-Parle-West/022PXX22-XX22-120229232958-Y2V8_BZDET?xid=TXVtYmFpIEdlbmVyYWwgU3RvcmVzIFZpbGUgUGFybGUgV2VzdA==,VileParleWest

Deep General Stores Near Ambe Mata Chowk Vile Parle West,0.83 KM,4.0,6 Votes,"Shop No. 3, Uma Irla C.H.S.L, Ville Parle West, Irla Gauthan Road, Vile Parle West, Mumbai - 400056, Near Ambe Mata Chowk",https://www.justdial.com/Mumbai/Deep-General-Stores-Near-Ambe-Mata-Chowk-Vile-Parle-West/022PXX22-XX22-180308143205-T7Z2_BZDET?xid=TXVtYmFpIEdlbmVyYWwgU3RvcmVzIFZpbGUgUGFybGUgV2VzdA==,VileParleWest

Priya Store,1.4 KM,4.4,9 Votes,"Number 3, Jvpd Scheme, E W Road, Mumbai - 400056, Juhu",https://www.justdial.com/Mumbai/Priya-Store/022PXX22-XX22-200702094051-L8V1_BZDET?xid=TXVtYmFpIEdlbmVyYWwgU3RvcmVzIFZpbGUgUGFybGUgV2VzdA==,VileParleWest

Rakhangi General Stores Nx Worli,0.46 KM,4.0,142 Votes,"Plot No 2, Kakad Estate, R G Thadani Marg, Worli, Mumbai - 400018",https://www.justdial.com/Mumbai/Rakhangi-General-Stores-Nx-Worli/022PXX22-XX22-150512172607-I6L5_BZDET?xid=TXVtYmFpIEdlbmVyYWwgU3RvcmVzIFdvcmxp,Worli

Natural Food Basket Podar Hospital Worli,0.6 KM,3.9,13 Votes,"Shop No 5, Ground Floor, 109, Himalaya CHS LTD, Dr. R G Thadani Marg, Worli, Mumbai - 400018, Podar Hospital",https://www.justdial.com/Mumbai/Natural-Food-Basket-Podar-Hospital-Worli/022PXX22-XX22-191009200211-L8W2_BZDET?xid=TXVtYmFpIEdlbmVyYWwgU3RvcmVzIFdvcmxp,Worli

Mamajis Namkeen Opposite Oriental Bank Worli Naka worli,0.08 KM,4.5,12 Votes,"Shop No 12, Mantri Chawl, Ganpatrao Kadam Marg, Worli Naka-worli, Mumbai - 400018, Opposite Oriental Bank",https://www.justdial.com/Mumbai/Mamajis-Namkeen-Opposite-Oriental-Bank-Worli-Naka-worli/022PXX22-XX22-121116010526-T2Y2_BZDET?xid=TXVtYmFpIEdlbmVyYWwgU3RvcmVzIFdvcmxp,Worli

Patanjali General Store Near Century Bazar Fire Brigade Worli,1.77 KM,4.2,22 Votes,"Shop No 12, Kharude Market, Annie Besant Road, Worli, Mumbai - 400018, Near Century Bazar Fire Brigade",https://www.justdial.com/Mumbai/Patanjali-General-Store-Near-Century-Bazar-Fire-Brigade-Worli/022PXX22-XX22-181117141008-B9V8_BZDET?xid=TXVtYmFpIEdlbmVyYWwgU3RvcmVzIFdvcmxp,Worli

Vipul Stores Worli Sea Face Worli,0.59 KM,3.8,62 Votes,"Shop No 2 3 & 4 Himalaya Society, Worli, Mumbai - 400018, Worli Sea Face",https://www.justdial.com/Mumbai/Vipul-Stores-Worli-Sea-Face-Worli/022P1235665114L6K2Z9_BZDET?xid=TXVtYmFpIEdlbmVyYWwgU3RvcmVzIFdvcmxp,Worli

Tirumala Medical And General Stores Near Mahindra Tower Worli,0.72 KM,4.4,59 Votes,"Shop No 5, B D D Building No 55, P B Marg, Worli, Mumbai - 400018, Near Mahindra Tower",https://www.justdial.com/Mumbai/Tirumala-Medical-And-General-Stores-Near-Mahindra-Tower-Worli/022PXX22-XX22-121124173130-P2R7_BZDET?xid=TXVtYmFpIEdlbmVyYWwgU3RvcmVzIFdvcmxp,Worli

Om The Super Shopee Near Worli Sea Face Worli,0.5 KM,4.1,47 Votes,"107/6 Anand Ashram Building, R G Thadani Marg, Worli, Mumbai - 400018, Near Worli Sea Face",https://www.justdial.com/Mumbai/Om-The-Super-Shopee-Near-Worli-Sea-Face-Worli/022PXX22-XX22-121122172900-Y4Z9_BZDET?xid=TXVtYmFpIEdlbmVyYWwgU3RvcmVzIFdvcmxp,Worli

Rakhangis 7 L L P Opposite Podar Hospital Worli Naka Worli,0.57 KM,4.7,25 Votes,"Alankar C.h.s.l, Dr. Annie Besant Road, Worli Naka-Worli, Mumbai - 400018, Opposite Podar Hospital",https://www.justdial.com/Mumbai/Rakhangis-7-L-L-P-Opposite-Podar-Hospital-Worli-Naka-Worli/022PXX22-XX22-181215231519-X9L8_BZDET?xid=TXVtYmFpIEdlbmVyYWwgU3RvcmVzIFdvcmxp,Worli

Shree Shanti Book Depot General Store Opposite Jamburi Maidan Worli,0.97 KM,3.9,12 Votes,"Shop No 2& 4, B D D Chawl, Worli, Mumbai - 400018, Opposite Jamburi Maidan",https://www.justdial.com/Mumbai/Shree-Shanti-Book-Depot-General-Store-Opposite-Jamburi-Maidan-Worli/022P1235834538L7M5F7_BZDET?xid=TXVtYmFpIEdlbmVyYWwgU3RvcmVzIFdvcmxp,Worli

New Rakhangi General Store Worli Seaface Worli,0.49 KM,4.1,143 Votes,"Shop No 1, Anand Ashram, R G Thadani Marg, Worli, Mumbai - 400018, Worli Seaface",https://www.justdial.com/Mumbai/New-Rakhangi-General-Store-Worli-Seaface-Worli/022PXX22-XX22-110728183309-L8Y8_BZDET?xid=TXVtYmFpIEdlbmVyYWwgU3RvcmVzIFdvcmxp,Worli

New Lokpriya Medical General Stores Opposite Mahindra Tower Near Alankar Hotel Worli,1.05 KM,4.2,12 Votes,"28/9, Century Mills Chawl, Pandurang Budhkar Marg, Worli, Mumbai - 400018, Opposite Mahindra Tower,Near Alankar Hotel",https://www.justdial.com/Mumbai/New-Lokpriya-Medical-General-Stores-Opposite-Mahindra-Tower-Near-Alankar-Hotel-Worli/022PXX22-XX22-000524145162-U7R8_BZDET?xid=TXVtYmFpIEdlbmVyYWwgU3RvcmVzIFdvcmxp,Worli

Patel Stores Opp Poddar Hospital Worli,0.49 KM,3.9,22 Votes,"Shop No 4 Plot No 107 Anand Ashram Building, R G Thadani Marg, Worli, Mumbai - 400018, Opp Poddar Hospital",https://www.justdial.com/Mumbai/Patel-Stores-Opp-Poddar-Hospital-Worli/022P1235665980V9X7P9_BZDET?xid=TXVtYmFpIEdlbmVyYWwgU3RvcmVzIFdvcmxp,Worli

Anil Medical General Stores Near Worli Naka Worli,0.11 KM,4.5,14 Votes,"A/9 Bhiwandi Wala Building, G M Bhosle Marg, Worli, Mumbai - 400018, Near Worli Naka",https://www.justdial.com/Mumbai/Anil-Medical-General-Stores-Near-Worli-Naka-Worli/022P1979308_BZDET?xid=TXVtYmFpIEdlbmVyYWwgU3RvcmVzIFdvcmxp,Worli

Nanji Devji Near Worli Naka Gavde Market Worli,0.23 KM,4.3,6 Votes,"Shop No 5 & 6, C R Rane Marg, Worli, Mumbai - 400018, Near Worli Naka, Gavde Market",https://www.justdial.com/Mumbai/Nanji-Devji-Near-Worli-Naka-Gavde-Market-Worli/022P1236107424I8C6G9_BZDET?xid=TXVtYmFpIEdlbmVyYWwgU3RvcmVzIFdvcmxp,Worli

Welcome General Stores Opposite Satyanarayan Temple Worli,0.13 KM,3.8,9 Votes,"398, Surji Vallabdas Building, Shop No 2, Ganpatrao Kadam Marg, Worli, Mumbai - 400018, Opposite Satyanarayan Temple",https://www.justdial.com/Mumbai/Welcome-General-Stores-Opposite-Satyanarayan-Temple-Worli/022P1978222_BZDET?xid=TXVtYmFpIEdlbmVyYWwgU3RvcmVzIFdvcmxp,Worli

Variety Foods Opposite Samar Park Restaurant Worli,0.46 KM,4.2,8 Votes,"Shop No 2 / 106, Kakad Estate, Dr. Rg Thandani Marg, Worli, Mumbai - 400018, Opposite Samar Park Restaurant",https://www.justdial.com/Mumbai/Variety-Foods-Opposite-Samar-Park-Restaurant-Worli/022PXX22-XX22-101031121531-X9H1_BZDET?xid=TXVtYmFpIEdlbmVyYWwgU3RvcmVzIFdvcmxp,Worli

Vinod Stores And Book Depo Worli,0.53 KM,5.0,20 Votes,"Shop No. 233, Bdd Chawls, Worli, Mumbai - 400018",https://www.justdial.com/Mumbai/Vinod-Stores-And-Book-Depo-Worli/022PXX22-XX22-180809192702-S9W2_BZDET?xid=TXVtYmFpIEdlbmVyYWwgU3RvcmVzIFdvcmxp,Worli

Sankalp Partishthan Opposite Shah Nahar Industrial Estate Worli,0.82 KM,4.3,7 Votes,"Shop No 2, Manjrekar Compound, Dr E Moses Road, Worli, Mumbai - 400018, Opposite Shah & Nahar Industrial Estate",https://www.justdial.com/Mumbai/Sankalp-Partishthan-Opposite-Shah-Nahar-Industrial-Estate-Worli/022P1227286212K1Y1D9_BZDET?xid=TXVtYmFpIEdlbmVyYWwgU3RvcmVzIFdvcmxp,Worli

Malde General Store Mahendra Tower Worli,1.09 KM,5.0,8 Votes,"Rane Patra Chawl , Shop No 4, P B Marg, Worli, Mumbai - 400018, Mahendra Tower",https://www.justdial.com/Mumbai/Malde-General-Store-Mahendra-Tower-Worli/022PXX22-XX22-121205155430-A6I4_BZDET?xid=TXVtYmFpIEdlbmVyYWwgU3RvcmVzIFdvcmxp,Worli
