Pramanik General Store Near Indian Overseas Bank Ghatkopar East,0.33 KM,4.2,379 Votes,"Shop No. 7 & 8, Golwala Banglow, M G Road, Hingwala Lane, Ghatkopar East, Mumbai - 400077, Near Indian Overseas Bank",https://www.justdial.com/Mumbai/Pramanik-General-Store-Near-Indian-Overseas-Bank-Ghatkopar-East/022PXX22-XX22-140421133850-E3G2_BZDET?xid=TXVtYmFpIEdlbmVyYWwgU3RvcmVzIEdoYXRrb3Bhcg==,Ghatkopar

Shah Ramji Bachubhai Kirana Store Opposite Balaji Mandir Ghatkopar East,0.28 KM,3.8,80 Votes,"Shop No 7 & 8, Mahesh Kunj, Tilak Road, Ghatkopar East, Mumbai - 400077, Opposite Balaji Mandir",https://www.justdial.com/Mumbai/Shah-Ramji-Bachubhai-Kirana-Store-Opposite-Balaji-Mandir-Ghatkopar-East/022PXX22-XX22-101026142805-M4H6_BZDET?xid=TXVtYmFpIEdlbmVyYWwgU3RvcmVzIEdoYXRrb3Bhcg==,Ghatkopar

Janta Masala Next Tiptop Ghatkopar East,0.24 KM,4.2,17 Votes,"Shree Sadan, Vallabh Baug Lane, Ghatkopar East, Mumbai - 400077, Next Tiptop",https://www.justdial.com/Mumbai/Janta-Masala-Next-Tiptop-Ghatkopar-East/022PXX22-XX22-160907122024-G1N8_BZDET?xid=TXVtYmFpIEdlbmVyYWwgU3RvcmVzIEdoYXRrb3Bhcg==,Ghatkopar

Mansi Medical General Stores Near Garodia Nagar Opp Union Bank Of India Ghatkopar East,0.75 KM,4.2,61 Votes,"157, Shop No 8, Neelkanth Bldg, Vallabh Baug Lane, Ghatkopar East, Mumbai - 400077, Near Garodia Nagar, Opp Union Bank Of India",https://www.justdial.com/Mumbai/Mansi-Medical-General-Stores-Near-Garodia-Nagar-Opp-Union-Bank-Of-India-Ghatkopar-East/022PXX22-XX22-000147079290-G8M8_BZDET?xid=TXVtYmFpIEdlbmVyYWwgU3RvcmVzIEdoYXRrb3Bhcg==,Ghatkopar

Central Department Stores Opposite Doshi Nursing Home Ghatkopar East,0.34 KM,4.0,24 Votes,"10, Hingwala Bunglow, Hingwala Lane, Ghatkopar East, Mumbai - 400077, Opposite Doshi Nursing Home",https://www.justdial.com/Mumbai/Central-Department-Stores-Opposite-Doshi-Nursing-Home-Ghatkopar-East/022PXX22-XX22-130430164001-Z6A8_BZDET?xid=TXVtYmFpIEdlbmVyYWwgU3RvcmVzIEdoYXRrb3Bhcg==,Ghatkopar

Alka General Stores Opposite Building No 106 Pant Nagarshakhar Market Pant Naga Ghatkopar East,0.86 KM,4.1,32 Votes,"Shop No 5, Station Road, Ghatkopar East, Mumbai - 400075, Opposite Building No 106, Pant Nagarshakhar Market Pant Naga",https://www.justdial.com/Mumbai/Alka-General-Stores-Opposite-Building-No-106-Pant-Nagarshakhar-Market-Pant-Naga-Ghatkopar-East/022PK028123_BZDET?xid=TXVtYmFpIEdlbmVyYWwgU3RvcmVzIEdoYXRrb3Bhcg==,Ghatkopar

Bhavin Medical Stores Near Pushpa Vihar Hotel Ghatkopar East,0.87 KM,3.6,28 Votes,"186/5 , Ratan Palace, Garodia Nagar, Ghatkopar East, Mumbai - 400077, Near Pushpa Vihar Hotel",https://www.justdial.com/Mumbai/Bhavin-Medical-Stores-Near-Pushpa-Vihar-Hotel-Ghatkopar-East/022P8805078_BZDET?xid=TXVtYmFpIEdlbmVyYWwgU3RvcmVzIEdoYXRrb3Bhcg==,Ghatkopar

Riddhi Medical General Store Near Sarvodaya Hospital Ghatkopar West,0.88 KM,4.4,38 Votes,"Trimurti Arcade Shop No 8 & 9 Gandhi Nagar, L B S Marg, Ghatkopar West, Mumbai - 400086, Near Sarvodaya Hospital",https://www.justdial.com/Mumbai/Riddhi-Medical-General-Store-Near-Sarvodaya-Hospital-Ghatkopar-West/022P1930753_BZDET?xid=TXVtYmFpIEdlbmVyYWwgU3RvcmVzIEdoYXRrb3Bhcg==,Ghatkopar

Shah Book Centre General Stores Opposite Sndt College Ghatkopar West,0.43 KM,4.0,37 Votes,"Monish Suruwat Building Ashish Complex, M G Road, Kama Gali, Ghatkopar West, Mumbai - 400086, Opposite Sndt College",https://www.justdial.com/Mumbai/Shah-Book-Centre-General-Stores-Opposite-Sndt-College-Ghatkopar-West/022PF014716_BZDET?xid=TXVtYmFpIEdlbmVyYWwgU3RvcmVzIEdoYXRrb3Bhcg==,Ghatkopar

Sweet An Sor Opposite Cama Lane Ghatkopar West,0.44 KM,3.9,106 Votes,"Shop No 1, Moti Mahal, M G Road, Ghatkopar West, Mumbai - 400086, Opposite Cama Lane",https://www.justdial.com/Mumbai/Sweet-An-Sor-Opposite-Cama-Lane-Ghatkopar-West/022PXX22-XX22-090714180158-N1Z7_BZDET?xid=TXVtYmFpIEdlbmVyYWwgU3RvcmVzIEdoYXRrb3Bhcg==,Ghatkopar

Lucky General Stores Near Swami Narayan Temple Ghatkopar East,0.15 KM,3.9,17 Votes,"Shop No 5, Jai Jawan Nagar Building, R B Mehta Marg, Ghatkopar East, Mumbai - 400077, Near Swami Narayan Temple",https://www.justdial.com/Mumbai/Lucky-General-Stores-Near-Swami-Narayan-Temple-Ghatkopar-East/022P1943575_BZDET?xid=TXVtYmFpIEdlbmVyYWwgU3RvcmVzIEdoYXRrb3Bhcg==,Ghatkopar

Janata Masala Stores Neat Tip Top Farsan Mart Ghatkopar East,0.19 KM,3.8,11 Votes,"Shree Sadan Bldg, Vallabh Baug Lane, Ghatkopar East, Mumbai - 400077, Neat Tip Top Farsan Mart",https://www.justdial.com/Mumbai/Janata-Masala-Stores-Neat-Tip-Top-Farsan-Mart-Ghatkopar-East/022POCE2596_BZDET?xid=TXVtYmFpIEdlbmVyYWwgU3RvcmVzIEdoYXRrb3Bhcg==,Ghatkopar

Benefit Counter Opposite Kotak Mahindra Bank Ghatkopar East,0.22 KM,4.1,17 Votes,"Kailash Mahal, Vallabh Baug Lane, Ghatkopar East, Mumbai - 400077, Opposite Kotak Mahindra Bank",https://www.justdial.com/Mumbai/Benefit-Counter-Opposite-Kotak-Mahindra-Bank-Ghatkopar-East/022P1943623_BZDET?xid=TXVtYmFpIEdlbmVyYWwgU3RvcmVzIEdoYXRrb3Bhcg==,Ghatkopar

Vijay general store Near ashirwad hospital Ghatkopar East,0.48 KM,4.0,45 Votes,"Shop No 1, Kailash Kiran Building, Tilak Road, Ghatkopar East, Mumbai - 400077, Near ashirwad hospital",https://www.justdial.com/Mumbai/Vijay-general-store-Near-ashirwad-hospital-Ghatkopar-East/022PXX22-XX22-130112134929-I2H3_BZDET?xid=TXVtYmFpIEdlbmVyYWwgU3RvcmVzIEdoYXRrb3Bhcg==,Ghatkopar

Apna Bazar Co op Departmental Store Garodia Nagar Ghatkopar East,0.88 KM,3.8,69 Votes,"Shop No 7/8 Plot No 130 Mahavir Mahal, Ghatkopar East, Mumbai - 400077, Garodia Nagar",https://www.justdial.com/Mumbai/Apna-Bazar-Co-op-Departmental-Store-Garodia-Nagar-Ghatkopar-East/022P8904595_BZDET?xid=TXVtYmFpIEdlbmVyYWwgU3RvcmVzIEdoYXRrb3Bhcg==,Ghatkopar

Sahakar Bhandar Beside Mumbai District Bank Ghatkopar West,1.7 KM,3.8,14 Votes,"Shop No 1/2, Ramsagar, Bhatwadi, Ghatkopar West, Mumbai - 400084, Beside Mumbai District Bank",https://www.justdial.com/Mumbai/Sahakar-Bhandar-Beside-Mumbai-District-Bank-Ghatkopar-West/022P1227640148F8E5P7_BZDET?xid=TXVtYmFpIEdlbmVyYWwgU3RvcmVzIEdoYXRrb3Bhcg==,Ghatkopar

Shree Siddhivinayak Medical General Store Pant Nagar Opposite Ganesh Temple Ghatkopar East,0.4 KM,4.0,5 Votes,"Shop No 2, 90ft Road, Ghatkopar East, Mumbai - 400075, Pant Nagar, Opposite Ganesh Temple",https://www.justdial.com/Mumbai/Shree-Siddhivinayak-Medical-General-Store-Pant-Nagar-Opposite-Ganesh-Temple-Ghatkopar-East/022P1238016686D5Z1Z7_BZDET?xid=TXVtYmFpIEdlbmVyYWwgU3RvcmVzIEdoYXRrb3Bhcg==,Ghatkopar

Uday Stores Ghatkopar West,0.53 KM,3.8,19 Votes,"Shop No 3, Shree Mahalaxmi Appartment, Cama Lane, Ghatkopar West, Mumbai - 400086",https://www.justdial.com/Mumbai/Uday-Stores-Ghatkopar-West/022PXX22-XX22-171027140406-I2S7_BZDET?xid=TXVtYmFpIEdlbmVyYWwgU3RvcmVzIEdoYXRrb3Bhcg==,Ghatkopar

B K Soap Centre Ghatkopar West,0.75 KM,3.7,9 Votes,"Shop No. 2, Kailash Vihar, J V Road, Khot Lane, Ghatkopar West, Mumbai - 400086",https://www.justdial.com/Mumbai/B-K-Soap-Centre-Ghatkopar-West/022PF017406_BZDET?xid=TXVtYmFpIEdlbmVyYWwgU3RvcmVzIEdoYXRrb3Bhcg==,Ghatkopar

Niranjan General Stores Opposite Telephone Exchange Ghatkopar West,0.82 KM,4.1,100 Votes,"4/5, Shiv Plaza, L B S Road, Ghatkopar West, Mumbai - 400086, Opposite Telephone Exchange",https://www.justdial.com/Mumbai/Niranjan-General-Stores-Opposite-Telephone-Exchange-Ghatkopar-West/022PGE06023_BZDET?xid=TXVtYmFpIEdlbmVyYWwgU3RvcmVzIEdoYXRrb3Bhcg==,Ghatkopar

Meghdoot Grahak Bhandar Near Telephone Exchange Girdhar Nagar Ghatkopar West,1.15 KM,4.0,32 Votes,"Shop No 11, Jivadaya Lane, Ghatkopar West, Mumbai - 400086, Near Telephone Exchange, Girdhar Nagar",https://www.justdial.com/Mumbai/Meghdoot-Grahak-Bhandar-Near-Telephone-Exchange-Girdhar-Nagar-Ghatkopar-West/022PXX22-XX22-000766081744-X7H0_BZDET?xid=TXVtYmFpIEdlbmVyYWwgU3RvcmVzIEdoYXRrb3Bhcg==,Ghatkopar

Aashirwad Tea General Store Amrut Nagar Ghatkopar West,1.24 KM,4.6,5 Votes,"Shop No D 12, Sagar Park Chs Ltd, Ghatkopar West, Mumbai - 400086, Amrut Nagar",https://www.justdial.com/Mumbai/Aashirwad-Tea-General-Store-Amrut-Nagar-Ghatkopar-West/022P1931910_BZDET?xid=TXVtYmFpIEdlbmVyYWwgU3RvcmVzIEdoYXRrb3Bhcg==,Ghatkopar

Anjali Medical General Store Gamdevi Road Near Shreyas Talkies Ghatkopar West,1.61 KM,4.1,18 Votes,"Shop No. 3J, L B S Marg, Jai Shankar Premises Co-Operative Housing Society, Sanghani Estate, Ghatkopar West, Mumbai - 400086, Gamdevi Road, Near Shreyas Talkies",https://www.justdial.com/Mumbai/Anjali-Medical-General-Store-Gamdevi-Road-Near-Shreyas-Talkies-Ghatkopar-West/022P1227698082J8G7Y1_BZDET?xid=TXVtYmFpIEdlbmVyYWwgU3RvcmVzIEdoYXRrb3Bhcg==,Ghatkopar

Laxmi Grain Stores Ghatkopar East,0.27 KM,4.1,7 Votes,"Shop No 1, Mahesh Kunj, Dr M P Vaidya Marg, Tilak Road, Ghatkopar East, Mumbai - 400077",https://www.justdial.com/Mumbai/Laxmi-Grain-Stores-Ghatkopar-East/022P5610115_BZDET?xid=TXVtYmFpIEdlbmVyYWwgU3RvcmVzIEdoYXRrb3Bhcg==,Ghatkopar

Dawaghar Medical General Stores Bhim Ngr Tansa Pipeline Rajawadi Ghatkopar East,0.39 KM,4.6,11 Votes,"Shop No 3-1/1, Ghatkopar East, Mumbai - 400077, Bhim Ngr Tansa Pipeline, Rajawadi",https://www.justdial.com/Mumbai/Dawaghar-Medical-General-Stores-Bhim-Ngr-Tansa-Pipeline-Rajawadi-Ghatkopar-East/022P8010789_BZDET?xid=TXVtYmFpIEdlbmVyYWwgU3RvcmVzIEdoYXRrb3Bhcg==,Ghatkopar

Rekha General Stores Opp Shayam Rao Vithal Bank Ghatkopar East,0.4 KM,4.4,13 Votes,"6, Shiv Niwas, Rajawadi RD No 1, Ghatkopar East, Mumbai - 400077, Opp Shayam Rao Vithal Bank",https://www.justdial.com/Mumbai/Rekha-General-Stores-Opp-Shayam-Rao-Vithal-Bank-Ghatkopar-East/022P1943851_BZDET?xid=TXVtYmFpIEdlbmVyYWwgU3RvcmVzIEdoYXRrb3Bhcg==,Ghatkopar

New Chetana Grain Provision Stores Ghatkopar East,0.65 KM,5.0,5 Votes,"Vandana Apartment, Tilak Road, R B Mehta Rd, Rajawadi, Ghatkopar East, Mumbai, Ghatkopar East, Ghatkopar East, Mumbai - 400077",https://www.justdial.com/Mumbai/New-Chetana-Grain-Provision-Stores-Ghatkopar-East/022PXX22-XX22-110327101332-C8B4_BZDET?xid=TXVtYmFpIEdlbmVyYWwgU3RvcmVzIEdoYXRrb3Bhcg==,Ghatkopar

Lakhani General Stores Near Bata Showroom Ghatkopar West,0.72 KM,4.0,6 Votes,"Shop No A/6, Sagar Bonnzha, J V Road, Ghatkopar West, Mumbai - 400086, Near Bata Showroom",https://www.justdial.com/Mumbai/Lakhani-General-Stores-Near-Bata-Showroom-Ghatkopar-West/022PXX22-XX22-101022105441-N1D7_BZDET?xid=TXVtYmFpIEdlbmVyYWwgU3RvcmVzIEdoYXRrb3Bhcg==,Ghatkopar

Rex Stores Near Union Bank Garodia Nagar Ghatkopar East,0.74 KM,3.8,23 Votes,"156-5, Garodia Shopping Centre, Garodia Nagar, Garodia Nagar-Ghatkopar East, Mumbai - 400077, Near Union Bank",https://www.justdial.com/Mumbai/Rex-Stores-Near-Union-Bank-Garodia-Nagar-Ghatkopar-East/022P1229639671T9B5A9_BZDET?xid=TXVtYmFpIEdlbmVyYWwgU3RvcmVzIEdoYXRrb3Bhcg==,Ghatkopar

Mallinath Medical Store Near Pancholi Hospital Ghatkopar East,0.78 KM,3.8,36 Votes,"Shop No 22, Pancholi Hospital Building, 90 Feet Road, Ghatkopar East, Mumbai - 400077, Near Pancholi Hospital",https://www.justdial.com/Mumbai/Mallinath-Medical-Store-Near-Pancholi-Hospital-Ghatkopar-East/022P1227700583M9F5D2_BZDET?xid=TXVtYmFpIEdlbmVyYWwgU3RvcmVzIEdoYXRrb3Bhcg==,Ghatkopar

Prabhat General Stores Ghatkopar East,0.83 KM,3.6,10 Votes,"Shop No.4, Gowri Shankar Wadi 2, Pant Nagar, Ghatkopar East, Mumbai - 400075",https://www.justdial.com/Mumbai/Prabhat-General-Stores-Ghatkopar-East/022PXX22-XX22-180327235405-P9X2_BZDET?xid=TXVtYmFpIEdlbmVyYWwgU3RvcmVzIEdoYXRrb3Bhcg==,Ghatkopar

Laxmi General Stores Opposite to Muncipal Office Ghatkopar West,1.12 KM,4.2,21 Votes,"Shop No.9, Navratna Shopping Center New Maneklal Estate, L B S Marg, Ghatkopar West, Mumbai - 400086, Opposite to Muncipal Office",https://www.justdial.com/Mumbai/Laxmi-General-Stores-Opposite-to-Muncipal-Office-Ghatkopar-West/022P1100419_BZDET?xid=TXVtYmFpIEdlbmVyYWwgU3RvcmVzIEdoYXRrb3Bhcg==,Ghatkopar

Gala Medical General Store Opp Sapna Hospital Ghatkopar West,1.34 KM,4.4,11 Votes,"Shop No. 5, Sainath Nagar, Limani Bhuvan, L B S Marg, Ghatkopar West, Mumbai - 400086, Opp.Sapna Hospital",https://www.justdial.com/Mumbai/Gala-Medical-General-Store-Opp-Sapna-Hospital-Ghatkopar-West/022P1100739_BZDET?xid=TXVtYmFpIEdlbmVyYWwgU3RvcmVzIEdoYXRrb3Bhcg==,Ghatkopar

Samrat Medical General Stores Opp shilpa Building Ghatkopar West,1.51 KM,4.0,9 Votes,"7a, Mahavir Darshan, Jagdusha Nagar,, Ghatkopar West, Mumbai - 400086, Opp.shilpa Building,",https://www.justdial.com/Mumbai/Samrat-Medical-General-Stores-Opp-shilpa-Building-Ghatkopar-West/022PXX22-XX22-101027152350-W3N2_BZDET?xid=TXVtYmFpIEdlbmVyYWwgU3RvcmVzIEdoYXRrb3Bhcg==,Ghatkopar

Sahakar General Stores Near R Odeon Mall Ghatkopar East,0.2 KM,4.0,5 Votes,"3 Odeon Shopping Centre, Vallbh Baug Lane, Ghatkopar East, Mumbai - 400077, Near R Odeon Mall",https://www.justdial.com/Mumbai/Sahakar-General-Stores-Near-R-Odeon-Mall-Ghatkopar-East/022P1935593_BZDET?xid=TXVtYmFpIEdlbmVyYWwgU3RvcmVzIEdoYXRrb3Bhcg==,Ghatkopar

Ramji Bhimji Vora Kirana General Store Near Janta Society Ghatkopar East,0.42 KM,4.8,6 Votes,"Shop No.6, Shiv Shakti Heights, Janta Society Road, Ghatkopar East, Mumbai - 400077, Near Janta Society",https://www.justdial.com/Mumbai/Ramji-Bhimji-Vora-Kirana-General-Store-Near-Janta-Society-Ghatkopar-East/022PXX22-XX22-140322123121-M7F1_BZDET?xid=TXVtYmFpIEdlbmVyYWwgU3RvcmVzIEdoYXRrb3Bhcg==,Ghatkopar

Patel General Store Near Pant Nagar Ghatkopar East,0.43 KM,3.5,14 Votes,"41/1/1-A, Vallabh Baug Lane Extension, Ghatkopar East, Mumbai - 400075, Near Pant Nagar",https://www.justdial.com/Mumbai/Patel-General-Store-Near-Pant-Nagar-Ghatkopar-East/022P1101753_BZDET?xid=TXVtYmFpIEdlbmVyYWwgU3RvcmVzIEdoYXRrb3Bhcg==,Ghatkopar

Gupta Grain Store Sai Baba Mandir Ghatkopar East,0.43 KM,4.6,7 Votes,"Opp 146 Shop No 57, Vallabh Baug Lane, Ghatkopar East, Mumbai - 400077, Sai Baba Mandir",https://www.justdial.com/Mumbai/Gupta-Grain-Store-Sai-Baba-Mandir-Ghatkopar-East/022PXX22-XX22-160119171320-H9A8_BZDET?xid=TXVtYmFpIEdlbmVyYWwgU3RvcmVzIEdoYXRrb3Bhcg==,Ghatkopar

Shree Sadguru medical General Stores Thakurdwar Corner Girgaon,0.23 KM,4.5,6 Votes,"Plot No. 291, Shop No. 2, Saraswati Niwas, J. S. S Road, Girgaon, Mumbai - 400004, Thakurdwar Corner",https://www.justdial.com/Mumbai/Shree-Sadguru-medical-General-Stores-Thakurdwar-Corner-Girgaon/022PXX22-XX22-130208130434-N8K9_BZDET?xid=TXVtYmFpIEdlbmVyYWwgU3RvcmVzIEdpcmdhb24=,Girgaon

Mahalaxmi Medical General Stores Kanda Wadi Girgaon,0.22 KM,4.1,6 Votes,"Shop No 10, 109 Kanji Khetshi Building, Khadilkar Road, Girgaon, Mumbai - 400004, Kanda Wadi",https://www.justdial.com/Mumbai/Mahalaxmi-Medical-General-Stores-Kanda-Wadi-Girgaon/022PXX22-XX22-120612204252-I6Y2_BZDET?xid=TXVtYmFpIEdlbmVyYWwgU3RvcmVzIEdpcmdhb24=,Girgaon

Abhishek Generator Washi Girgaon,,4.3,6 Votes,"Chow Washi, Vartak Chowk, Bhatwadi, Girgaon, Mumbai - 400004",https://www.justdial.com/Mumbai/Abhishek-Generator-Washi-Girgaon/022PXX22-XX22-180206195451-P4C7_BZDET?xid=TXVtYmFpIEdlbmVyYWwgU3RvcmVzIEdpcmdhb24=,Girgaon

R K Provision Stores Shikha Nagar Girgaon,0.36 KM,4.9,5 Votes,"New 164 Angrawadi, V P Road, Girgaon, Mumbai - 400004, Shikha Nagar",https://www.justdial.com/Mumbai/R-K-Provision-Stores-Shikha-Nagar-Girgaon/022P2400608_BZDET?xid=TXVtYmFpIEdlbmVyYWwgU3RvcmVzIEdpcmdhb24=,Girgaon

Ashok General Store Moti Cinema Girgaon,0.77 KM,3.9,8 Votes,"Shop No 11/12, Somji Building,200, 3rd Kumbharwada Lane, Girgaon, Mumbai - 400004, Moti Cinema",https://www.justdial.com/Mumbai/Ashok-General-Store-Moti-Cinema-Girgaon/022PK025772_BZDET?xid=TXVtYmFpIEdlbmVyYWwgU3RvcmVzIEdpcmdhb24=,Girgaon

Anandji Premji Company Near Fruit Market Prarthana Samaj,0.52 KM,4.2,146 Votes,"Shop No 1, Birla Mansion, D D Sathe Marg, Prarthana Samaj, Mumbai - 400004, Near Fruit Market",https://www.justdial.com/Mumbai/Anandji-Premji-Company-Near-Fruit-Market-Prarthana-Samaj/022P8008926_BZDET?xid=TXVtYmFpIEdlbmVyYWwgU3RvcmVzIEdpcmdhb24=,Girgaon

Maharashtra Medical General Stores Sikka Nagar Opposite Gokuldham Hotel Charni Road,0.53 KM,4.7,9 Votes,"Shop No 6, Anandmangal Building, 171 Nanubhai Desai Marg, Charni Road, Mumbai - 400004, Sikka Nagar, Opposite Gokuldham Hotel",https://www.justdial.com/Mumbai/Maharashtra-Medical-General-Stores-Sikka-Nagar-Opposite-Gokuldham-Hotel-Charni-Road/022PXX22-XX22-130416112831-G9V1_BZDET?xid=TXVtYmFpIEdlbmVyYWwgU3RvcmVzIEdpcmdhb24=,Girgaon

Bharat Electric General Stores Opposite Sindhi Galli Near Bus Stop Charni Road,0.75 KM,4.7,7 Votes,"459/63, Dinesh Bhavan, Shop No -5, Patthe Bapurao Marg, Charni Road, Mumbai - 400004, Opposite Sindhi Galli, Near Bus Stop",https://www.justdial.com/Mumbai/Bharat-Electric-General-Stores-Opposite-Sindhi-Galli-Near-Bus-Stop-Charni-Road/022PK042976_BZDET?xid=TXVtYmFpIEdlbmVyYWwgU3RvcmVzIEdpcmdhb24=,Girgaon

The Bharat General Stores Opp union bank Cawasji Patel Tank,0.48 KM,4.0,5 Votes,"50/50 navyug house, V P Road, Cawasji Patel Tank, Mumbai - 400004, Opp union bank",https://www.justdial.com/Mumbai/The-Bharat-General-Stores-Opp-union-bank-Cawasji-Patel-Tank/022P8800533_BZDET?xid=TXVtYmFpIEdlbmVyYWwgU3RvcmVzIEdpcmdhb24=,Girgaon

Chaar Bhuja Kirana General Store Cawasji Patel Tank,1.49 KM,3.8,10 Votes,"45, Hatim Manzil, Surti Mohalla, Nagpada, Vasil Khan Marg, Cawasji Patel Tank, Mumbai - 400004",https://www.justdial.com/Mumbai/Chaar-Bhuja-Kirana-General-Store-Cawasji-Patel-Tank/022PXX22-XX22-180327150818-A4P6_BZDET?xid=TXVtYmFpIEdlbmVyYWwgU3RvcmVzIEdpcmdhb24=,Girgaon

Big Bazaar The Hub Mall Near Western Express Highway Goregaon East,1.2 KM,3.9,82 Votes,"C/O Nirlon Compound, Goregaon East, Mumbai - 400063, Near Western Express Highway",https://www.justdial.com/Mumbai/Big-Bazaar-The-Hub-Mall-Near-Western-Express-Highway-Goregaon-East/022PXX22-XX22-180219062223-G4L8_BZDET?xid=TXVtYmFpIEdyb2NlcnkgU3RvcmVzIEdvcmVnYW9u,Goregaon

Chheda Sales Opposite Kedia Hospital Off MG Road Goregaon West,0.53 KM,4.2,285 Votes,"Shop No 2,3,4 Kiran Industrial Estate, Goregaon West, Mumbai - 400062, Opposite Kedia Hospital, Off MG Road",https://www.justdial.com/Mumbai/Chheda-Sales-Opposite-Kedia-Hospital-Off-MG-Road-Goregaon-West/022P1232729957D5Y5I7_BZDET?xid=TXVtYmFpIEdyb2NlcnkgU3RvcmVzIEdvcmVnYW9u,Goregaon

Central Store Near Anupam Stationary Goregaon East,0.85 KM,4.1,68 Votes,"Accord Classic Shop No.7, Station Road, Goregaon East, Mumbai - 400063, Near Anupam Stationary",https://www.justdial.com/Mumbai/Central-Store-Near-Anupam-Stationary-Goregaon-East/022PXX22-XX22-120222193426-X6T5_BZDET?xid=TXVtYmFpIEdyb2NlcnkgU3RvcmVzIEdvcmVnYW9u,Goregaon

Shanti Dal Mill Opposite Vardan Jewellers Goregaon West,0.71 KM,4.3,131 Votes,"1,2 Old Bora House,, Grampanchyayat Road,, Goregaon West, Mumbai - 400062, Opposite Vardan Jewellers,",https://www.justdial.com/Mumbai/Shanti-Dal-Mill-Opposite-Vardan-Jewellers-Goregaon-West/022P6105009_BZDET?xid=TXVtYmFpIEdyb2NlcnkgU3RvcmVzIEdvcmVnYW9u,Goregaon

Nutan Dal Mill Opposite Hotel Shabri Goregaon West,0.62 KM,3.9,224 Votes,"Shop No 1 & 2, Ganesh Bhavan, M G Road, Goregaon West, Mumbai - 400062, Opposite Hotel Shabri",https://www.justdial.com/Mumbai/Nutan-Dal-Mill-Opposite-Hotel-Shabri-Goregaon-West/022P209550_BZDET?xid=TXVtYmFpIEdyb2NlcnkgU3RvcmVzIEdvcmVnYW9u,Goregaon

Satyam Stores Near Bangur Nagar Chowki Bangur Nagar goregaon West,1.51 KM,4.2,49 Votes,"Shop No 60,Bhanumati Society, Bangur Nagar-goregaon West, Mumbai - 400104, Near Bangur Nagar Chowki",https://www.justdial.com/Mumbai/Satyam-Stores-Near-Bangur-Nagar-Chowki-Bangur-Nagar-goregaon-West/022P1901785_BZDET?xid=TXVtYmFpIEdyb2NlcnkgU3RvcmVzIEdvcmVnYW9u,Goregaon

Mangalore Stores Goregaon West,0.04 KM,4.3,96 Votes,"20, Jawahar Nagar, Swami Vivekanand Marg, Goregaon West, Mumbai - 400104",https://www.justdial.com/Mumbai/Mangalore-Stores-Goregaon-West/022PXX22-XX22-181126202441-R3B5_BZDET?xid=TXVtYmFpIEdyb2NlcnkgU3RvcmVzIEdvcmVnYW9u,Goregaon

Pragati Super Mart NEAR VIJAYA BANK NEAR PHATAK Goregaon West,0.3 KM,3.8,23 Votes,"179/180 KAMLA CHARAN BUILDING, ROAD.2, Goregaon West, Mumbai - 400062, NEAR VIJAYA BANK NEAR PHATAK",https://www.justdial.com/Mumbai/Pragati-Super-Mart-NEAR-VIJAYA-BANK-NEAR-PHATAK-Goregaon-West/022PXX22-XX22-160626200001-I4E3_BZDET?xid=TXVtYmFpIEdyb2NlcnkgU3RvcmVzIEdvcmVnYW9u,Goregaon

First Choice Foodland Opposite Rosary Church Goregaon West,0.87 KM,4.3,9 Votes,"434, Unnat Nagar, Motilal Nagar Ii, Mahatma Gandhi Road, Goregaon West, Mumbai - 400062, Opposite Rosary Church",https://www.justdial.com/Mumbai/First-Choice-Foodland-Opposite-Rosary-Church-Goregaon-West/022PXX22-XX22-190109202509-G8I8_BZDET?xid=TXVtYmFpIEdyb2NlcnkgU3RvcmVzIEdvcmVnYW9u,Goregaon

Laxmi Mart Near Jain Temple Goregaon West,0.29 KM,4.4,106 Votes,"Laxmi Mart, Plot No 76, Hem Kunj, Station Road, Jawaharnagar Road No 1, Goregaon West, Mumbai - 400062, Near Jain Temple",https://www.justdial.com/Mumbai/Laxmi-Mart-Near-Jain-Temple-Goregaon-West/022PXX22-XX22-160630213658-M7Z6_BZDET?xid=TXVtYmFpIEdyb2NlcnkgU3RvcmVzIEdvcmVnYW9u,Goregaon

Chhaya Chana Shop Opp goregaon Boot House Goregaon West,0.62 KM,4.2,23 Votes,"Shop No. 6 Shri Shrimal House, Station Road, Goregaon West, Mumbai - 400062, Opp.goregaon Boot House",https://www.justdial.com/Mumbai/Chhaya-Chana-Shop-Opp-goregaon-Boot-House-Goregaon-West/022PXX22-XX22-000306204399-P3P2_BZDET?xid=TXVtYmFpIEdyb2NlcnkgU3RvcmVzIEdvcmVnYW9u,Goregaon

Popular Stores Near Pritam Hotel Goregaon East,0.93 KM,4.0,106 Votes,"Shop No 2, Kashi Niwas, Aarey Road, Goregaon East, Mumbai - 400063, Near Pritam Hotel",https://www.justdial.com/Mumbai/Popular-Stores-Near-Pritam-Hotel-Goregaon-East/022PXX22-XX22-091024122158-J7W3_BZDET?xid=TXVtYmFpIEdyb2NlcnkgU3RvcmVzIEdvcmVnYW9u,Goregaon

Laxmi Dal Mill Near Ayyapa Temple Road Bangur Nagar goregaon West,1.48 KM,4.0,105 Votes,"Shop No 60, Hiramani Ratan Shopping Centre, Bangur Nagar Police Chowki Street, Bangur Nagar-goregaon West, Mumbai - 400104, Near Ayyapa Temple Road",https://www.justdial.com/Mumbai/Laxmi-Dal-Mill-Near-Ayyapa-Temple-Road-Bangur-Nagar-goregaon-West/022PK009603_BZDET?xid=TXVtYmFpIEdyb2NlcnkgU3RvcmVzIEdvcmVnYW9u,Goregaon

Easy Day Fresh Opposite Goregaon West,0.51 KM,4.4,6 Votes,"Shop Number 9/10 ,Dhanlaxmi Society Ltd, Vivek Niketan Road, Vivek Niketan Roadmahatma Gandhi Road, Goregaon West, Mumbai - 400062, Opposite",https://www.justdial.com/Mumbai/Easy-Day-Fresh-Opposite-Goregaon-West/022PXX22-XX22-180927140450-D1J7_BZDET?xid=TXVtYmFpIEdyb2NlcnkgU3RvcmVzIEdvcmVnYW9u,Goregaon

Samant Bandhu Near Goregaon Station Goregaon West,0.55 KM,4.5,15 Votes,"Shop No.8/A, Shakti Niwas, Station Road, Goregaon West, Mumbai - 400062, Near Goregaon Station",https://www.justdial.com/Mumbai/Samant-Bandhu-Near-Goregaon-Station-Goregaon-West/022PXX22-XX22-000583138984-A6G2_BZDET?xid=TXVtYmFpIEdyb2NlcnkgU3RvcmVzIEdvcmVnYW9u,Goregaon

Simply Organics Opposite Sejal Park Goregaon West,1.17 KM,4.5,16 Votes,"192/1538, Motilal Nagar No. 1, BEST Colony Road, Goregaon West, Mumbai - 400104, Opposite Sejal Park",https://www.justdial.com/Mumbai/Simply-Organics-Opposite-Sejal-Park-Goregaon-West/022PXX22-XX22-180903154724-H3T1_BZDET?xid=TXVtYmFpIEdyb2NlcnkgU3RvcmVzIEdvcmVnYW9u,Goregaon

Ajanta Stores Opposite Janta Dugdhalaya Goregaon West,0.25 KM,4.1,36 Votes,"176/9-10, Jawahar Nagar, Road No. 11, Goregaon West, Mumbai - 400062, Opposite Janta Dugdhalaya",https://www.justdial.com/Mumbai/Ajanta-Stores-Opposite-Janta-Dugdhalaya-Goregaon-West/022PXX22-XX22-120228230958-A7W8_BZDET?xid=TXVtYmFpIEdyb2NlcnkgU3RvcmVzIEdvcmVnYW9u,Goregaon

Easyday Fresh Store Near Satym Park Hall Goregaon Goregaon East,1.37 KM,3.6,59 Votes,"Shop No.4&5,Ground Floor,Bhanukant Complex, (East), Goregaon East, Mumbai - 400063, Near Satym Park Hall Goregaon",https://www.justdial.com/Mumbai/Easyday-Fresh-Store-Near-Satym-Park-Hall-Goregaon-Goregaon-East/022PXX22-XX22-180328025234-J3N1_BZDET?xid=TXVtYmFpIEdyb2NlcnkgU3RvcmVzIEdvcmVnYW9u,Goregaon

Ananda Stores S V Road Goregaon West,0.12 KM,4.1,15 Votes,"15, Jawahar Nagar, Goregaon West, Mumbai - 400062, S V Road",https://www.justdial.com/Mumbai/Ananda-Stores-S-V-Road-Goregaon-West/022PXX22-XX22-120404014224-A6Q7_BZDET?xid=TXVtYmFpIEdyb2NlcnkgU3RvcmVzIEdvcmVnYW9u,Goregaon

Dhiraj Grain Stores Opposite Ambe Mata Mandir Goregaon West,0.36 KM,4.4,20 Votes,"Shop No 71, Road No 1, Goregaon West, Mumbai - 400062, Opposite Ambe Mata Mandir",https://www.justdial.com/Mumbai/Dhiraj-Grain-Stores-Opposite-Ambe-Mata-Mandir-Goregaon-West/022PF016769_BZDET?xid=TXVtYmFpIEdyb2NlcnkgU3RvcmVzIEdvcmVnYW9u,Goregaon

New Chhaya Chana Mart Near New India Cooperative Bank Goregaon West,0.4 KM,4.2,151 Votes,"Shop No 1, Purnima Building, M G Road, Goregaon West, Mumbai - 400104, Near New India Cooperative Bank",https://www.justdial.com/Mumbai/New-Chhaya-Chana-Mart-Near-New-India-Cooperative-Bank-Goregaon-West/022PXX22-XX22-120607152007-F2P3_BZDET?xid=TXVtYmFpIEdyb2NlcnkgU3RvcmVzIEdvcmVnYW9u,Goregaon

Annapoorna Super Market Near Off M G Road Goregaon West,0.75 KM,4.9,8 Votes,"Plot No-81, Shop No-2/3, Nightingale Building, L T Nagar Road No-5r, Goregaon West, Mumbai - 400104, Near Off M G Road",https://www.justdial.com/Mumbai/Annapoorna-Super-Market-Near-Off-M-G-Road-Goregaon-West/022PXX22-XX22-181117113012-E3P5_BZDET?xid=TXVtYmFpIEdyb2NlcnkgU3RvcmVzIEdvcmVnYW9u,Goregaon

Balubhai Dharsi Company Opposite Jain Temple Goregaon West,0.77 KM,4.2,19 Votes,"Shop No 8/9, Tripathi Bhawan, Aarey Road, Goregaon West, Mumbai - 400062, Opposite Jain Temple",https://www.justdial.com/Mumbai/Balubhai-Dharsi-Company-Opposite-Jain-Temple-Goregaon-West/022PXX22-XX22-000483645717-L1D3_BZDET?xid=TXVtYmFpIEdyb2NlcnkgU3RvcmVzIEdvcmVnYW9u,Goregaon

Patel Enterprises Motilal Nagar No 1 Goregaon West,0.78 KM,3.9,11 Votes,"91/727, Goregaon West, Mumbai - 400104, Motilal Nagar No 1",https://www.justdial.com/Mumbai/Patel-Enterprises-Motilal-Nagar-No-1-Goregaon-West/022PXX22-XX22-130228204614-A3L3_BZDET?xid=TXVtYmFpIEdyb2NlcnkgU3RvcmVzIEdvcmVnYW9u,Goregaon

Apna Bazar Goregaon West,0.8 KM,3.9,13 Votes,"Unnatural nagar No-2, Yeshwant nagar Goregaon, Goregaon West, Mumbai - 400062",https://www.justdial.com/Mumbai/Apna-Bazar-Goregaon-West/022PXX22-XX22-121120115306-Y2U7_BZDET?xid=TXVtYmFpIEdyb2NlcnkgU3RvcmVzIEdvcmVnYW9u,Goregaon

Ravi Super Market Near St Thomas School Goregaon East,1.14 KM,4.0,57 Votes,"Shop No 8, Shree Niketan, Pandurang Wadi Road, Goregaon East, Mumbai - 400063, Near St Thomas School",https://www.justdial.com/Mumbai/Ravi-Super-Market-Near-St-Thomas-School-Goregaon-East/022PXX22-XX22-120224202846-D1M1_BZDET?xid=TXVtYmFpIEdyb2NlcnkgU3RvcmVzIEdvcmVnYW9u,Goregaon

Nayak Mangalore Store Near Roasry Church Goregaon West,1 KM,3.9,7 Votes,"Shop No. 95, LT Nagar, MG Road, Goregaon West, Mumbai - 400062, Near Roasry Church",https://www.justdial.com/Mumbai/Nayak-Mangalore-Store-Near-Roasry-Church-Goregaon-West/022P1229503220F6U5Q9_BZDET?xid=TXVtYmFpIEdyb2NlcnkgU3RvcmVzIEdvcmVnYW9u,Goregaon

Oswal Grain Store Near Pandurang Wadi Goregaon East,1.2 KM,4.4,17 Votes,"Road No 1, Madhukar Digambar Deshpande Road, Goregaon East, Mumbai - 400063, Near Pandurang Wadi",https://www.justdial.com/Mumbai/Oswal-Grain-Store-Near-Pandurang-Wadi-Goregaon-East/022PXX22-XX22-130612164602-I2K9_BZDET?xid=TXVtYmFpIEdyb2NlcnkgU3RvcmVzIEdvcmVnYW9u,Goregaon

Banas Oil Shop Centre Opposite Sunder Nagar and Dhl Building Goregaon West,1.61 KM,3.9,11 Votes,"Shop No 2 Tahura Mansion, S V Road, Goregaon West, Mumbai - 400062, Opposite Sunder Nagar and Dhl Building",https://www.justdial.com/Mumbai/Banas-Oil-Shop-Centre-Opposite-Sunder-Nagar-and-Dhl-Building-Goregaon-West/022P5576435_BZDET?xid=TXVtYmFpIEdyb2NlcnkgU3RvcmVzIEdvcmVnYW9u,Goregaon

Niti Stores Near Aarti Shop Goregaon West,0.24 KM,4.2,41 Votes,"Shop No. 156, S V Road, Goregaon West, Mumbai - 400104, Near Aarti Shop",https://www.justdial.com/Mumbai/Niti-Stores-Near-Aarti-Shop-Goregaon-West/022PXX22-XX22-110330123443-X6U6_BZDET?xid=TXVtYmFpIEdyb2NlcnkgU3RvcmVzIEdvcmVnYW9u,Goregaon

Pragati General Store Siddharth Nagar Goregaon West,0.83 KM,4.1,7 Votes,"Shop No 5, Suyojana Co Operative Housing Society, Road No 17, Goregaon West, Mumbai - 400062, Siddharth Nagar",https://www.justdial.com/Mumbai/Pragati-General-Store-Siddharth-Nagar-Goregaon-West/022P1232642398M2G7W5_BZDET?xid=TXVtYmFpIEdyb2NlcnkgU3RvcmVzIEdvcmVnYW9u,Goregaon

Pushpa General Stores Near Govind Shirodkar Wadi Goregaon East,0.89 KM,3.8,6 Votes,"Shop No 2, Govind Shirodkarwadi, Aarey Road, Goregaon East, Mumbai - 400063, Near,Govind Shirodkar Wadi",https://www.justdial.com/Mumbai/Pushpa-General-Stores-Near-Govind-Shirodkar-Wadi-Goregaon-East/022P1074150_BZDET?xid=TXVtYmFpIEdyb2NlcnkgU3RvcmVzIEdvcmVnYW9u,Goregaon

Gala Super Market Opposite Old Best Colony Goregaon West,0.92 KM,3.7,93 Votes,"34/275,Motilal Nagar No-1, Best Nagar,, Goregaon West, Mumbai - 400104, Opposite Old Best Colony",https://www.justdial.com/Mumbai/Gala-Super-Market-Opposite-Old-Best-Colony-Goregaon-West/022PXX22-XX22-130301161858-K1K1_BZDET?xid=TXVtYmFpIEdyb2NlcnkgU3RvcmVzIEdvcmVnYW9u,Goregaon

Amar Ann Bhandar Near Udipi Vihar Hotel Goregaon East,1.02 KM,4.6,13 Votes,"Shop No-9,10 & 11, Coral Park Chsl, Aarey Road, Goregaon East, Mumbai - 400063, Near Udipi Vihar Hotel",https://www.justdial.com/Mumbai/Amar-Ann-Bhandar-Near-Udipi-Vihar-Hotel-Goregaon-East/022PXX22-XX22-140226124900-V4I3_BZDET?xid=TXVtYmFpIEdyb2NlcnkgU3RvcmVzIEdvcmVnYW9u,Goregaon

Truebrew LLP Jaycoach Goregaon East,1.82 KM,4.8,12 Votes,"B/103A Shreyas Industrial Estate, Goregaon East, Mumbai - 400063, Jaycoach",https://www.justdial.com/Mumbai/Truebrew-LLP-Jaycoach-Goregaon-East/022PXX22-XX22-180413095834-Y3T2_BZDET?xid=TXVtYmFpIEdyb2NlcnkgU3RvcmVzIEdvcmVnYW9u,Goregaon

MS Ratilal Devshi Shree Nagar Colony Goregaon West,0.45 KM,4.4,12 Votes,"Shop No.3 & 4, Paras Building, M G Road,, Goregaon West, Mumbai - 400062, Shree Nagar Colony",https://www.justdial.com/Mumbai/MS-Ratilal-Devshi-Shree-Nagar-Colony-Goregaon-West/022P1224540962P8M6L4_BZDET?xid=TXVtYmFpIEdyb2NlcnkgU3RvcmVzIEdvcmVnYW9u,Goregaon

N S Gala General Store Near Union Bank Goregaon East,0.67 KM,4.2,11 Votes,"Shop No.06, Sarvan Mantion, Sonawala Road, Goregaon East, Mumbai - 400063, Near Union Bank",https://www.justdial.com/Mumbai/N-S-Gala-General-Store-Near-Union-Bank-Goregaon-East/022PXX22-XX22-090821205515-G4Q1_BZDET?xid=TXVtYmFpIEdyb2NlcnkgU3RvcmVzIEdvcmVnYW9u,Goregaon

Gujrals Mega Mart Near Tobotil Near State Bank Of India Govandi East,0.57 KM,3.8,13 Votes,"Shop No.18, Govandi Street, Govandi East, Mumbai - 400088, Near Tobotil, Near State Bank Of India",https://www.justdial.com/Mumbai/Gujrals-Mega-Mart-Near-Tobotil-Near-State-Bank-Of-India-Govandi-East/022PXX22-XX22-131227141916-E7I3_BZDET?xid=TXVtYmFpIEdyb2NlcnkgU3RvcmVzIEdvdmFuZGk=,Govandi

S Mart Govandi East,1.05 KM,4.2,30 Votes,"Patil Wadi, Bs Devashi Marg, Govandi East, Mumbai - 400088",https://www.justdial.com/Mumbai/S-Mart-Govandi-East/022PXX22-XX22-181207152358-W5H6_BZDET?xid=TXVtYmFpIEdyb2NlcnkgU3RvcmVzIEdvdmFuZGk=,Govandi

Quality Bakery Govandi East,,4.2,5 Votes,"Shop No. 3,P.L.Lokhnde Marg, Buddha Nagar, Govandi East, Mumbai - 400088",https://www.justdial.com/Mumbai/Quality-Bakery-Govandi-East/022PXX22-XX22-170921171547-T1D4_BZDET?xid=TXVtYmFpIEdyb2NlcnkgU3RvcmVzIEdvdmFuZGk=,Govandi

Dilawar Stores Govandi West,0.8 KM,4.4,10 Votes,"Number 4, Govandi Slums, Indira Nagar, Phase Ii, Shivaji Nagar, Road, Govandi West, Mumbai - 400043",https://www.justdial.com/Mumbai/Dilawar-Stores-Govandi-West/022PXX22-XX22-181207151150-H5D8_BZDET?xid=TXVtYmFpIEdyb2NlcnkgU3RvcmVzIEdvdmFuZGk=,Govandi

Dadi Maa Masala Centre Near Kokan Bank Shivaji Nagar Govandi East,0.92 KM,5.0,5 Votes,"Shop Number.3089 Plot Number.5 Gajanan Colony, Govandi East, Mumbai - 400088, Near Kokan Bank Shivaji Nagar",https://www.justdial.com/Mumbai/Dadi-Maa-Masala-Centre-Near-Kokan-Bank-Shivaji-Nagar-Govandi-East/022PXX22-XX22-180901073442-G1X8_BZDET?xid=TXVtYmFpIEdyb2NlcnkgU3RvcmVzIEdvdmFuZGk=,Govandi

K G N General Store Police Station Govandi West,1.01 KM,4.8,8 Votes,"Shop No 1 Building No 7 C, Mahada Colony, Govandi West, Mumbai - 400043, Police Station",https://www.justdial.com/Mumbai/K-G-N-General-Store-Police-Station-Govandi-West/022PXX22-XX22-151216185026-I1L3_BZDET?xid=TXVtYmFpIEdyb2NlcnkgU3RvcmVzIEdvdmFuZGk=,Govandi

Crown Store Opp Indian Oil Govandi West,1.04 KM,4.6,8 Votes,"Shop No.7, Shankra Colony, Ghatkoper Mandhurd Link Road, Govandi West, Mumbai - 400043, Opp Indian Oil",https://www.justdial.com/Mumbai/Crown-Store-Opp-Indian-Oil-Govandi-West/022PXX22-XX22-180219162206-J4N7_BZDET?xid=TXVtYmFpIEdyb2NlcnkgU3RvcmVzIEdvdmFuZGk=,Govandi

Danapaani Retail Dukes Company Deonar,,4.9,7 Votes,"Majethia Industrial Estate, Wt Patil Marg, Deonar, Mumbai - 400088, Dukes Company",https://www.justdial.com/Mumbai/Danapaani-Retail-Dukes-Company-Deonar/022PXX22-XX22-130725000015-M5L4_BZDET?xid=TXVtYmFpIEdyb2NlcnkgU3RvcmVzIEdvdmFuZGk=,Govandi

Royal General Stores Jogeshwari West,0.89 KM,4.3,119 Votes,"Live Well Co-Operative Housing Society, Beheram Baug Road, Jogeshwari West, Mumbai - 400102",https://www.justdial.com/Mumbai/Royal-General-Stores-Jogeshwari-West/022PXX22-XX22-001166248271-W5E2_BZDET?xid=TXVtYmFpIEdlbmVyYWwgU3RvcmVzIEpvZ2VzaHdhcmk=,Jogeshwari

Salman Medical General Store Opposite Ram Shyam Jogeshwari West,0.78 KM,4.2,167 Votes,"Shop No 4,A Wing Raj Nagar Colony, S V Road, Jogeshwari West, Mumbai - 400102, Opposite Ram Shyam",https://www.justdial.com/Mumbai/Salman-Medical-General-Store-Opposite-Ram-Shyam-Jogeshwari-West/022PXX22-XX22-151222174307-B4P2_BZDET?xid=TXVtYmFpIEdlbmVyYWwgU3RvcmVzIEpvZ2VzaHdhcmk=,Jogeshwari

Obaid Medical General Store Below Malika Hospital Jogeshwari West,0.19 KM,4.1,252 Votes,"Shop No 6, R B Sharma Centre, S V Road, Jogeshwari West, Mumbai - 400102, Below Malika Hospital",https://www.justdial.com/Mumbai/Obaid-Medical-General-Store-Below-Malika-Hospital-Jogeshwari-West/022PXX22-XX22-160910182745-P2C3_BZDET?xid=TXVtYmFpIEdlbmVyYWwgU3RvcmVzIEpvZ2VzaHdhcmk=,Jogeshwari

Omair Medical General Store Opposite Raj Nagar Jogeshwari West,0.77 KM,4.1,184 Votes,"Shop Number 2, Rippon Apartment, S V Road, Jogeshwari West, Mumbai - 400102, Opposite Raj Nagar",https://www.justdial.com/Mumbai/Omair-Medical-General-Store-Opposite-Raj-Nagar-Jogeshwari-West/022PK007248_BZDET?xid=TXVtYmFpIEdlbmVyYWwgU3RvcmVzIEpvZ2VzaHdhcmk=,Jogeshwari

Huda Medical General Stores Opposite Orbit Eye Centre Jogeshwari West,0.78 KM,3.7,34 Votes,"Shop No. B/4, Ripon Apartment, S V Road, Jogeshwari West, Mumbai - 400102, Opposite Orbit Eye Centre",https://www.justdial.com/Mumbai/Huda-Medical-General-Stores-Opposite-Orbit-Eye-Centre-Jogeshwari-West/022P1233081520I5S6Q9_BZDET?xid=TXVtYmFpIEdlbmVyYWwgU3RvcmVzIEpvZ2VzaHdhcmk=,Jogeshwari

Royal General Store Opp Fish Market Jogeshwari West,0.88 KM,4.3,148 Votes,"Live Wel Co-Op. Housing Society, Behram Baug, Jogeshwari West, Mumbai - 400102, Opp Fish Market",https://www.justdial.com/Mumbai/Royal-General-Store-Opp-Fish-Market-Jogeshwari-West/022PXX22-XX22-160909162759-A7R6_BZDET?xid=TXVtYmFpIEdlbmVyYWwgU3RvcmVzIEpvZ2VzaHdhcmk=,Jogeshwari

Arihant Medical General Store Opposite Ismail Yusuf College Jogeshwari East,0.66 KM,4.3,33 Votes,"Shop No 1, Shree Niketan Building, Hfs Road, Jogeshwari East, Mumbai - 400060, Opposite Ismail Yusuf College",https://www.justdial.com/Mumbai/Arihant-Medical-General-Store-Opposite-Ismail-Yusuf-College-Jogeshwari-East/022PF015268_BZDET?xid=TXVtYmFpIEdlbmVyYWwgU3RvcmVzIEpvZ2VzaHdhcmk=,Jogeshwari

Ashoka Medical General Store Near Ismael Yusuf College Ground Jogeshwari East,0.58 KM,4.5,19 Votes,"Shop No. 2, Nilesh Building, Jogeshwari East, Mumbai - 400060, Near Ismael Yusuf College Ground",https://www.justdial.com/Mumbai/Ashoka-Medical-General-Store-Near-Ismael-Yusuf-College-Ground-Jogeshwari-East/022P5401226_BZDET?xid=TXVtYmFpIEdlbmVyYWwgU3RvcmVzIEpvZ2VzaHdhcmk=,Jogeshwari

Hayat Medical General Store Near millat nurshing home Jogeshwari West,0.5 KM,3.8,20 Votes,"Shop No 4, Markaz View, S V Road, Jogeshwari West, Mumbai - 400102, Near millat nurshing home",https://www.justdial.com/Mumbai/Hayat-Medical-General-Store-Near-millat-nurshing-home-Jogeshwari-West/022P1231354550N2N1V4_BZDET?xid=TXVtYmFpIEdlbmVyYWwgU3RvcmVzIEpvZ2VzaHdhcmk=,Jogeshwari

Prakash Medical Store Natwar Nagar Jogeshwari East,1.06 KM,4.1,35 Votes,"Shop No 3/4, Tivoli Terrace, Road No 5, Jogeshwari East, Mumbai - 400060, Natwar Nagar",https://www.justdial.com/Mumbai/Prakash-Medical-Store-Natwar-Nagar-Jogeshwari-East/022PAPP20071229IROJ5735360_BZDET?xid=TXVtYmFpIEdlbmVyYWwgU3RvcmVzIEpvZ2VzaHdhcmk=,Jogeshwari

Apna Medical General Stores Near Hotel Firdoss Jogeshwari West,1.16 KM,4.5,23 Votes,"Shop No 3 Hasanabad Apartment, Behram Baug Road, Jogeshwari West, Mumbai - 400102, Near Hotel Firdoss",https://www.justdial.com/Mumbai/Apna-Medical-General-Stores-Near-Hotel-Firdoss-Jogeshwari-West/022P5591077_BZDET?xid=TXVtYmFpIEdlbmVyYWwgU3RvcmVzIEpvZ2VzaHdhcmk=,Jogeshwari

Chamunda Medical General Stores Natwar Nagar Jogeshwari East,1.23 KM,3.7,24 Votes,"3/12, Sahyadri Cottage, P P Dias Compound, Road No 5, Jogeshwari East, Mumbai - 400060, Natwar Nagar",https://www.justdial.com/Mumbai/Chamunda-Medical-General-Stores-Natwar-Nagar-Jogeshwari-East/022PXX22-XX22-120829001246-R9F3_BZDET?xid=TXVtYmFpIEdlbmVyYWwgU3RvcmVzIEpvZ2VzaHdhcmk=,Jogeshwari

Usha Stores Near Bank Of Baroda Jogeshwari East,0.54 KM,3.9,20 Votes,"Shop No. 4-B, Interlink Co Operative Housing Society, Caves Road, Jogeshwari East, Mumbai - 400060, Near Bank Of Baroda",https://www.justdial.com/Mumbai/Usha-Stores-Near-Bank-Of-Baroda-Jogeshwari-East/022P1238688207F9X3P7_BZDET?xid=TXVtYmFpIEdlbmVyYWwgU3RvcmVzIEpvZ2VzaHdhcmk=,Jogeshwari

Rathod Medical and General Store Near Hdfc Bank Jogeshwari East,0.54 KM,4.5,10 Votes,"Shop No 5, Aradhna Building,Hardevi Society, Station Road, Jogeshwari East, Mumbai - 400060, Near Hdfc Bank",https://www.justdial.com/Mumbai/Rathod-Medical-and-General-Store-Near-Hdfc-Bank-Jogeshwari-East/022PXX22-XX22-171123072223-M8X7_BZDET?xid=TXVtYmFpIEdlbmVyYWwgU3RvcmVzIEpvZ2VzaHdhcmk=,Jogeshwari

Jolly Medical And General Store Opposite Linkway Hospital Near Mahatma Gandhi School Jogeshwari West,1.34 KM,4.1,10 Votes,"Shop No 14A/14/B, CB Shaikh Estate, Jogeshwari West, Mumbai - 400102, Opposite Linkway Hospital, Near Mahatma Gandhi School",https://www.justdial.com/Mumbai/Jolly-Medical-And-General-Store-Opposite-Linkway-Hospital-Near-Mahatma-Gandhi-School-Jogeshwari-West/022PXX22-XX22-001127920809-K4W1_BZDET?xid=TXVtYmFpIEdlbmVyYWwgU3RvcmVzIEpvZ2VzaHdhcmk=,Jogeshwari

Shifa Medical And General Store Opposite Dheeraj Gaurav Heights Behram Baug Jogeshwari West,1.46 KM,4.1,13 Votes,"Shop No 20 Gaondevi Co-Operating Housing Society Building, New Link Road, Jogeshwari West, Mumbai - 400102, Opposite Dheeraj Gaurav Heights, Behram Baug",https://www.justdial.com/Mumbai/Shifa-Medical-And-General-Store-Opposite-Dheeraj-Gaurav-Heights-Behram-Baug-Jogeshwari-West/022PXX22-XX22-150728201704-K5C7_BZDET?xid=TXVtYmFpIEdlbmVyYWwgU3RvcmVzIEpvZ2VzaHdhcmk=,Jogeshwari

K P Store Near railway station Jogeshwari West,0.08 KM,4.6,6 Votes,"Shop no. 2 tulsi niwas, Patel estate road, Jogeshwari West, Mumbai - 400102, Near railway station",https://www.justdial.com/Mumbai/K-P-Store-Near-railway-station-Jogeshwari-West/022PXX22-XX22-160511191225-Z2M3_BZDET?xid=TXVtYmFpIEdlbmVyYWwgU3RvcmVzIEpvZ2VzaHdhcmk=,Jogeshwari

Shifa Medical General Stores Near Momin Nagar Near Jogeshwari Station Jogeshwari West,0.16 KM,4.0,33 Votes,"Shop No 4, Annazir Building, Patel Estate Road, Jogeshwari West, Mumbai - 400102, Near Momin Nagar, Near Jogeshwari Station",https://www.justdial.com/Mumbai/Shifa-Medical-General-Stores-Near-Momin-Nagar-Near-Jogeshwari-Station-Jogeshwari-West/022PXX22-XX22-110217203500-X8U9_BZDET?xid=TXVtYmFpIEdlbmVyYWwgU3RvcmVzIEpvZ2VzaHdhcmk=,Jogeshwari

Tawakkal General Stores Opp Agarwal Estate Jogeshwari West,0.58 KM,3.7,5 Votes,"shop no 1, Prathmesh Kutir, Jogeshwari West, Mumbai - 400102, Opp Agarwal Estate",https://www.justdial.com/Mumbai/Tawakkal-General-Stores-Opp-Agarwal-Estate-Jogeshwari-West/022PXX22-XX22-160215111216-I5M2_BZDET?xid=TXVtYmFpIEdlbmVyYWwgU3RvcmVzIEpvZ2VzaHdhcmk=,Jogeshwari

Shree Saraswati General Store Near Post Office Jogeshwari East,0.63 KM,3.9,70 Votes,"Shop No 1, Rathod Niwas, H F Society Road, Jogeshwari East, Mumbai - 400060, Near Post Office",https://www.justdial.com/Mumbai/Shree-Saraswati-General-Store-Near-Post-Office-Jogeshwari-East/022P1234437189A7V8K6_BZDET?xid=TXVtYmFpIEdlbmVyYWwgU3RvcmVzIEpvZ2VzaHdhcmk=,Jogeshwari

Salman Chemist Near Mahatma Gandhi School Jogeshwari West,0.78 KM,4.0,88 Votes,"Shop No 1, Gautam Nagar, Behram Baug Road, Jogeshwari West, Mumbai - 400102, Near Mahatma Gandhi School,",https://www.justdial.com/Mumbai/Salman-Chemist-Near-Mahatma-Gandhi-School-Jogeshwari-West/022PXX22-XX22-000243198998-G6L3_BZDET?xid=TXVtYmFpIEdlbmVyYWwgU3RvcmVzIEpvZ2VzaHdhcmk=,Jogeshwari

B1 MART NEAR AXIS BANK ATM Jogeshwari East,0.92 KM,4.8,16 Votes,"SHOP NO 3 & 4 THAKUR NAGER, MAJAS ROAD, Jogeshwari East, Mumbai - 400060, NEAR.AXIS BANK ATM",https://www.justdial.com/Mumbai/B1-MART-NEAR-AXIS-BANK-ATM-Jogeshwari-East/022PXX22-XX22-150512183749-X9R2_BZDET?xid=TXVtYmFpIEdlbmVyYWwgU3RvcmVzIEpvZ2VzaHdhcmk=,Jogeshwari

Liberty General Stores Near Khoja Jamat Khana Behram Baug Jogeshwari West,1.1 KM,4.4,6 Votes,"Shop No 13, New Ekta Buildling, Near Khoja Jamat Khana, Behram Baug, Jogeshwari West, Mumbai - 400102, Near Khoja Jamat Khana, Behram Baug",https://www.justdial.com/Mumbai/Liberty-General-Stores-Near-Khoja-Jamat-Khana-Behram-Baug-Jogeshwari-West/022PXX22-XX22-110330120438-P2X7_BZDET?xid=TXVtYmFpIEdlbmVyYWwgU3RvcmVzIEpvZ2VzaHdhcmk=,Jogeshwari

JB Medical General Store Kadam Nagar Behram Baug Jogeshwari West,1.52 KM,4.5,7 Votes,"Shop No 16, Behrambaug, Scout Camp Road, Link Road, Behram Baug-Jogeshwari West, Mumbai - 400102, Kadam Nagar",https://www.justdial.com/Mumbai/JB-Medical-General-Store-Kadam-Nagar-Behram-Baug-Jogeshwari-West/022PXX22-XX22-120326195510-E6X9_BZDET?xid=TXVtYmFpIEdlbmVyYWwgU3RvcmVzIEpvZ2VzaHdhcmk=,Jogeshwari

New Mahavir Medical General Stores Near Santosh Nagar Behram Baugh Adarsh Nagar Jogeshwari West,1.57 KM,4.1,42 Votes,"Shop No 1, Loric Yadav Chawl, Scout Camp Road, Jogeshwari West, Mumbai - 400102, Near Santosh Nagar, Behram Baugh, Adarsh Nagar",https://www.justdial.com/Mumbai/New-Mahavir-Medical-General-Stores-Near-Santosh-Nagar-Behram-Baugh-Adarsh-Nagar-Jogeshwari-West/022PXX22-XX22-000535516760-V8A3_BZDET?xid=TXVtYmFpIEdlbmVyYWwgU3RvcmVzIEpvZ2VzaHdhcmk=,Jogeshwari

Om Enterprises Opposite Darshan Dairy Mina International Hotel Jogeshwari West,0.22 KM,3.9,10 Votes,"4-Shakuntala Apartments, S V Road,Jogeshwari West, Jogeshwari West, Mumbai - 400102, Opposite Darshan Dairy & Mina International Hotel",https://www.justdial.com/Mumbai/Om-Enterprises-Opposite-Darshan-Dairy-Mina-International-Hotel-Jogeshwari-West/022PXX22-XX22-120503225927-S5A3_BZDET?xid=TXVtYmFpIEdlbmVyYWwgU3RvcmVzIEpvZ2VzaHdhcmk=,Jogeshwari

Madina Medical General Store Opp Meena International Hotel Jogeshwari West,0.43 KM,4.7,18 Votes,"Shop No 5, Malkani Tower, Bandivali Hill Road, Jogeshwari West, Mumbai - 400102, Opp Meena International Hotel",https://www.justdial.com/Mumbai/Madina-Medical-General-Store-Opp-Meena-International-Hotel-Jogeshwari-West/022PXX22-XX22-130207152412-H5M6_BZDET?xid=TXVtYmFpIEdlbmVyYWwgU3RvcmVzIEpvZ2VzaHdhcmk=,Jogeshwari

Sudha General Store Under Balasaheb Thakre Bridge Jogeshwari East,0.43 KM,4.8,12 Votes,"Shop No 178, Subhash Road, Jogeshwari East, Mumbai - 400060, Under Balasaheb Thakre Bridge",https://www.justdial.com/Mumbai/Sudha-General-Store-Under-Balasaheb-Thakre-Bridge-Jogeshwari-East/022PXX22-XX22-141203190417-V7F6_BZDET?xid=TXVtYmFpIEdlbmVyYWwgU3RvcmVzIEpvZ2VzaHdhcmk=,Jogeshwari

Nut Pulse Super Shoppe Opposite Juhu Post Office Juhu,1.25 KM,4.2,123 Votes,"Shop No 6 & 7, A B Nair Road, Juhu, Mumbai - 400049, Opposite Juhu Post Office",https://www.justdial.com/Mumbai/Nut-Pulse-Super-Shoppe-Opposite-Juhu-Post-Office-Juhu/022PXX22-XX22-000924725427-S4H8_BZDET?xid=TXVtYmFpIEdlbmVyYWwgU3RvcmVzIEp1aHU=,Juhu

Roman General Stores J V P D Scheme Near Gagandeep Bus Stop Juhu,1.53 KM,3.8,33 Votes,"Shop No 4, Om Satya Deep Society, Gulmohar Cross Road No.7, Juhu, Mumbai - 400049, J V P D Scheme,Near Gagandeep Bus Stop",https://www.justdial.com/Mumbai/Roman-General-Stores-J-V-P-D-Scheme-Near-Gagandeep-Bus-Stop-Juhu/022PXX22-XX22-131231162447-K6A6_BZDET?xid=TXVtYmFpIEdlbmVyYWwgU3RvcmVzIEp1aHU=,Juhu

Amardeep Grain And Provision Stores Juhu Koliwada,1.73 KM,4.2,6 Votes,"Juhu Ruturaj Co Operative Housing Society, Juhu Road, Juhu Koliwada, Mumbai - 400049",https://www.justdial.com/Mumbai/Amardeep-Grain-And-Provision-Stores-Juhu-Koliwada/022PXX22-XX22-171223202417-K7T3_BZDET?xid=TXVtYmFpIEdlbmVyYWwgU3RvcmVzIEp1aHU=,Juhu

Juhu General Stores Near Juhu Church Juhu,1.12 KM,3.5,12 Votes,"Shop No.5, Kesar House, Juhu Church Road, Juhu, Mumbai - 400049, Near Juhu Church",https://www.justdial.com/Mumbai/Juhu-General-Stores-Near-Juhu-Church-Juhu/022PXX22-XX22-000375050938-E8X0_BZDET?xid=TXVtYmFpIEdlbmVyYWwgU3RvcmVzIEp1aHU=,Juhu

Dhiraj Stores Opposite Hare Rama Krishna Temple Juhu,1.4 KM,4.0,26 Votes,"Near Mukteshwar Temple, Juhu-church Road, Juhu, Mumbai - 400049, Opposite Hare Rama Krishna Temple",https://www.justdial.com/Mumbai/Dhiraj-Stores-Opposite-Hare-Rama-Krishna-Temple-Juhu/022P1233586316Y7L7L3_BZDET?xid=TXVtYmFpIEdlbmVyYWwgU3RvcmVzIEp1aHU=,Juhu

Shah Leeladhar Devji Company Near Juhu Church Market Juhu,1.06 KM,3.9,14 Votes,"G/50, Kesar House, Juhu Church Road, Juhu, Mumbai - 400049, Near Juhu Church & Market",https://www.justdial.com/Mumbai/Shah-Leeladhar-Devji-Company-Near-Juhu-Church-Market-Juhu/022POCE0386_BZDET?xid=TXVtYmFpIEdlbmVyYWwgU3RvcmVzIEp1aHU=,Juhu

Central Store Gavthan No 2 Juhu,1.15 KM,4.4,27 Votes,"G/52, Juhu Church Road, Juhu, Mumbai - 400049, Gavthan No 2",https://www.justdial.com/Mumbai/Central-Store-Gavthan-No-2-Juhu/022P812721_BZDET?xid=TXVtYmFpIEdlbmVyYWwgU3RvcmVzIEp1aHU=,Juhu

Mahavir General Store Juhu,,3.6,5 Votes,"Juhu Koliwada, Azad Road, Juhu, Mumbai - 400049",https://www.justdial.com/Mumbai/Mahavir-General-Store-Juhu/022P1225780641N6I9R6_BZDET?xid=TXVtYmFpIEdlbmVyYWwgU3RvcmVzIEp1aHU=,Juhu

Balaji Medical General Store Near Juhu Post Office Juhu,1.24 KM,3.9,32 Votes,"Shop No.05, Sutari House, A B Nair Road, Juhu, Mumbai - 400049, Near Juhu Post Office",https://www.justdial.com/Mumbai/Balaji-Medical-General-Store-Near-Juhu-Post-Office-Juhu/022P1233956336Y6X2Q9_BZDET?xid=TXVtYmFpIEdlbmVyYWwgU3RvcmVzIEp1aHU=,Juhu

Shree Neelam Stores Near Juhu Chruch Near Iskcon Temple Juhu,1.45 KM,3.9,12 Votes,"Shop No 01,, Gandhigram Road, Juhu, Mumbai - 400049, Near Juhu Chruch, Near Iskcon Temple",https://www.justdial.com/Mumbai/Shree-Neelam-Stores-Near-Juhu-Chruch-Near-Iskcon-Temple-Juhu/022PXX22-XX22-000874790657-L1M8_BZDET?xid=TXVtYmFpIEdlbmVyYWwgU3RvcmVzIEp1aHU=,Juhu

Khimasia General Stores Opp Costa Coffee Lane Juhu,1.53 KM,4.3,11 Votes,"Shop No-04, Gandeep Building, Gulmohar Cross Road No-07, Juhu, Mumbai - 400049, Opp Costa Coffee Lane",https://www.justdial.com/Mumbai/Khimasia-General-Stores-Opp-Costa-Coffee-Lane-Juhu/022PXX22-XX22-140305152557-L1I3_BZDET?xid=TXVtYmFpIEdlbmVyYWwgU3RvcmVzIEp1aHU=,Juhu

Guruswami General Store Juhu,0.29 KM,4.0,6 Votes,"Nehru Nagar, Airport Area, Juhu, Mumbai - 400049",https://www.justdial.com/Mumbai/Guruswami-General-Store-Juhu/022PXX22-XX22-200702103319-Q8D4_BZDET?xid=TXVtYmFpIEdlbmVyYWwgU3RvcmVzIEp1aHU=,Juhu

Regal General Stores Juhu,1.05 KM,3.6,5 Votes,"BMC Market, N S Road No 5 Jvpd Scheme,Near Garibdas Society, Juhu, Mumbai, BMC Market, Juhu, Mumbai - 400049",https://www.justdial.com/Mumbai/Regal-General-Stores-Juhu/022PXX22-XX22-110321235800-R4N2_BZDET?xid=TXVtYmFpIEdlbmVyYWwgU3RvcmVzIEp1aHU=,Juhu

Jayanti Super Bazar Near Juhu Post Office Juhu,1.21 KM,4.0,20 Votes,"Gosar Niwas, Juhu Church Road, Juhu, Mumbai - 400049, Near Juhu Post Office",https://www.justdial.com/Mumbai/Jayanti-Super-Bazar-Near-Juhu-Post-Office-Juhu/022P1203815_BZDET?xid=TXVtYmFpIEdlbmVyYWwgU3RvcmVzIEp1aHU=,Juhu

Twinkle General Store Near Plus 91 Restaurant Opp Doctor Pradhant Dental Juhu,1.54 KM,3.9,7 Votes,"Shop No03, Gyandeep Co Op HSG Society, Gulmohar Cross Road No 7, Juhu, Mumbai - 400049, Near Plus 91 Restaurant, Opp. Doctor Pradhant Dental",https://www.justdial.com/Mumbai/Twinkle-General-Store-Near-Plus-91-Restaurant-Opp-Doctor-Pradhant-Dental-Juhu/022PXX22-XX22-140305110839-L4D7_BZDET?xid=TXVtYmFpIEdlbmVyYWwgU3RvcmVzIEp1aHU=,Juhu

M C Shop Juhu,1.55 KM,5.0,5 Votes,"Juhu Tara Road, Juhu, Mumbai - 400049",https://www.justdial.com/Mumbai/M-C-Shop-Juhu/022PXX22-XX22-181203212625-A5P6_BZDET?xid=TXVtYmFpIEdlbmVyYWwgU3RvcmVzIEp1aHU=,Juhu

Khimasia General Stores Juhu Scheme Juhu,1.55 KM,4.3,11 Votes,"Gyandeep Society, 7, Gulmohar Rd, Juhu, Mumbai - 400049, Juhu Scheme",https://www.justdial.com/Mumbai/Khimasia-General-Stores-Juhu-Scheme-Juhu/022PXX22-XX22-191119170102-N2A5_BZDET?xid=TXVtYmFpIEdlbmVyYWwgU3RvcmVzIEp1aHU=,Juhu

Zam Zam Traders Juhu,1.91 KM,3.7,7 Votes,"Shop No. Kwg A4231/2 Gally Scheme, Juhu, Mumbai - 400049",https://www.justdial.com/Mumbai/Zam-Zam-Traders-Juhu/022PXX22-XX22-181222172028-D4D7_BZDET?xid=TXVtYmFpIEdlbmVyYWwgU3RvcmVzIEp1aHU=,Juhu

Alfa 1 Near Cooper Hospital Vile Parle West,1.19 KM,3.9,2842 Votes,"116/A, Oskar House, Irla Society Road, Vile Parle West, Mumbai - 400056, Near Cooper Hospital",https://www.justdial.com/Mumbai/Alfa-1-Near-Cooper-Hospital-Vile-Parle-West/022P1916616_BZDET?xid=TXVtYmFpIEdlbmVyYWwgU3RvcmVzIEp1aHU=,Juhu

Heersons Stores Near Railway Station Agarwal Market Vile Parle East,1.48 KM,4.4,1013 Votes,"A/9, Agarwalmarket, Tejpal Road, Vile Parle East, Mumbai - 400057, Near Railway Station, Agarwal Market",https://www.justdial.com/Mumbai/Heersons-Stores-Near-Railway-Station-Agarwal-Market-Vile-Parle-East/022PGE01608_BZDET?xid=TXVtYmFpIEdlbmVyYWwgU3RvcmVzIEp1aHU=,Juhu

Vijay Stores Opposite Ram Mandir Vile Parle East,1.58 KM,4.1,249 Votes,"4, Sahajeevan, Shraddhanand Road, Vile Parle East, Mumbai - 400057, Opposite Ram Mandir",https://www.justdial.com/Mumbai/Vijay-Stores-Opposite-Ram-Mandir-Vile-Parle-East/022PF002566_BZDET?xid=TXVtYmFpIEdlbmVyYWwgU3RvcmVzIEp1aHU=,Juhu

Atul Stores Near Vishwa Karma Hall Vile Parle West,1.29 KM,4.1,344 Votes,"Shop No 2, Laxmi Darshan Building, Bajaj Road, Vile Parle West, Mumbai - 400056, Near Vishwa Karma Hall",https://www.justdial.com/Mumbai/Atul-Stores-Near-Vishwa-Karma-Hall-Vile-Parle-West/022PF011939_BZDET?xid=TXVtYmFpIEdlbmVyYWwgU3RvcmVzIEp1aHU=,Juhu

Neel Kamal Medical General Stores Near Irla Bridge Andheri West,1.83 KM,4.0,43 Votes,"7 Shiv Ashish, S.v Road, Andheri West, Mumbai - 400058, Near Irla Bridge",https://www.justdial.com/Mumbai/Neel-Kamal-Medical-General-Stores-Near-Irla-Bridge-Andheri-West/022P1002969_BZDET?xid=TXVtYmFpIEdlbmVyYWwgU3RvcmVzIEp1aHU=,Juhu

Vishnu Stores Near Parleshwar Temple Vile Parle East,1.62 KM,4.3,167 Votes,"Shop No 1 Paranjpe Wadi, M G Road, Vile Parle East, Mumbai - 400057, Near Parleshwar Temple",https://www.justdial.com/Mumbai/Vishnu-Stores-Near-Parleshwar-Temple-Vile-Parle-East/022PK059062_BZDET?xid=TXVtYmFpIEdlbmVyYWwgU3RvcmVzIEp1aHU=,Juhu

Real Medical General Store Near Milan Subway Junction Rizvi Nagar Santacruz West,1.46 KM,4.0,82 Votes,"Shop No 17, Rizvi Nagar, S V Road, Santacruz West, Mumbai - 400054, Near Milan Subway Junction, Rizvi Nagar",https://www.justdial.com/Mumbai/Real-Medical-General-Store-Near-Milan-Subway-Junction-Rizvi-Nagar-Santacruz-West/022PF013352_BZDET?xid=TXVtYmFpIEdlbmVyYWwgU3RvcmVzIEp1aHU=,Juhu

Murgan Store Nehru Nagar Vile Parle West,,4.1,8 Votes,"Shop No. 1, Marchant Chawl, Vile Parle West, Mumbai - 400056, Nehru Nagar",https://www.justdial.com/Mumbai/Murgan-Store-Nehru-Nagar-Vile-Parle-West/022PXX22-XX22-170706173008-G7D4_BZDET?xid=TXVtYmFpIEdlbmVyYWwgU3RvcmVzIEp1aHU=,Juhu

Ambika Daily Fresh Near ICICI Prudential Life Insurance Company Ltd Andheri West,1.83 KM,4.1,42 Votes,"68 Shop No 8 Shiv Ashish, S V Road, Andheri West, Mumbai - 400058, Near ICICI Prudential Life Insurance Company Ltd",https://www.justdial.com/Mumbai/Ambika-Daily-Fresh-Near-ICICI-Prudential-Life-Insurance-Company-Ltd-Andheri-West/022PXX22-XX22-180810140146-Z7R8_BZDET?xid=TXVtYmFpIEdlbmVyYWwgU3RvcmVzIEp1aHU=,Juhu

Parlekar Masala Supermarket Opposite Railway Station Vile Parle East,1.44 KM,4.0,76 Votes,"Shop No. 15 16 , Vanmalidas Compund, Tejpal Road, Vile Parle East, Mumbai - 400057, Opposite Railway Station",https://www.justdial.com/Mumbai/Parlekar-Masala-Supermarket-Opposite-Railway-Station-Vile-Parle-East/022PF004623_BZDET?xid=TXVtYmFpIEdlbmVyYWwgU3RvcmVzIEp1aHU=,Juhu

Kamat Medical General Stores Opposite Madina Stores Near Railway Fatak Vile Parle West,1.36 KM,3.5,39 Votes,"79 A, St Francis Road, Vile Parle West, Mumbai - 400056, Opposite Madina Stores Near Railway Fatak",https://www.justdial.com/Mumbai/Kamat-Medical-General-Stores-Opposite-Madina-Stores-Near-Railway-Fatak-Vile-Parle-West/022PXX22-XX22-111209160145-Y9K7_BZDET?xid=TXVtYmFpIEdlbmVyYWwgU3RvcmVzIEp1aHU=,Juhu

Sonal General Stores Opp Chandan Niwas Vile Parle West,1.28 KM,4.7,24 Votes,"Shop No.9, Laxmi Darshan, Bajaj Road, Vile Parle West, Mumbai - 400056, Opp. Chandan Niwas",https://www.justdial.com/Mumbai/Sonal-General-Stores-Opp-Chandan-Niwas-Vile-Parle-West/022PXX22-XX22-120301010727-Z7C6_BZDET?xid=TXVtYmFpIEdlbmVyYWwgU3RvcmVzIEp1aHU=,Juhu

Deepak Stores Opposite Bank Of Baroda Vile Parle West,1.14 KM,4.2,12 Votes,"Shop No 2, Shrikrishna Niwas, D J Road, Vile Parle West, Mumbai - 400056, Opposite Bank Of Baroda",https://www.justdial.com/Mumbai/Deepak-Stores-Opposite-Bank-Of-Baroda-Vile-Parle-West/022P1923611_BZDET?xid=TXVtYmFpIEdlbmVyYWwgU3RvcmVzIEp1aHU=,Juhu

Janta General Stores Opposite Mcdonalds Vile Parle West,1.29 KM,4.2,22 Votes,"Shop No 1, Nirmal Building, D J Road, Vile Parle West, Mumbai - 400056, Opposite Mcdonalds",https://www.justdial.com/Mumbai/Janta-General-Stores-Opposite-Mcdonalds-Vile-Parle-West/022PF014697_BZDET?xid=TXVtYmFpIEdlbmVyYWwgU3RvcmVzIEp1aHU=,Juhu

Vijay Provision General Stores Near Parle Tilak Vidyalaya Vile Parle East,1.98 KM,4.1,42 Votes,"1/2, Nandanvan, Tejpal Scheme Main Road, Vile Parle East, Mumbai - 400057, Near Parle Tilak Vidyalaya",https://www.justdial.com/Mumbai/Vijay-Provision-General-Stores-Near-Parle-Tilak-Vidyalaya-Vile-Parle-East/022P1201404_BZDET?xid=TXVtYmFpIEdlbmVyYWwgU3RvcmVzIEp1aHU=,Juhu

Sohini Provision Stores Near Bank Of Baroda Vile Parle West,1.14 KM,3.6,33 Votes,"Shop No 2, Sohinin Apartment, Dashrathlal Joshi Marg, Vile Parle West, Mumbai - 400056, Near Bank Of Baroda",https://www.justdial.com/Mumbai/Sohini-Provision-Stores-Near-Bank-Of-Baroda-Vile-Parle-West/022PXX22-XX22-000121325618-X2K3_BZDET?xid=TXVtYmFpIEdlbmVyYWwgU3RvcmVzIEp1aHU=,Juhu

Sunshine Medical General Store Opposite Catholic Syrian Bank Vile Parle West,1.26 KM,3.8,53 Votes,"Shop No 11 Shiv Kesar Co-operative Housing Society, Baptists Road, Vile Parle West, Mumbai - 400056, Opposite Catholic Syrian Bank",https://www.justdial.com/Mumbai/Sunshine-Medical-General-Store-Opposite-Catholic-Syrian-Bank-Vile-Parle-West/022PXX22-XX22-090822112858-Q1J1_BZDET?xid=TXVtYmFpIEdlbmVyYWwgU3RvcmVzIEp1aHU=,Juhu

Jagdamba Chemist General Store Santacruz West,1.23 KM,4.3,35 Votes,"Shop No.15/16, Dheeraj Residency II, Linking Road Extn, Santacruz West, Mumbai - 400054",https://www.justdial.com/Mumbai/Jagdamba-Chemist-General-Store-Santacruz-West/022P1233694113P6K2X5_BZDET?xid=TXVtYmFpIEdlbmVyYWwgU3RvcmVzIEp1aHU=,Juhu

Suvidha Medical General Store Opposite Ramkrishna Hotel Corner Of Nehru Road Vile Parle East,1.43 KM,4.3,22 Votes,"Vanmali Compound, Shop No 240, Vile Parle East, Mumbai - 400057, Opposite Ramkrishna Hotel, Corner Of Nehru Road",https://www.justdial.com/Mumbai/Suvidha-Medical-General-Store-Opposite-Ramkrishna-Hotel-Corner-Of-Nehru-Road-Vile-Parle-East/022PXX22-XX22-000759442475-Z1V7_BZDET?xid=TXVtYmFpIEdlbmVyYWwgU3RvcmVzIEp1aHU=,Juhu

Talika Department Stores Opposite Mcdonald Vile Parle West,0.96 KM,4.1,10 Votes,"Shop No 6 & 7, 113, Anant Building, D J Road, Vile Parle West, Mumbai - 400056, Opposite Mcdonald",https://www.justdial.com/Mumbai/Talika-Department-Stores-Opposite-Mcdonald-Vile-Parle-West/022PXX22-XX22-121120123812-E9N3_BZDET?xid=TXVtYmFpIEdlbmVyYWwgU3RvcmVzIEp1aHU=,Juhu

Kamlesh General Store Santacruz West,1.24 KM,4.8,15 Votes,"Shop No 5 Daulat Nagar, Linking Road, Santacruz West, Mumbai - 400054",https://www.justdial.com/Mumbai/Kamlesh-General-Store-Santacruz-West/022PXX22-XX22-160526134535-K4I3_BZDET?xid=TXVtYmFpIEdlbmVyYWwgU3RvcmVzIEp1aHU=,Juhu

Ahmed Dawood Opp Railway Station Vile Parle West,1.34 KM,3.6,8 Votes,"Ashok Kumar Panachand Building, V P Road, Vile Parle West, Mumbai - 400056, Opp. Railway Station,",https://www.justdial.com/Mumbai/Ahmed-Dawood-Opp-Railway-Station-Vile-Parle-West/022PXX22-XX22-140902172813-S7R2_BZDET?xid=TXVtYmFpIEdlbmVyYWwgU3RvcmVzIEp1aHU=,Juhu

Shree Viraj Co Near Jain Temple Andheri West,1.6 KM,3.5,6 Votes,"Anuradha, A, Shop-7, Irla Bridge, S V Road, Andheri West, Mumbai - 400058, Near Jain Temple",https://www.justdial.com/Mumbai/Shree-Viraj-Co-Near-Jain-Temple-Andheri-West/022P1207223187U4T2X7_BZDET?xid=TXVtYmFpIEdlbmVyYWwgU3RvcmVzIEp1aHU=,Juhu

Central General Stores Opp STN Baba Gavde Compound Vile Parle East,1.61 KM,4.1,13 Votes,"Shop No 3 Old Market, M G Road, Vile Parle East, Mumbai - 400057, Opp STN, Baba Gavde Compound",https://www.justdial.com/Mumbai/Central-General-Stores-Opp-STN-Baba-Gavde-Compound-Vile-Parle-East/022P1001616_BZDET?xid=TXVtYmFpIEdlbmVyYWwgU3RvcmVzIEp1aHU=,Juhu

New Gajora Brothers Near Mahalaxmi Mandir Vile Parle East,1.71 KM,4.2,17 Votes,"Shop-11, Suryaniwas Apartment, Ram Mandir Road, Vile Parle East, Mumbai - 400057, Near Mahalaxmi Mandir",https://www.justdial.com/Mumbai/New-Gajora-Brothers-Near-Mahalaxmi-Mandir-Vile-Parle-East/022PXX22-XX22-151031123439-A2E9_BZDET?xid=TXVtYmFpIEdlbmVyYWwgU3RvcmVzIEp1aHU=,Juhu

Khirani Stores Near Vishwakarma Hall Vile Parle West,1.34 KM,4.2,15 Votes,"Shop No 5, Kailash Sadan Building, Bajaj Road, Vile Parle West, Mumbai - 400056, Near Vishwakarma Hall",https://www.justdial.com/Mumbai/Khirani-Stores-Near-Vishwakarma-Hall-Vile-Parle-West/022PXX22-XX22-150909152409-M8W4_BZDET?xid=TXVtYmFpIEdlbmVyYWwgU3RvcmVzIEp1aHU=,Juhu

Golden Medico Surgical Near Milan Subway Signal Santacruz West,1.51 KM,4.0,36 Votes,"Shop No. 19,Rizvi Park, CHS Ltd, S. V. Road, Santacruz West, Mumbai - 400054, Near Milan Subway Signal",https://www.justdial.com/Mumbai/Golden-Medico-Surgical-Near-Milan-Subway-Signal-Santacruz-West/022PXX22-XX22-120314192432-E4S9_BZDET?xid=TXVtYmFpIEdlbmVyYWwgU3RvcmVzIEp1aHU=,Juhu

Prabhu General Store Near Ram Mandir Vile Parle East,1.66 KM,4.4,7 Votes,"4 Harileela Building, Vile Parle East, Mumbai - 400057, Near Ram Mandir",https://www.justdial.com/Mumbai/Prabhu-General-Store-Near-Ram-Mandir-Vile-Parle-East/022PF003200_BZDET?xid=TXVtYmFpIEdlbmVyYWwgU3RvcmVzIEp1aHU=,Juhu

Karamshi Velji Next to Wagh Hospital Vile Parle East,1.85 KM,4.2,20 Votes,"Shop No-1, Vijay Shanti Niwas, Prathana Samaj Road, Vile Parle East, Mumbai - 400057, Next to Wagh Hospital",https://www.justdial.com/Mumbai/Karamshi-Velji-Next-to-Wagh-Hospital-Vile-Parle-East/022P1924535_BZDET?xid=TXVtYmFpIEdlbmVyYWwgU3RvcmVzIEp1aHU=,Juhu

New Central Society Opposite BMC Office Vile Parle East,1.92 KM,3.9,21 Votes,"Shop No.1, Vireshwar Prakash Society, Nehru Road, Vile Parle East, Mumbai - 400057, Opposite BMC Office",https://www.justdial.com/Mumbai/New-Central-Society-Opposite-BMC-Office-Vile-Parle-East/022P1925647_BZDET?xid=TXVtYmFpIEdlbmVyYWwgU3RvcmVzIEp1aHU=,Juhu

Shree Nityanand Medical General Store Near Bhuta High School Vile Parle East,1.98 KM,4.0,14 Votes,"Shop No.08-A, Saurabh Shahaji Raje Marg, Vile Parle East, Mumbai - 400057, Near Bhuta High School",https://www.justdial.com/Mumbai/Shree-Nityanand-Medical-General-Store-Near-Bhuta-High-School-Vile-Parle-East/022PXX22-XX22-000792773118-A2B4_BZDET?xid=TXVtYmFpIEdlbmVyYWwgU3RvcmVzIEp1aHU=,Juhu

Priya Super Store Juhu Scheme Vile Parle West,1.03 KM,4.2,44 Votes,"Shop No-04, BMC Market, N S Road No-06, Vile Parle West, Mumbai - 400056, Juhu Scheme",https://www.justdial.com/Mumbai/Priya-Super-Store-Juhu-Scheme-Vile-Parle-West/022PXX22-XX22-130111191845-W6V1_BZDET?xid=TXVtYmFpIEdlbmVyYWwgU3RvcmVzIEp1aHU=,Juhu

Span Medico Opposite Bank Of Baroda Vile Parle West,1.24 KM,4.4,7 Votes,"7/A Kanta Niwas, D.J. Road, Vile Parle West, Mumbai - 400056, Opposite Bank Of Baroda",https://www.justdial.com/Mumbai/Span-Medico-Opposite-Bank-Of-Baroda-Vile-Parle-West/022P5486068_BZDET?xid=TXVtYmFpIEdlbmVyYWwgU3RvcmVzIEp1aHU=,Juhu

V K General Store Near Laxmi Narayan Temple Vile Parle West,1.36 KM,4.1,13 Votes,"9 Nandan Villa, Ansari Road, Vile Parle West, Mumbai - 400056, Near Laxmi Narayan Temple",https://www.justdial.com/Mumbai/V-K-General-Store-Near-Laxmi-Narayan-Temple-Vile-Parle-West/022P1925066_BZDET?xid=TXVtYmFpIEdlbmVyYWwgU3RvcmVzIEp1aHU=,Juhu

Vile Parle Bakery Near Railway Station Vile Parle East,1.44 KM,4.3,14 Votes,"Plot No.240, Shop No. 53, Tejpal Road, Vile Parle East, Mumbai - 400057, Near Railway Station",https://www.justdial.com/Mumbai/Vile-Parle-Bakery-Near-Railway-Station-Vile-Parle-East/022PXX22-XX22-170220124456-P9Y3_BZDET?xid=TXVtYmFpIEdlbmVyYWwgU3RvcmVzIEp1aHU=,Juhu

Krishna Medico General Stores Opposite Khira Nagar Santacruz West,1.72 KM,3.7,10 Votes,"Shop No 3, Nabu Mistry Chawl, S V Road, Santacruz West, Mumbai - 400054, Opposite Khira Nagar",https://www.justdial.com/Mumbai/Krishna-Medico-General-Stores-Opposite-Khira-Nagar-Santacruz-West/022P1004107_BZDET?xid=TXVtYmFpIEdlbmVyYWwgU3RvcmVzIEp1aHU=,Juhu

Mugbath Grahak Sahakari Mandal Swami Samarth Nagar Girgaon,0.6 KM,3.6,5 Votes,"Tatya Gharpure Marg, Girgaon, Mumbai - 400004, Swami Samarth Nagar",https://www.justdial.com/Mumbai/Mugbath-Grahak-Sahakari-Mandal-Swami-Samarth-Nagar-Girgaon/022PK041051_BZDET?xid=TXVtYmFpIEdyb2NlcnkgU3RvcmVzIEthbGJhZGV2aQ==,Kalbadevi

Om Prakash General Stores Kamathipura mumbai Central,0.04 KM,4.4,7 Votes,"Shop 9, Murgiwala Chawl, M R Road, 12th Lane, Kamathipura-mumbai Central, Mumbai - 400008",https://www.justdial.com/Mumbai/Om-Prakash-General-Stores-Kamathipura-mumbai-Central/022PXX22-XX22-130117140429-W6U7_BZDET?xid=TXVtYmFpIEdlbmVyYWwgU3RvcmVzIEthbWF0aGlwdXJhIE11bWJhaSBDZW50cmFs,Kamathipura

Lifeline Medical General Stores Near Do Tank Mumbai Central,0.41 KM,4.5,9 Votes,"A 238, Tahir Manzil, Maulana Azad Road, Mumbai Central, Mumbai - 400008, Near Do Tank",https://www.justdial.com/Mumbai/Lifeline-Medical-General-Stores-Near-Do-Tank-Mumbai-Central/022P1226420356Z6I9N6_BZDET?xid=TXVtYmFpIEdlbmVyYWwgU3RvcmVzIEthbWF0aGlwdXJhIE11bWJhaSBDZW50cmFs,Kamathipura

Chheda General Store Mumbai Central,0.72 KM,4.2,9 Votes,"Shop No V8/T10, Dalal Estate, Belasis Road, Mumbai Central, Mumbai - 400008",https://www.justdial.com/Mumbai/Chheda-General-Store-Mumbai-Central/022PF003587_BZDET?xid=TXVtYmFpIEdlbmVyYWwgU3RvcmVzIEthbWF0aGlwdXJhIE11bWJhaSBDZW50cmFs,Kamathipura

Praveen Medicals Near JJ Hospital Do Taki,0.77 KM,4.0,7 Votes,"Shop No 1, Princess Bldng, Babulal Tank Road, Do Taki, Mumbai - 400008, Near JJ Hospital",https://www.justdial.com/Mumbai/Praveen-Medicals-Near-JJ-Hospital-Do-Taki/022PXX22-XX22-140522170344-P7K7_BZDET?xid=TXVtYmFpIEdlbmVyYWwgU3RvcmVzIEthbWF0aGlwdXJhIE11bWJhaSBDZW50cmFs,Kamathipura

Shree Paras Medical Store Opp JJ Hospital Do Taki,0.81 KM,4.8,6 Votes,"Gate No 9, Princess Building, 135,Babulal Tank Road, Do Taki, Mumbai - 400008, Opp JJ Hospital",https://www.justdial.com/Mumbai/Shree-Paras-Medical-Store-Opp-JJ-Hospital-Do-Taki/022PF002299_BZDET?xid=TXVtYmFpIEdlbmVyYWwgU3RvcmVzIEthbWF0aGlwdXJhIE11bWJhaSBDZW50cmFs,Kamathipura

Modi Cigarette Centre Opposite Raj Oil Mills Near Alexander Cinema Nagpada mumbai Central,0.14 KM,4.5,17 Votes,"Shop No 231, Haji Kasam Building /, Bellasis Road,, Nagpada-mumbai Central, Mumbai - 400008, Opposite Raj Oil Mills, Near Alexander Cinema",https://www.justdial.com/Mumbai/Modi-Cigarette-Centre-Opposite-Raj-Oil-Mills-Near-Alexander-Cinema-Nagpada-mumbai-Central/022PK057284_BZDET?xid=TXVtYmFpIEdlbmVyYWwgU3RvcmVzIEthbWF0aGlwdXJhIE11bWJhaSBDZW50cmFs,Kamathipura

Gokul Medical General Stores Behind Saidham Temple Thakur Complex Kandivali East,0.23 KM,4.2,121 Votes,"Shop No 2, Bhagirathi Bhavan, Asha Nagar Road, Kandivali East, Mumbai - 400101, Behind Saidham Temple,Thakur Complex",https://www.justdial.com/Mumbai/Gokul-Medical-General-Stores-Behind-Saidham-Temple-Thakur-Complex-Kandivali-East/022P8950129_BZDET?xid=TXVtYmFpIEdlbmVyYWwgU3RvcmVzIEthbmRpdmFsaSBFYXN0,Kandivali east

Pinky Provision General Stores Behind Saidham Mandir Western Express Highway Thakur Complex kandivali East,0.29 KM,4.0,12 Votes,"Shop No 3, AMI Building, Asha Nagar Road, Thakur Complex-kandivali East, Mumbai - 400101, Behind Saidham Mandir, Western Express Highway",https://www.justdial.com/Mumbai/Pinky-Provision-General-Stores-Behind-Saidham-Mandir-Western-Express-Highway-Thakur-Complex-kandivali-East/022P1918607_BZDET?xid=TXVtYmFpIEdlbmVyYWwgU3RvcmVzIEthbmRpdmFsaSBFYXN0,Kandivali east

Welcome Medical General Store Behind Saidham Mandir Thakur Complex kandivali East,0.28 KM,4.3,24 Votes,"Shop No 6, AMI Aprtmant, Asha Nagar Road, Thakur Complex-kandivali East, Mumbai - 400101, Behind-Saidham Mandir",https://www.justdial.com/Mumbai/Welcome-Medical-General-Store-Behind-Saidham-Mandir-Thakur-Complex-kandivali-East/022PXX22-XX22-120417010341-A1J7_BZDET?xid=TXVtYmFpIEdlbmVyYWwgU3RvcmVzIEthbmRpdmFsaSBFYXN0,Kandivali east

Hari Om General Stores Opp Pizza Hut Kandivali East,0.77 KM,3.5,18 Votes,"Shop No 43. Shree Ganesh Aangan CHS Ltd, Thakur Village, Kandivali East, Mumbai - 400101, Opp Pizza Hut",https://www.justdial.com/Mumbai/Hari-Om-General-Stores-Opp-Pizza-Hut-Kandivali-East/022PXX22-XX22-120806064453-W5J1_BZDET?xid=TXVtYmFpIEdlbmVyYWwgU3RvcmVzIEthbmRpdmFsaSBFYXN0,Kandivali east

Bhanu Medical General Store Opposite Thakur Vidhaya Mandir School Thakur Complex kandivali East,0.23 KM,4.4,73 Votes,"Shop No 1, Avon Plaza, Thakur Complex-kandivali East, Mumbai - 400101, Opposite Thakur Vidhaya Mandir School",https://www.justdial.com/Mumbai/Bhanu-Medical-General-Store-Opposite-Thakur-Vidhaya-Mandir-School-Thakur-Complex-kandivali-East/022P8125310_BZDET?xid=TXVtYmFpIEdlbmVyYWwgU3RvcmVzIEthbmRpdmFsaSBFYXN0,Kandivali east

Ashirwad Medical General Store Opposite Box 8 Thakur Village kandivali East,0.82 KM,4.2,26 Votes,"Shop No 12, Shree Ganesh Aangan Cooperative Housing Society Ltd, Thakur Village-kandivali East, Mumbai - 400101, Opposite Box 8",https://www.justdial.com/Mumbai/Ashirwad-Medical-General-Store-Opposite-Box-8-Thakur-Village-kandivali-East/022P8011609_BZDET?xid=TXVtYmFpIEdlbmVyYWwgU3RvcmVzIEthbmRpdmFsaSBFYXN0,Kandivali east

Nayak General Stores Near 90 Feet Road Thakur Complex Kandivali East,0.35 KM,3.6,7 Votes,"Shop No 9, Satyam Apartment, Thakur Complex-Kandivali East, Mumbai - 400101, Near 90 Feet Road",https://www.justdial.com/Mumbai/Nayak-General-Stores-Near-90-Feet-Road-Thakur-Complex-Kandivali-East/022PXX22-XX22-140518003338-F4A2_BZDET?xid=TXVtYmFpIEdlbmVyYWwgU3RvcmVzIEthbmRpdmFsaSBFYXN0,Kandivali east

Pooja Medical General Stores Near Thakur House Kandivali East,1.33 KM,3.9,26 Votes,"Shop No1, Nagvekar Apartment, Akurli Road, Kandivali East, Mumbai - 400101, Near Thakur House",https://www.justdial.com/Mumbai/Pooja-Medical-General-Stores-Near-Thakur-House-Kandivali-East/022PXX22-XX22-120309191828-K4V2_BZDET?xid=TXVtYmFpIEdlbmVyYWwgU3RvcmVzIEthbmRpdmFsaSBFYXN0,Kandivali east

Metro Chemist Opposite Bank Of Baroda Thakur Village kandivali East,0.93 KM,4.0,72 Votes,"Shop No 87, Building No 43 Emp, Thakur Village-kandivali East, Mumbai - 400101, Opposite Bank Of Baroda",https://www.justdial.com/Mumbai/Metro-Chemist-Opposite-Bank-Of-Baroda-Thakur-Village-kandivali-East/022PXX22-XX22-120402235314-I9Q4_BZDET?xid=TXVtYmFpIEdlbmVyYWwgU3RvcmVzIEthbmRpdmFsaSBFYXN0,Kandivali east

Vithal Chemist General Store Opposite Kalpataru Tower Kandivali East,1.28 KM,4.3,17 Votes,"Shop No 2, Alkapuri Co Operative Housing Society, Akruli Cross Road No 3, Kandivali East, Mumbai - 400101, Opposite Kalpataru Tower",https://www.justdial.com/Mumbai/Vithal-Chemist-General-Store-Opposite-Kalpataru-Tower-Kandivali-East/022PXX22-XX22-120814100027-Q7W6_BZDET?xid=TXVtYmFpIEdlbmVyYWwgU3RvcmVzIEthbmRpdmFsaSBFYXN0,Kandivali east

JAI Hind Dal Mill Opposite Municipal School Kandivali East,1.54 KM,3.8,21 Votes,"547 Ponseca Chawl, Akurli Road, Kandivali East, Mumbai - 400101, Opposite Municipal School",https://www.justdial.com/Mumbai/JAI-Hind-Dal-Mill-Opposite-Municipal-School-Kandivali-East/022PXX22-XX22-001122051694-G5E1_BZDET?xid=TXVtYmFpIEdlbmVyYWwgU3RvcmVzIEthbmRpdmFsaSBFYXN0,Kandivali east

Vondh Stores Near Highway Thakur Complex Kandivali East,0.39 KM,3.8,62 Votes,"Shop No 9, Anant Apartments, Thakur Complex, Thakur Complex-Kandivali East, Mumbai - 400101, Near Highway",https://www.justdial.com/Mumbai/Vondh-Stores-Near-Highway-Thakur-Complex-Kandivali-East/022P1918993_BZDET?xid=TXVtYmFpIEdlbmVyYWwgU3RvcmVzIEthbmRpdmFsaSBFYXN0,Kandivali east

Mahalaxmi Super Market Opp Thakur Cinema Kandivali East,0.82 KM,4.0,6 Votes,"Shop No.9, 120ft Road, Vasant Sagar Complex, Thakur Village, Kandivali East, Mumbai - 400101, Opp. Thakur Cinema",https://www.justdial.com/Mumbai/Mahalaxmi-Super-Market-Opp-Thakur-Cinema-Kandivali-East/022PXX22-XX22-150403164716-J4N8_BZDET?xid=TXVtYmFpIEdlbmVyYWwgU3RvcmVzIEthbmRpdmFsaSBFYXN0,Kandivali east

Shree Rajeshwar Medical General Stores Opposite Thakur House Ashok Nagar Kandivali East,1.46 KM,5.0,5 Votes,"Shop No 4, Sai Sadan, Ashok Chakravarthy Road,, Kandivali East, Mumbai - 400101, Opposite Thakur House, Ashok Nagar",https://www.justdial.com/Mumbai/Shree-Rajeshwar-Medical-General-Stores-Opposite-Thakur-House-Ashok-Nagar-Kandivali-East/022PXX22-XX22-120312195458-S9I3_BZDET?xid=TXVtYmFpIEdlbmVyYWwgU3RvcmVzIEthbmRpdmFsaSBFYXN0,Kandivali east

Rai Brothers General Stores Opp Gokul Hospital Kandivali East,0.07 KM,4.0,9 Votes,"Shop No-7, Gokul Plaza, Thakur Compelx, Kandivali East, Mumbai - 400101, Opp Gokul Hospital",https://www.justdial.com/Mumbai/Rai-Brothers-General-Stores-Opp-Gokul-Hospital-Kandivali-East/022P1224601759M1Y4X1_BZDET?xid=TXVtYmFpIEdlbmVyYWwgU3RvcmVzIEthbmRpdmFsaSBFYXN0,Kandivali east

Marsi Green Mart Kandivali East,0.08 KM,5.0,5 Votes,"Shop Number 8, Gokul Regency 1, Asha Nagar, Kandivali East, Mumbai - 400101",https://www.justdial.com/Mumbai/Marsi-Green-Mart-Kandivali-East/022PXX22-XX22-200705145028-T3N8_BZDET?xid=TXVtYmFpIEdlbmVyYWwgU3RvcmVzIEthbmRpdmFsaSBFYXN0,Kandivali east

Raj Supermarket Near Avenue Hotel Thakur Complex Kandivali East,0.26 KM,3.7,87 Votes,"Shop No 13,E 3 Highway Park, Asha Nagar Road, Kandivali East, Mumbai - 400101, Near Avenue Hotel,Thakur Complex",https://www.justdial.com/Mumbai/Raj-Supermarket-Near-Avenue-Hotel-Thakur-Complex-Kandivali-East/022PXX22-XX22-110902102953-C9Y3_BZDET?xid=TXVtYmFpIEdlbmVyYWwgU3RvcmVzIEthbmRpdmFsaSBFYXN0,Kandivali east

Shop Save Supermarket Near Cambridge High School Kandivali East,0.33 KM,3.5,9 Votes,"Shop No 4,5,6 A/1 Saraf Choudhari Nagar, Kandivali East, Mumbai - 400101, Near Cambridge High School",https://www.justdial.com/Mumbai/Shop-Save-Supermarket-Near-Cambridge-High-School-Kandivali-East/022PXX22-XX22-190611115635-B4C5_BZDET?xid=TXVtYmFpIEdlbmVyYWwgU3RvcmVzIEthbmRpdmFsaSBFYXN0,Kandivali east